pmid,doi,pmcid,in_pmc,in_epmc,open_access,fulltext_urls,supplementary_urls,supplementary_count
42030617,10.1016/j.compbiolchem.2026.109071,,N,N,N,https://doi.org/10.1016/j.compbiolchem.2026.109071:Subscription required,,0
42493447,,,N,N,N,,,0
42576531,10.2174/0109298673470246260702000813,,N,N,N,https://doi.org/10.2174/0109298673470246260702000813:Subscription required,,0
42500328,10.34133/csbj.0139,,N,N,N,https://doi.org/10.34133/csbj.0139:Subscription required,,0
42482080,10.1186/s12967-026-08681-2,,N,N,N,https://doi.org/10.1186/s12967-026-08681-2:Subscription required,,0
42436798,10.21037/tau-2026-1-0147,,N,N,N,https://doi.org/10.21037/tau-2026-1-0147:Subscription required,,0
42421957,10.3389/fimmu.2026.1846096,,N,N,N,https://doi.org/10.3389/fimmu.2026.1846096:Subscription required,,0
42215586,10.1038/s41598-026-55438-4,,N,N,N,https://doi.org/10.1038/s41598-026-55438-4:Subscription required,,0
42244509,10.62347/rkhd2558,PMC13231244,Y,Y,N,https://doi.org/10.62347/RKHD2558:Subscription required | https://europepmc.org/articles/PMC13231244:Free | https://europepmc.org/articles/PMC13231244?pdf=render:Free | https://doi.org/10.62347/rkhd2558:Free,,0
42059994,10.1007/s12672-026-05111-z,PMC13272733,Y,Y,Y,https://doi.org/10.1007/s12672-026-05111-z:Subscription required | https://europepmc.org/articles/PMC13272733:Open access | https://europepmc.org/articles/PMC13272733?pdf=render:Open access,,0
41992284,10.1186/s13062-026-00785-5,PMC13214285,Y,Y,Y,https://doi.org/10.1186/s13062-026-00785-5:Subscription required | https://europepmc.org/articles/PMC13214285:Open access | https://europepmc.org/articles/PMC13214285?pdf=render:Open access,,0
41981124,10.1038/s41698-026-01417-x,PMC13269820,Y,Y,Y,https://doi.org/10.1038/s41698-026-01417-x:Subscription required | https://europepmc.org/articles/PMC13269820:Open access | https://europepmc.org/articles/PMC13269820?pdf=render:Open access,,0
42052292,10.3389/fbioe.2026.1773551,PMC13111456,Y,Y,Y,https://doi.org/10.3389/fbioe.2026.1773551:Subscription required | https://europepmc.org/articles/PMC13111456:Open access | https://europepmc.org/articles/PMC13111456?pdf=render:Open access,,0
41870815,10.1007/s12672-026-04851-2,PMC13133299,Y,Y,Y,https://doi.org/10.1007/s12672-026-04851-2:Subscription required | https://europepmc.org/articles/PMC13133299:Open access | https://europepmc.org/articles/PMC13133299?pdf=render:Open access,,0
41862905,10.1186/s12967-026-08010-7,PMC13126897,Y,Y,Y,https://doi.org/10.1186/s12967-026-08010-7:Subscription required | https://europepmc.org/articles/PMC13126897:Open access | https://europepmc.org/articles/PMC13126897?pdf=render:Open access,,0
41971137,10.21037/tau-2025-aw-780,PMC13062870,Y,Y,Y,https://doi.org/10.21037/tau-2025-aw-780:Subscription required | https://europepmc.org/articles/PMC13062870:Open access | https://europepmc.org/articles/PMC13062870?pdf=render:Open access,,0
41809788,10.21037/tau-2025-710,PMC12968909,Y,Y,Y,https://doi.org/10.21037/tau-2025-710:Subscription required | https://europepmc.org/articles/PMC12968909:Open access | https://europepmc.org/articles/PMC12968909?pdf=render:Open access,,0
41809777,10.21037/tau-2025-1-970,PMC12968932,Y,Y,Y,https://doi.org/10.21037/tau-2025-1-970:Subscription required | https://europepmc.org/articles/PMC12968932:Open access | https://europepmc.org/articles/PMC12968932?pdf=render:Open access,,0
41836241,10.3389/fonc.2026.1754912,PMC12982074,Y,Y,Y,https://doi.org/10.3389/fonc.2026.1754912:Subscription required | https://europepmc.org/articles/PMC12982074:Open access | https://europepmc.org/articles/PMC12982074?pdf=render:Open access,,0
41689016,10.1186/s12906-026-05279-5,PMC13005377,Y,Y,Y,https://doi.org/10.1186/s12906-026-05279-5:Subscription required | https://europepmc.org/articles/PMC13005377:Open access | https://europepmc.org/articles/PMC13005377?pdf=render:Open access,,0
41582171,10.1186/s40246-026-00918-x,PMC12914921,Y,Y,Y,https://doi.org/10.1186/s40246-026-00918-x:Subscription required | https://europepmc.org/articles/PMC12914921:Open access | https://europepmc.org/articles/PMC12914921?pdf=render:Open access,,0
41533176,10.1007/s12672-026-04440-3,PMC12891303,Y,Y,Y,https://doi.org/10.1007/s12672-026-04440-3:Subscription required | https://europepmc.org/articles/PMC12891303:Open access | https://europepmc.org/articles/PMC12891303?pdf=render:Open access,,0
41584451,10.3389/fmolb.2025.1716130,PMC12824457,Y,Y,Y,https://doi.org/10.3389/fmolb.2025.1716130:Subscription required | https://europepmc.org/articles/PMC12824457:Open access | https://europepmc.org/articles/PMC12824457?pdf=render:Open access,,0
41507856,10.1186/s12894-026-02046-z,PMC12882559,Y,Y,Y,https://doi.org/10.1186/s12894-026-02046-z:Subscription required | https://europepmc.org/articles/PMC12882559:Open access | https://europepmc.org/articles/PMC12882559?pdf=render:Open access,,0
42159275,10.1177/18758592261449024,PMC13191138,Y,Y,Y,https://doi.org/10.1177/18758592261449024:Subscription required | https://europepmc.org/articles/PMC13191138:Open access | https://europepmc.org/articles/PMC13191138?pdf=render:Open access,,0
41505248,10.1002/cam4.71477,PMC12782153,Y,Y,Y,https://doi.org/10.1002/cam4.71477:Subscription required | https://europepmc.org/articles/PMC12782153:Open access | https://europepmc.org/articles/PMC12782153?pdf=render:Open access,,0
41337795,10.1016/j.cyto.2025.157084,,N,N,N,https://doi.org/10.1016/j.cyto.2025.157084:Subscription required,,0
40994220,10.1002/mc.70042,,N,N,N,https://doi.org/10.1002/mc.70042:Subscription required,,0
41357226,10.3389/fimmu.2025.1607222,PMC12675356,Y,Y,Y,https://doi.org/10.3389/fimmu.2025.1607222:Subscription required | https://europepmc.org/articles/PMC12675356:Open access | https://europepmc.org/articles/PMC12675356?pdf=render:Open access,,0
41252049,10.1007/s12672-025-03927-9,PMC12627312,Y,Y,Y,https://doi.org/10.1007/s12672-025-03927-9:Subscription required | https://europepmc.org/articles/PMC12627312:Open access | https://europepmc.org/articles/PMC12627312?pdf=render:Open access,,0
41216727,10.1080/10255842.2025.2585143,,N,N,N,https://doi.org/10.1080/10255842.2025.2585143:Subscription required,,0
41198839,10.1038/s41598-025-22803-8,PMC12592699,Y,Y,Y,https://doi.org/10.1038/s41598-025-22803-8:Subscription required | https://europepmc.org/articles/PMC12592699:Open access | https://europepmc.org/articles/PMC12592699?pdf=render:Open access,,0
40816225,10.1016/j.tranon.2025.102490,PMC12392321,Y,Y,Y,https://doi.org/10.1016/j.tranon.2025.102490:Subscription required | https://europepmc.org/articles/PMC12392321:Open access | https://europepmc.org/articles/PMC12392321?pdf=render:Open access,,0
40918470,10.32604/or.2025.064331,PMC12408864,Y,Y,Y,https://doi.org/10.32604/or.2025.064331:Subscription required | https://europepmc.org/articles/PMC12408864:Open access | https://europepmc.org/articles/PMC12408864?pdf=render:Open access,,0
40779729,10.1200/cci-25-00019,PMC12360192,Y,Y,Y,https://doi.org/10.1200/CCI-25-00019:Subscription required | https://europepmc.org/articles/PMC12360192:Open access | https://europepmc.org/articles/PMC12360192?pdf=render:Open access,,0
40735323,10.3389/fimmu.2025.1585727,PMC12303948,Y,Y,Y,https://doi.org/10.3389/fimmu.2025.1585727:Subscription required | https://europepmc.org/articles/PMC12303948:Open access | https://europepmc.org/articles/PMC12303948?pdf=render:Open access,,0
39690336,10.1007/s12094-024-03832-7,,N,N,N,https://doi.org/10.1007/s12094-024-03832-7:Subscription required,,0
40574864,10.3389/fimmu.2025.1604394,PMC12198250,Y,Y,Y,https://doi.org/10.3389/fimmu.2025.1604394:Subscription required | https://europepmc.org/articles/PMC12198250:Open access | https://europepmc.org/articles/PMC12198250?pdf=render:Open access,,0
40500142,10.1080/10255842.2025.2516767,,N,N,N,https://doi.org/10.1080/10255842.2025.2516767:Subscription required,,0
40442298,10.1038/s41598-025-03974-w,PMC12122888,Y,Y,Y,https://doi.org/10.1038/s41598-025-03974-w:Subscription required | https://europepmc.org/articles/PMC12122888:Open access | https://europepmc.org/articles/PMC12122888?pdf=render:Open access,,0
40520868,10.62347/abzg4705,PMC12163458,Y,Y,N,https://doi.org/10.62347/ABZG4705:Subscription required | https://europepmc.org/articles/PMC12163458:Free | https://europepmc.org/articles/PMC12163458?pdf=render:Free | https://doi.org/10.62347/abzg4705:Free,,0
40438104,10.3389/fimmu.2025.1593523,PMC12116251,Y,Y,Y,https://doi.org/10.3389/fimmu.2025.1593523:Subscription required | https://europepmc.org/articles/PMC12116251:Open access | https://europepmc.org/articles/PMC12116251?pdf=render:Open access,,0
40348840,10.1007/s12672-025-02581-5,PMC12065698,Y,Y,Y,https://doi.org/10.1007/s12672-025-02581-5:Free | https://doi.org/10.1007/s12672-025-02581-5:Subscription required | https://europepmc.org/articles/PMC12065698:Open access | https://europepmc.org/articles/PMC12065698?pdf=render:Open access,,0
40319103,10.1038/s42003-025-08094-9,PMC12049545,Y,Y,Y,https://doi.org/10.1038/s42003-025-08094-9:Subscription required | https://europepmc.org/articles/PMC12049545:Open access | https://europepmc.org/articles/PMC12049545?pdf=render:Open access,,0
40376515,10.21037/tau-2024-688,PMC12076236,Y,Y,Y,https://doi.org/10.21037/tau-2024-688:Subscription required | https://europepmc.org/articles/PMC12076236:Open access | https://europepmc.org/articles/PMC12076236?pdf=render:Open access,,0
40427675,10.3390/biology14050486,PMC12109300,Y,Y,Y,https://doi.org/10.3390/biology14050486:Subscription required | https://europepmc.org/articles/PMC12109300:Open access | https://europepmc.org/articles/PMC12109300?pdf=render:Open access,,0
40330458,10.3389/fimmu.2025.1572034,,N,N,N,https://doi.org/10.3389/fimmu.2025.1572034:Subscription required,,0
39269596,10.1007/s12094-024-03719-7,,N,N,N,https://doi.org/10.1007/s12094-024-03719-7:Subscription required,,0
40097551,10.1038/s41598-025-93674-2,PMC11914693,Y,Y,Y,https://doi.org/10.1038/s41598-025-93674-2:Free | https://doi.org/10.1038/s41598-025-93674-2:Subscription required | https://europepmc.org/articles/PMC11914693:Open access | https://europepmc.org/articles/PMC11914693?pdf=render:Open access,,0
40018511,10.1177/11769351251323569,PMC11866393,Y,Y,Y,https://doi.org/10.1177/11769351251323569:Free | https://doi.org/10.1177/11769351251323569:Subscription required | https://europepmc.org/articles/PMC11866393:Open access | https://europepmc.org/articles/PMC11866393?pdf=render:Open access,,0
39739621,10.1002/advs.202410998,PMC11831474,Y,Y,Y,https://doi.org/10.1002/advs.202410998:Subscription required | https://europepmc.org/articles/PMC11831474:Open access | https://europepmc.org/articles/PMC11831474?pdf=render:Open access,,0
39603145,10.1016/j.clgc.2024.102262,,N,N,N,https://doi.org/10.1016/j.clgc.2024.102262:Subscription required,,0
39991573,10.7150/jca.105066,PMC11843231,Y,Y,Y,https://doi.org/10.7150/jca.105066:Open access | https://doi.org/10.7150/jca.105066:Subscription required | https://europepmc.org/articles/PMC11843231:Open access | https://europepmc.org/articles/PMC11843231?pdf=render:Open access,,0
39867879,10.3389/fimmu.2024.1430583,PMC11757262,Y,Y,Y,https://doi.org/10.3389/fimmu.2024.1430583:Subscription required | https://europepmc.org/articles/PMC11757262:Open access | https://europepmc.org/articles/PMC11757262?pdf=render:Open access,,0
39708127,10.1007/s00262-024-03839-7,PMC11663206,Y,Y,Y,https://doi.org/10.1007/s00262-024-03839-7:Open access | https://doi.org/10.1007/s00262-024-03839-7:Subscription required | https://europepmc.org/articles/PMC11663206:Open access | https://europepmc.org/articles/PMC11663206?pdf=render:Open access,,0
39759522,10.3389/fimmu.2024.1522582,PMC11695344,Y,Y,Y,https://doi.org/10.3389/fimmu.2024.1522582:Subscription required | https://europepmc.org/articles/PMC11695344:Open access | https://europepmc.org/articles/PMC11695344?pdf=render:Open access,,0
39749345,10.3389/fimmu.2024.1493528,PMC11693660,Y,Y,Y,https://doi.org/10.3389/fimmu.2024.1493528:Subscription required | https://europepmc.org/articles/PMC11693660:Open access | https://europepmc.org/articles/PMC11693660?pdf=render:Open access,,0
39503984,10.1007/s12672-024-01505-z,PMC11541995,Y,Y,Y,https://doi.org/10.1007/s12672-024-01505-z:Free | https://doi.org/10.1007/s12672-024-01505-z:Subscription required | https://europepmc.org/articles/PMC11541995:Open access | https://europepmc.org/articles/PMC11541995?pdf=render:Open access,,0
39368544,10.1016/j.biocel.2024.106672,,N,N,N,https://doi.org/10.1016/j.biocel.2024.106672:Subscription required,,0
39507864,10.21037/tau-24-456,PMC11535731,Y,Y,Y,https://doi.org/10.21037/tau-24-456:Free | https://doi.org/10.21037/tau-24-456:Subscription required | https://europepmc.org/articles/PMC11535731:Open access | https://europepmc.org/articles/PMC11535731?pdf=render:Open access,,0
39432593,10.1097/md.0000000000040133,PMC11495766,Y,Y,Y,https://doi.org/10.1097/MD.0000000000040133:Subscription required | https://europepmc.org/articles/PMC11495766:Open access | https://europepmc.org/articles/PMC11495766?pdf=render:Open access,,0
39343809,10.1038/s41598-024-73422-8,PMC11439906,Y,Y,Y,https://doi.org/10.1038/s41598-024-73422-8:Free | https://doi.org/10.1038/s41598-024-73422-8:Subscription required | https://europepmc.org/articles/PMC11439906:Open access | https://europepmc.org/articles/PMC11439906?pdf=render:Open access,,0
39160525,10.1186/s12885-024-12790-w,PMC11331755,Y,Y,Y,https://doi.org/10.1186/s12885-024-12790-w:Subscription required | https://europepmc.org/articles/PMC11331755:Open access | https://europepmc.org/articles/PMC11331755?pdf=render:Open access,,0
39115575,10.1007/s12672-024-01219-2,PMC11310377,Y,Y,Y,https://doi.org/10.1007/s12672-024-01219-2:Subscription required | https://europepmc.org/articles/PMC11310377:Open access | https://europepmc.org/articles/PMC11310377?pdf=render:Open access,,0
39033098,10.1186/s12935-024-03447-6,PMC11264995,Y,Y,Y,https://doi.org/10.1186/s12935-024-03447-6:Subscription required | https://europepmc.org/articles/PMC11264995:Open access | https://europepmc.org/articles/PMC11264995?pdf=render:Open access,,0
39033778,10.18632/aging.206021,PMC11315389,Y,Y,Y,https://doi.org/10.18632/aging.206021:Open access | https://doi.org/10.18632/aging.206021:Subscription required | https://europepmc.org/articles/PMC11315389:Open access | https://europepmc.org/articles/PMC11315389?pdf=render:Open access,,0
38735911,10.1007/s12672-024-01008-x,PMC11089032,Y,Y,Y,https://doi.org/10.1007/s12672-024-01008-x:Subscription required | https://europepmc.org/articles/PMC11089032:Open access | https://europepmc.org/articles/PMC11089032?pdf=render:Open access,,0
38701267,10.1097/md.0000000000038005,PMC11062696,Y,Y,Y,https://doi.org/10.1097/MD.0000000000038005:Subscription required | https://europepmc.org/articles/PMC11062696:Open access | https://europepmc.org/articles/PMC11062696?pdf=render:Open access,,0
38714517,10.4111/icu.20230300,PMC11076800,Y,Y,Y,https://doi.org/10.4111/icu.20230300:Open access | https://doi.org/10.4111/icu.20230300:Subscription required | https://europepmc.org/articles/PMC11076800:Open access | https://europepmc.org/articles/PMC11076800?pdf=render:Open access,,0
38507521,10.18632/aging.205686,PMC11006495,Y,Y,Y,https://doi.org/10.18632/aging.205686:Subscription required | https://europepmc.org/articles/PMC11006495:Open access | https://europepmc.org/articles/PMC11006495?pdf=render:Open access,,0
38439961,10.1016/j.isci.2024.109179,PMC10910238,Y,Y,Y,https://doi.org/10.1016/j.isci.2024.109179:Subscription required | https://europepmc.org/articles/PMC10910238:Open access | https://europepmc.org/articles/PMC10910238?pdf=render:Open access,,0
38356551,10.1016/j.heliyon.2024.e25573,PMC10864973,Y,Y,Y,https://doi.org/10.1016/j.heliyon.2024.e25573:Subscription required | https://europepmc.org/articles/PMC10864973:Open access | https://europepmc.org/articles/PMC10864973?pdf=render:Open access,,0
38332160,10.1038/s41598-024-53272-0,PMC10853254,Y,Y,Y,https://www.nature.com/articles/s41598-024-53272-0.pdf:Open access | https://doi.org/10.1038/s41598-024-53272-0:Subscription required | https://europepmc.org/articles/PMC10853254:Open access | https://europepmc.org/articles/PMC10853254?pdf=render:Open access,,0
38305808,10.18632/aging.205499,PMC10911378,Y,Y,Y,https://www.aging-us.com/article/205499/pdf:Open access | https://doi.org/10.18632/aging.205499:Subscription required | https://europepmc.org/articles/PMC10911378:Open access | https://europepmc.org/articles/PMC10911378?pdf=render:Open access,,0
37594617,10.1007/s12094-023-03270-x,,N,N,N,https://doi.org/10.1007/s12094-023-03270-x:Subscription required,,0
38273010,10.1038/s41598-024-52573-8,PMC10811216,Y,Y,Y,https://doi.org/10.1038/s41598-024-52573-8:Subscription required | https://europepmc.org/articles/PMC10811216:Open access | https://europepmc.org/articles/PMC10811216?pdf=render:Open access,,0
38268861,10.2147/ijgm.s438501,PMC10806343,Y,Y,Y,https://www.dovepress.com/getfile.php?fileID=96083:Open access | https://doi.org/10.2147/IJGM.S438501:Subscription required | https://europepmc.org/articles/PMC10806343:Open access | https://europepmc.org/articles/PMC10806343?pdf=render:Open access,,0
38172584,10.1038/s41598-023-50740-x,PMC10764961,Y,Y,Y,https://doi.org/10.1038/s41598-023-50740-x:Subscription required | https://europepmc.org/articles/PMC10764961:Open access | https://europepmc.org/articles/PMC10764961?pdf=render:Open access,,0
38306023,10.3233/cbm-230216,PMC11091654,Y,Y,Y,https://doi.org/10.3233/CBM-230216:Subscription required | https://europepmc.org/articles/PMC11091654:Open access | https://europepmc.org/articles/PMC11091654?pdf=render:Open access,,0
38282152,10.1002/jgm.3651,,N,N,N,https://doi.org/10.1002/jgm.3651:Subscription required,,0
37849225,10.2174/0113862073256363230929200157,,N,N,N,https://doi.org/10.2174/0113862073256363230929200157:Subscription required,,0
38049825,10.1186/s12894-023-01382-8,PMC10694890,Y,Y,Y,https://bmcurol.biomedcentral.com/counter/pdf/10.1186/s12894-023-01382-8:Open access | https://doi.org/10.1186/s12894-023-01382-8:Subscription required | https://europepmc.org/articles/PMC10694890:Open access | https://europepmc.org/articles/PMC10694890?pdf=render:Open access,,0
37968767,10.1186/s40001-023-01496-7,PMC10647093,Y,Y,Y,https://eurjmedres.biomedcentral.com/counter/pdf/10.1186/s40001-023-01496-7:Open access | https://doi.org/10.1186/s40001-023-01496-7:Subscription required | https://europepmc.org/articles/PMC10647093:Open access | https://europepmc.org/articles/PMC10647093?pdf=render:Open access,,0
37965307,10.3389/fimmu.2023.1213947,PMC10641729,Y,Y,Y,https://www.frontiersin.org/articles/10.3389/fimmu.2023.1213947/pdf?isPublishedV2=False:Open access | https://doi.org/10.3389/fimmu.2023.1213947:Subscription required | https://europepmc.org/articles/PMC10641729:Open access | https://europepmc.org/articles/PMC10641729?pdf=render:Open access,,0
37919060,10.31083/j.fbl2810242,,N,N,N,https://doi.org/10.31083/j.fbl2810242:Subscription required,,0
37807731,10.19723/j.issn.1671-167x.2023.05.004,PMC10560892,Y,Y,N,https://europepmc.org/articles/PMC10560892:Free | https://europepmc.org/articles/PMC10560892?pdf=render:Free | https://doi.org/10.19723/j.issn.1671-167x.2023.05.004:Free,,0
37845668,10.1186/s12894-023-01331-5,PMC10577908,Y,Y,Y,https://bmcurol.biomedcentral.com/counter/pdf/10.1186/s12894-023-01331-5:Open access | https://doi.org/10.1186/s12894-023-01331-5:Subscription required | https://europepmc.org/articles/PMC10577908:Open access | https://europepmc.org/articles/PMC10577908?pdf=render:Open access,,0
37876438,10.1016/j.heliyon.2023.e21058,PMC10590981,Y,Y,Y,https://doi.org/10.1016/j.heliyon.2023.e21058:Open access | https://doi.org/10.1016/j.heliyon.2023.e21058:Subscription required | https://europepmc.org/articles/PMC10590981:Open access | https://europepmc.org/articles/PMC10590981?pdf=render:Open access,,0
37747262,10.18632/aging.205022,PMC10564431,Y,Y,Y,https://doi.org/10.18632/aging.205022:Subscription required | https://europepmc.org/articles/PMC10564431:Open access | https://europepmc.org/articles/PMC10564431?pdf=render:Open access,,0
37745978,10.1515/med-2023-0773,PMC10512444,Y,Y,Y,https://www.degruyter.com/document/doi/10.1515/med-2023-0773/pdf:Open access | https://doi.org/10.1515/med-2023-0773:Subscription required | https://europepmc.org/articles/PMC10512444:Open access | https://europepmc.org/articles/PMC10512444?pdf=render:Open access,,0
37244876,10.1007/s00432-023-04881-1,PMC11797720,Y,Y,N,https://www.ncbi.nlm.nih.gov/pmc/articles/11797720:Free | https://doi.org/10.1007/s00432-023-04881-1:Subscription required | https://europepmc.org/articles/PMC11797720:Free | https://europepmc.org/articles/PMC11797720?pdf=render:Free | https://doi.org/10.1007/s00432-023-04881-1:Free,,0
37588995,10.1515/biol-2022-0682,PMC10426760,Y,Y,Y,https://doi.org/10.1515/biol-2022-0682:Subscription required | https://europepmc.org/articles/PMC10426760:Open access | https://europepmc.org/articles/PMC10426760?pdf=render:Open access,,0
37578544,10.1007/s00011-023-01772-6,,N,N,N,https://doi.org/10.1007/s00011-023-01772-6:Subscription required,,0
37301098,10.1016/j.compbiomed.2023.106976,,N,N,N,https://doi.org/10.1016/j.compbiomed.2023.106976:Subscription required,,0
37423913,10.1007/s10142-023-01163-4,,N,N,N,https://doi.org/10.21203/rs.3.rs-2774929/v1:Free | https://doi.org/10.1007/s10142-023-01163-4:Subscription required,,0
37379131,10.18632/aging.204753,PMC10333061,Y,Y,Y,https://www.aging-us.com/article/204753/pdf:Open access | https://doi.org/10.18632/aging.204753:Subscription required | https://europepmc.org/articles/PMC10333061:Open access | https://europepmc.org/articles/PMC10333061?pdf=render:Open access,,0
37283097,10.3724/zdxbyxb-2022-0539,PMC10409915,Y,Y,Y,https://doi.org/10.3724/zdxbyxb-2022-0539:Open access | https://doi.org/10.3724/zdxbyxb-2022-0539:Subscription required | https://europepmc.org/articles/PMC10409915:Open access | https://europepmc.org/articles/PMC10409915?pdf=render:Open access,,0
37152941,10.3389/fendo.2023.1180404,PMC10154596,Y,Y,Y,https://www.frontiersin.org/articles/10.3389/fendo.2023.1180404/pdf:Open access | https://doi.org/10.3389/fendo.2023.1180404:Subscription required | https://europepmc.org/articles/PMC10154596:Open access | https://europepmc.org/articles/PMC10154596?pdf=render:Open access,,0
37064115,10.3389/fonc.2023.972558,PMC10090514,Y,Y,Y,https://www.frontiersin.org/articles/10.3389/fonc.2023.972558/pdf:Open access | https://doi.org/10.3389/fonc.2023.972558:Subscription required | https://europepmc.org/articles/PMC10090514:Open access | https://europepmc.org/articles/PMC10090514?pdf=render:Open access,,0
36973645,10.1186/s12859-023-05241-z,PMC10041757,Y,Y,Y,https://bmcbioinformatics.biomedcentral.com/counter/pdf/10.1186/s12859-023-05241-z:Open access | https://doi.org/10.1186/s12859-023-05241-z:Subscription required | https://europepmc.org/articles/PMC10041757:Open access | https://europepmc.org/articles/PMC10041757?pdf=render:Open access,,0
36579659,10.3892/mmr.2022.12925,PMC9827344,Y,Y,Y,https://doi.org/10.3892/mmr.2022.12925:Subscription required | https://europepmc.org/articles/PMC9827344:Open access | https://europepmc.org/articles/PMC9827344?pdf=render:Open access,,0
36206128,10.1097/cad.0000000000001399,PMC9815815,Y,Y,Y,https://journals.lww.com/anti-cancerdrugs/Fulltext/2023/02000/Identification_and_validation_of_RB1_as_an.8.aspx:Open access | https://doi.org/10.1097/CAD.0000000000001399:Subscription required | https://europepmc.org/articles/PMC9815815:Open access | https://europepmc.org/articles/PMC9815815?pdf=render:Open access,,0
36777726,10.3389/fgene.2023.1062060,PMC9908994,Y,Y,Y,https://doi.org/10.3389/fgene.2023.1062060:Subscription required | https://europepmc.org/articles/PMC9908994:Open access | https://europepmc.org/articles/PMC9908994?pdf=render:Open access,,0
38073378,10.3233/cbm-230190,PMC12412879,Y,Y,N,https://doi.org/10.3233/CBM-230190:Subscription required | https://europepmc.org/articles/PMC12412879:Free | https://europepmc.org/articles/PMC12412879?pdf=render:Free | https://doi.org/10.3233/cbm-230190:Free,,0
36455365,10.1016/j.prp.2022.154233,,N,N,N,https://doi.org/10.1016/j.prp.2022.154233:Subscription required,,0
36620542,10.3389/fonc.2022.1081091,PMC9815449,Y,Y,Y,https://doi.org/10.3389/fonc.2022.1081091:Subscription required | https://europepmc.org/articles/PMC9815449:Open access | https://europepmc.org/articles/PMC9815449?pdf=render:Open access,,0
36527532,10.1007/s10142-022-00936-7,,N,N,N,https://doi.org/10.1007/s10142-022-00936-7:Subscription required,,0
36568387,10.3389/fgene.2022.1057302,PMC9780475,Y,Y,Y,https://www.frontiersin.org/articles/10.3389/fgene.2022.1057302/pdf:Open access | https://doi.org/10.3389/fgene.2022.1057302:Subscription required | https://europepmc.org/articles/PMC9780475:Open access | https://europepmc.org/articles/PMC9780475?pdf=render:Open access,,0
36454396,10.1007/s12672-022-00596-w,PMC9715909,Y,Y,Y,https://link.springer.com/content/pdf/10.1007/s12672-022-00596-w.pdf:Open access | https://doi.org/10.1007/s12672-022-00596-w:Subscription required | https://europepmc.org/articles/PMC9715909:Open access | https://europepmc.org/articles/PMC9715909?pdf=render:Open access,,0
36505302,,PMC9730090,Y,Y,N,https://europepmc.org/articles/PMC9730090:Free | https://europepmc.org/articles/PMC9730090?pdf=render:Free,,0
36358715,10.3390/cancers14215295,PMC9654607,Y,Y,Y,https://www.mdpi.com/2072-6694/14/21/5295/pdf?version=1667879778:Open access | https://doi.org/10.3390/cancers14215295:Subscription required | https://europepmc.org/articles/PMC9654607:Open access | https://europepmc.org/articles/PMC9654607?pdf=render:Open access,,0
36300085,10.3389/fonc.2022.1018285,PMC9589509,Y,Y,Y,https://doi.org/10.3389/fonc.2022.1018285:Open access | https://doi.org/10.3389/fonc.2022.1018285:Subscription required | https://europepmc.org/articles/PMC9589509:Open access | https://europepmc.org/articles/PMC9589509?pdf=render:Open access,,0
35918812,10.1093/jnci/djac140,PMC9552307,Y,Y,N,https://www.ncbi.nlm.nih.gov/pmc/articles/9552307:Free | https://doi.org/10.1093/jnci/djac140:Subscription required | https://europepmc.org/articles/PMC9552307:Free | https://europepmc.org/articles/PMC9552307?pdf=render:Free | https://doi.org/10.1093/jnci/djac140:Free,,0
36211821,10.1155/2022/4754935,PMC9537622,Y,Y,Y,https://doi.org/10.1155/2022/4754935:Subscription required | https://europepmc.org/articles/PMC9537622:Open access | https://europepmc.org/articles/PMC9537622?pdf=render:Open access,,0
36211359,10.3389/fimmu.2022.970949,PMC9539738,Y,Y,Y,https://doi.org/10.3389/fimmu.2022.970949:Open access | https://doi.org/10.3389/fimmu.2022.970949:Subscription required | https://europepmc.org/articles/PMC9539738:Open access | https://europepmc.org/articles/PMC9539738?pdf=render:Open access,,0
36186809,10.3389/fmed.2022.979542,PMC9515318,Y,Y,Y,https://doi.org/10.3389/fmed.2022.979542:Subscription required | https://europepmc.org/articles/PMC9515318:Open access | https://europepmc.org/articles/PMC9515318?pdf=render:Open access,,0
36186475,10.3389/fgene.2022.990326,PMC9515487,Y,Y,Y,https://www.frontiersin.org/articles/10.3389/fgene.2022.990326/pdf:Open access | https://doi.org/10.3389/fgene.2022.990326:Subscription required | https://europepmc.org/articles/PMC9515487:Open access | https://europepmc.org/articles/PMC9515487?pdf=render:Open access,,0
36158580,10.3389/fmolb.2022.1009168,PMC9493074,Y,Y,Y,https://doi.org/10.3389/fmolb.2022.1009168:Subscription required | https://europepmc.org/articles/PMC9493074:Open access | https://europepmc.org/articles/PMC9493074?pdf=render:Open access,,0
35949618,10.3892/ol.2022.13421,PMC9353228,Y,Y,Y,https://doi.org/10.3892/ol.2022.13421:Subscription required | https://europepmc.org/articles/PMC9353228:Open access | https://europepmc.org/articles/PMC9353228?pdf=render:Open access,,0
36118856,10.3389/fgene.2022.952369,PMC9471150,Y,Y,Y,https://www.frontiersin.org/articles/10.3389/fgene.2022.952369/pdf:Open access | https://doi.org/10.3389/fgene.2022.952369:Subscription required | https://europepmc.org/articles/PMC9471150:Open access | https://europepmc.org/articles/PMC9471150?pdf=render:Open access,,0
35730624,10.3892/mmr.2022.12777,,N,N,N,https://doi.org/10.3892/mmr.2022.12777:Subscription required,,0
35958598,10.3389/fimmu.2022.931906,PMC9360490,Y,Y,Y,https://doi.org/10.3389/fimmu.2022.931906:Subscription required | https://europepmc.org/articles/PMC9360490:Open access | https://europepmc.org/articles/PMC9360490?pdf=render:Open access,,0
35846128,10.3389/fgene.2022.928778,PMC9279929,Y,Y,Y,https://www.frontiersin.org/articles/10.3389/fgene.2022.928778/pdf:Open access | https://doi.org/10.3389/fgene.2022.928778:Subscription required | https://europepmc.org/articles/PMC9279929:Open access | https://europepmc.org/articles/PMC9279929?pdf=render:Open access,,0
35784457,10.3389/fcell.2022.915798,PMC9247554,Y,Y,Y,https://www.frontiersin.org/articles/10.3389/fcell.2022.915798/pdf:Open access | https://doi.org/10.3389/fcell.2022.915798:Subscription required | https://europepmc.org/articles/PMC9247554:Open access | https://europepmc.org/articles/PMC9247554?pdf=render:Open access,,0
35769470,10.3389/fimmu.2022.911902,PMC9234272,Y,Y,Y,https://doi.org/10.3389/fimmu.2022.911902:Subscription required | https://europepmc.org/articles/PMC9234272:Open access | https://europepmc.org/articles/PMC9234272?pdf=render:Open access,,0
34426176,10.1016/j.euo.2021.07.003,,N,N,N,https://doi.org/10.1016/j.euo.2021.07.003:Subscription required,,0
35626146,10.3390/cancers14102542,PMC9140126,Y,Y,Y,https://doi.org/10.3390/cancers14102542:Subscription required | https://europepmc.org/articles/PMC9140126:Open access | https://europepmc.org/articles/PMC9140126?pdf=render:Open access,,0
35646934,10.3389/fcell.2022.775417,PMC9133907,Y,Y,Y,https://doi.org/10.3389/fcell.2022.775417:Subscription required | https://europepmc.org/articles/PMC9133907:Open access | https://europepmc.org/articles/PMC9133907?pdf=render:Open access,,0
35600386,10.3389/fonc.2022.908832,PMC9121792,Y,Y,Y,https://www.frontiersin.org/articles/10.3389/fonc.2022.908832/pdf:Open access | https://doi.org/10.3389/fonc.2022.908832:Subscription required | https://europepmc.org/articles/PMC9121792:Open access | https://europepmc.org/articles/PMC9121792?pdf=render:Open access,,0
35169299,10.1038/s41417-022-00438-5,,N,N,N,https://doi.org/10.1038/s41417-022-00438-5:Subscription required,,0
35440045,10.1186/s12935-022-02575-1,PMC9019982,Y,Y,Y,https://cancerci.biomedcentral.com/track/pdf/10.1186/s12935-022-02575-1:Open access | https://doi.org/10.1186/s12935-022-02575-1:Subscription required | https://europepmc.org/articles/PMC9019982:Open access | https://europepmc.org/articles/PMC9019982?pdf=render:Open access,,0
35480865,10.1155/2022/3170950,PMC9038413,Y,Y,Y,https://doi.org/10.1155/2022/3170950:Subscription required | https://europepmc.org/articles/PMC9038413:Open access | https://europepmc.org/articles/PMC9038413?pdf=render:Open access,,0
35300137,10.2147/ijgm.s348945,PMC8922338,Y,Y,Y,https://www.dovepress.com/getfile.php?fileID=78924:Open access | https://doi.org/10.2147/IJGM.S348945:Subscription required | https://europepmc.org/articles/PMC8922338:Open access | https://europepmc.org/articles/PMC8922338?pdf=render:Open access,,0
35309900,10.3389/fcell.2022.837849,PMC8927776,Y,Y,Y,https://doi.org/10.3389/fcell.2022.837849:Subscription required | https://europepmc.org/articles/PMC8927776:Open access | https://europepmc.org/articles/PMC8927776?pdf=render:Open access,,0
35299749,10.3389/fonc.2022.818860,PMC8921452,Y,Y,Y,https://www.frontiersin.org/articles/10.3389/fonc.2022.818860/pdf:Open access | https://doi.org/10.3389/fonc.2022.818860:Subscription required | https://europepmc.org/articles/PMC8921452:Open access | https://europepmc.org/articles/PMC8921452?pdf=render:Open access,,0
35281080,10.3389/fcell.2022.814735,PMC8905247,Y,Y,Y,https://doi.org/10.3389/fcell.2022.814735:Open access | https://doi.org/10.3389/fcell.2022.814735:Subscription required | https://europepmc.org/articles/PMC8905247:Open access | https://europepmc.org/articles/PMC8905247?pdf=render:Open access,,0
35265613,10.3389/fcell.2022.810272,PMC8899848,Y,Y,Y,https://www.frontiersin.org/articles/10.3389/fcell.2022.810272/pdf:Open access | https://doi.org/10.3389/fcell.2022.810272:Subscription required | https://europepmc.org/articles/PMC8899848:Open access | https://europepmc.org/articles/PMC8899848?pdf=render:Open access,,0
35243106,10.1016/j.heliyon.2022.e08994,PMC8873598,Y,Y,Y,https://doi.org/10.1016/j.heliyon.2022.e08994:Subscription required | https://europepmc.org/articles/PMC8873598:Open access | https://europepmc.org/articles/PMC8873598?pdf=render:Open access,,0
35205125,10.3390/biology11020259,PMC8869209,Y,Y,Y,https://www.mdpi.com/2079-7737/11/2/259/pdf?version=1644566281:Open access | https://doi.org/10.3390/biology11020259:Subscription required | https://europepmc.org/articles/PMC8869209:Open access | https://europepmc.org/articles/PMC8869209?pdf=render:Open access,,0
35125116,10.1186/s41065-021-00212-x,PMC8819906,Y,Y,Y,https://hereditasjournal.biomedcentral.com/counter/pdf/10.1186/s41065-021-00212-x:Open access | https://doi.org/10.1186/s41065-021-00212-x:Subscription required | https://europepmc.org/articles/PMC8819906:Open access | https://europepmc.org/articles/PMC8819906?pdf=render:Open access,,0
34644219,10.1080/07357907.2021.1991944,,N,N,N,https://figshare.com/ndownloader/files/31157018:Open access | https://doi.org/10.1080/07357907.2021.1991944:Subscription required,,0
35092511,10.1007/s12032-021-01635-2,,N,N,N,https://doi.org/10.1007/s12032-021-01635-2:Subscription required,,0
35127296,10.7717/peerj.12843,PMC8796709,Y,Y,Y,https://doi.org/10.7717/peerj.12843:Subscription required | https://europepmc.org/articles/PMC8796709:Open access | https://europepmc.org/articles/PMC8796709?pdf=render:Open access,,0
35141159,10.3389/fonc.2022.774307,PMC8818872,Y,Y,Y,https://www.frontiersin.org/articles/10.3389/fonc.2022.774307/pdf:Open access | https://doi.org/10.3389/fonc.2022.774307:Subscription required | https://europepmc.org/articles/PMC8818872:Open access | https://europepmc.org/articles/PMC8818872?pdf=render:Open access,,0
34530089,10.1016/j.gene.2021.145966,,N,N,N,https://doi.org/10.1016/j.gene.2021.145966:Open access | https://doi.org/10.1016/j.gene.2021.145966:Subscription required,,0
35023971,10.2147/cmar.s346240,PMC8743383,Y,Y,Y,https://www.dovepress.com/getfile.php?fileID=77347:Open access | https://doi.org/10.2147/CMAR.S346240:Subscription required | https://europepmc.org/articles/PMC8743383:Open access | https://europepmc.org/articles/PMC8743383?pdf=render:Open access,,0
35027921,10.1155/2021/7056506,PMC8749226,Y,Y,Y,https://downloads.hindawi.com/journals/ppar/2021/7056506.pdf:Open access | https://doi.org/10.1155/2021/7056506:Subscription required | https://europepmc.org/articles/PMC8749226:Open access | https://europepmc.org/articles/PMC8749226?pdf=render:Open access,,0
33459039,10.1080/21691401.2020.1865994,,N,N,N,https://www.tandfonline.com/doi/pdf/10.1080/21691401.2020.1865994?needAccess=true:Open access | https://doi.org/10.1080/21691401.2020.1865994:Subscription required,,0
34849009,10.2147/ijgm.s339996,PMC8627284,Y,Y,Y,https://www.dovepress.com/getfile.php?fileID=76057:Open access | https://doi.org/10.2147/IJGM.S339996:Subscription required | https://europepmc.org/articles/PMC8627284:Open access | https://europepmc.org/articles/PMC8627284?pdf=render:Open access,,0
34802433,10.1186/s12885-021-08981-4,PMC8607649,Y,Y,Y,https://bmccancer.biomedcentral.com/track/pdf/10.1186/s12885-021-08981-4:Open access | https://doi.org/10.1186/s12885-021-08981-4:Subscription required | https://europepmc.org/articles/PMC8607649:Open access | https://europepmc.org/articles/PMC8607649?pdf=render:Open access,,0
34803395,10.2147/ijgm.s337735,PMC8594790,Y,Y,Y,https://doi.org/10.2147/IJGM.S337735:Subscription required | https://europepmc.org/articles/PMC8594790:Open access | https://europepmc.org/articles/PMC8594790?pdf=render:Open access,,0
34706720,10.1186/s12944-021-01554-1,PMC8549165,Y,Y,Y,https://doi.org/10.1186/s12944-021-01554-1:Subscription required | https://europepmc.org/articles/PMC8549165:Open access | https://europepmc.org/articles/PMC8549165?pdf=render:Open access,,0
34512722,10.3389/fgene.2021.696912,PMC8429908,Y,Y,Y,https://doi.org/10.3389/fgene.2021.696912:Subscription required | https://europepmc.org/articles/PMC8429908:Open access | https://europepmc.org/articles/PMC8429908?pdf=render:Open access,,0
34418989,10.1186/s12885-021-08687-7,PMC8380338,Y,Y,Y,https://doi.org/10.1186/s12885-021-08687-7:Subscription required | https://europepmc.org/articles/PMC8380338:Open access | https://europepmc.org/articles/PMC8380338?pdf=render:Open access,,0
34490263,10.3389/fcell.2021.712230,PMC8417704,Y,Y,Y,https://doi.org/10.3389/fcell.2021.712230:Subscription required | https://europepmc.org/articles/PMC8417704:Open access | https://europepmc.org/articles/PMC8417704?pdf=render:Open access,,0
34404901,10.1038/s41598-021-96373-w,PMC8370985,Y,Y,Y,https://www.nature.com/articles/s41598-021-96373-w.pdf:Open access | https://doi.org/10.1038/s41598-021-96373-w:Subscription required | https://europepmc.org/articles/PMC8370985:Open access | https://europepmc.org/articles/PMC8370985?pdf=render:Open access,,0
34422642,10.3389/fonc.2021.686044,PMC8378228,Y,Y,Y,https://doi.org/10.3389/fonc.2021.686044:Open access | https://doi.org/10.3389/fonc.2021.686044:Subscription required | https://europepmc.org/articles/PMC8378228:Open access | https://europepmc.org/articles/PMC8378228?pdf=render:Open access,,0
34339395,10.18632/aging.203353,PMC8386527,Y,Y,Y,https://doi.org/10.18632/aging.203353:Subscription required | https://europepmc.org/articles/PMC8386527:Open access | https://europepmc.org/articles/PMC8386527?pdf=render:Open access,,0
34329197,10.18632/aging.203333,PMC8386543,Y,Y,Y,https://doi.org/10.18632/aging.203333:Open access | https://doi.org/10.18632/aging.203333:Subscription required | https://europepmc.org/articles/PMC8386543:Open access | https://europepmc.org/articles/PMC8386543?pdf=render:Open access,,0
34368227,10.3389/fmolb.2021.688298,PMC8334560,Y,Y,Y,https://doi.org/10.3389/fmolb.2021.688298:Subscription required | https://europepmc.org/articles/PMC8334560:Open access | https://europepmc.org/articles/PMC8334560?pdf=render:Open access,,0
34266411,10.1186/s12885-021-08486-0,PMC8281685,Y,Y,Y,https://doi.org/10.1186/s12885-021-08486-0:Subscription required | https://europepmc.org/articles/PMC8281685:Open access | https://europepmc.org/articles/PMC8281685?pdf=render:Open access,,0
34112144,10.1186/s12885-021-08447-7,PMC8194149,Y,Y,Y,https://doi.org/10.1186/s12885-021-08447-7:Subscription required | https://europepmc.org/articles/PMC8194149:Open access | https://europepmc.org/articles/PMC8194149?pdf=render:Open access,,0
34095228,10.3389/fmolb.2021.675651,PMC8175978,Y,Y,Y,https://doi.org/10.3389/fmolb.2021.675651:Subscription required | https://europepmc.org/articles/PMC8175978:Open access | https://europepmc.org/articles/PMC8175978?pdf=render:Open access,,0
33985530,10.1186/s12967-021-02865-8,PMC8117567,Y,Y,Y,https://translational-medicine.biomedcentral.com/counter/pdf/10.1186/s12967-021-02865-8:Open access | https://doi.org/10.1186/s12967-021-02865-8:Subscription required | https://europepmc.org/articles/PMC8117567:Open access | https://europepmc.org/articles/PMC8117567?pdf=render:Open access,,0
33962639,10.1186/s12935-021-01954-4,PMC8103571,Y,Y,Y,https://doi.org/10.1186/s12935-021-01954-4:Subscription required | https://europepmc.org/articles/PMC8103571:Open access | https://europepmc.org/articles/PMC8103571?pdf=render:Open access,,0
33779704,10.1042/bsr20204456,PMC8035626,Y,Y,Y,https://portlandpress.com/bioscirep/article-pdf/41/4/BSR20204456/907018/bsr-2020-4456.pdf:Open access | https://doi.org/10.1042/BSR20204456:Subscription required | https://europepmc.org/articles/PMC8035626:Open access | https://europepmc.org/articles/PMC8035626?pdf=render:Open access,,0
33925460,10.3390/biology10050375,PMC8146553,Y,Y,Y,https://www.mdpi.com/2079-7737/10/5/375/pdf:Open access | https://doi.org/10.3390/biology10050375:Subscription required | https://europepmc.org/articles/PMC8146553:Open access | https://europepmc.org/articles/PMC8146553?pdf=render:Open access,,0
33937319,10.3389/fmolb.2021.607090,PMC8082411,Y,Y,Y,https://doi.org/10.3389/fmolb.2021.607090:Open access | https://doi.org/10.3389/fmolb.2021.607090:Subscription required | https://europepmc.org/articles/PMC8082411:Open access | https://europepmc.org/articles/PMC8082411?pdf=render:Open access,,0
33535616,10.3390/ijms22031450,PMC7867154,Y,Y,Y,https://www.mdpi.com/1422-0067/22/3/1450/pdf?version=1612430983:Open access | https://doi.org/10.3390/ijms22031450:Subscription required | https://europepmc.org/articles/PMC7867154:Open access | https://europepmc.org/articles/PMC7867154?pdf=render:Open access,,0
33545950,10.1097/md.0000000000023836,PMC7837905,Y,Y,Y,https://doi.org/10.1097/md.0000000000023836:Open access | https://doi.org/10.1097/MD.0000000000023836:Subscription required | https://europepmc.org/articles/PMC7837905:Open access | https://europepmc.org/articles/PMC7837905?pdf=render:Open access,,0
33096258,10.1016/j.ygeno.2020.10.022,,N,N,N,https://doi.org/10.1016/j.ygeno.2020.10.022:Subscription required,,0
33456631,10.1155/2020/8866730,PMC7785346,Y,Y,Y,https://downloads.hindawi.com/journals/dm/2020/8866730.pdf:Open access | https://doi.org/10.1155/2020/8866730:Subscription required | https://europepmc.org/articles/PMC7785346:Open access | https://europepmc.org/articles/PMC7785346?pdf=render:Open access,,0
33391264,10.3389/fimmu.2020.590618,PMC7774015,Y,Y,Y,https://www.frontiersin.org/articles/10.3389/fimmu.2020.590618/pdf:Open access | https://doi.org/10.3389/fimmu.2020.590618:Subscription required | https://europepmc.org/articles/PMC7774015:Open access | https://europepmc.org/articles/PMC7774015?pdf=render:Open access,,0
33292266,10.1186/s12935-020-01627-8,PMC7643334,Y,Y,Y,https://doi.org/10.1186/s12935-020-01627-8:Subscription required | https://europepmc.org/articles/PMC7643334:Open access | https://europepmc.org/articles/PMC7643334?pdf=render:Open access,,0
33313125,10.21037/atm-20-1102,PMC7723522,Y,Y,Y,https://doi.org/10.21037/atm-20-1102:Subscription required | https://europepmc.org/articles/PMC7723522:Open access | https://europepmc.org/articles/PMC7723522?pdf=render:Open access,,0
32763782,10.1016/j.intimp.2020.106851,,N,N,N,https://doi.org/10.1016/j.intimp.2020.106851:Subscription required,,0
32882873,10.3390/cancers12092476,PMC7563367,Y,Y,Y,https://www.mdpi.com/2072-6694/12/9/2476/pdf?version=1599045044:Open access | https://doi.org/10.3390/cancers12092476:Subscription required | https://europepmc.org/articles/PMC7563367:Open access | https://europepmc.org/articles/PMC7563367?pdf=render:Open access,,0
32805727,10.18632/aging.103718,PMC7467376,Y,Y,Y,https://www.ncbi.nlm.nih.gov/pmc/articles/7467376:Open access | https://doi.org/10.18632/aging.103718:Subscription required | https://europepmc.org/articles/PMC7467376:Open access | https://europepmc.org/articles/PMC7467376?pdf=render:Open access,,0
32441304,10.1042/bsr20194432,PMC7286875,Y,Y,Y,https://portlandpress.com/bioscirep/article-pdf/40/6/BSR20194432/883759/bsr-2019-4432.pdf:Open access | https://doi.org/10.1042/BSR20194432:Subscription required | https://europepmc.org/articles/PMC7286875:Open access | https://europepmc.org/articles/PMC7286875?pdf=render:Open access,,0
32579540,10.18632/aging.103369,PMC7343518,Y,Y,Y,https://doi.org/10.18632/aging.103369:Open access | https://doi.org/10.18632/aging.103369:Subscription required | https://europepmc.org/articles/PMC7343518:Open access | https://europepmc.org/articles/PMC7343518?pdf=render:Open access,,0
32467671,10.1186/s12935-020-01255-2,PMC7238531,Y,Y,Y,https://cancerci.biomedcentral.com/track/pdf/10.1186/s12935-020-01255-2:Open access | https://doi.org/10.1186/s12935-020-01255-2:Subscription required | https://europepmc.org/articles/PMC7238531:Open access | https://europepmc.org/articles/PMC7238531?pdf=render:Open access,,0
32096345,10.1002/cam4.2942,PMC7163112,Y,Y,Y,https://onlinelibrary.wiley.com/doi/pdfdirect/10.1002/cam4.2942:Open access | https://doi.org/10.1002/cam4.2942:Subscription required | https://europepmc.org/articles/PMC7163112:Open access | https://europepmc.org/articles/PMC7163112?pdf=render:Open access,,0
32117435,10.3389/fgene.2020.00012,PMC7013035,Y,Y,Y,https://doi.org/10.3389/fgene.2020.00012:Subscription required | https://europepmc.org/articles/PMC7013035:Open access | https://europepmc.org/articles/PMC7013035?pdf=render:Open access,,0
31894276,10.3892/or.2019.7429,PMC6967157,Y,Y,Y,https://www.spandidos-publications.com/10.3892/or.2019.7429/download:Open access | https://doi.org/10.3892/or.2019.7429:Subscription required | https://europepmc.org/articles/PMC6967157:Open access | https://europepmc.org/articles/PMC6967157?pdf=render:Open access,,0
30642841,10.1158/1055-9965.epi-18-0936,PMC6449217,Y,Y,N,https://cebp.aacrjournals.org/content/cebp/28/4/770.full.pdf:Free | https://doi.org/10.1158/1055-9965.EPI-18-0936:Subscription required | https://europepmc.org/articles/PMC6449217:Free | https://europepmc.org/articles/PMC6449217?pdf=render:Free | https://doi.org/10.1158/1055-9965.epi-18-0936:Free,,0
29729848,10.1016/j.ebiom.2018.04.019,PMC6014579,Y,Y,Y,http://www.thelancet.com/article/S2352396418301476/pdf:Open access | https://doi.org/10.1016/j.ebiom.2018.04.019:Subscription required | https://europepmc.org/articles/PMC6014579:Open access | https://europepmc.org/articles/PMC6014579?pdf=render:Open access,,0
29896284,10.7150/jca.23762,PMC5995946,Y,Y,Y,http://www.jcancer.org/v09p1989.pdf:Open access | https://doi.org/10.7150/jca.23762:Subscription required | https://europepmc.org/articles/PMC5995946:Open access | https://europepmc.org/articles/PMC5995946?pdf=render:Open access,,0
29226853,10.3233/cbm-170314,PMC13078296,Y,Y,N,https://doi.org/10.3233/CBM-170314:Subscription required | https://europepmc.org/articles/PMC13078296:Free | https://europepmc.org/articles/PMC13078296?pdf=render:Free | https://doi.org/10.3233/cbm-170314:Free,,0
30048970,10.1159/000492094,,N,N,N,https://www.karger.com/Article/Pdf/492094:Open access | https://doi.org/10.1159/000492094:Subscription required,,0
28400426,10.1158/1078-0432.ccr-17-0038,,N,N,N,https://clincancerres.aacrjournals.org/content/clincanres/23/16/4761.full.pdf:Open access | https://doi.org/10.1158/1078-0432.CCR-17-0038:Subscription required,,0
29147616,10.1080/2162402x.2017.1358330,PMC5674963,Y,Y,N,https://www.tandfonline.com/doi/pdf/10.1080/2162402X.2017.1358330?needAccess=true:Free | https://doi.org/10.1080/2162402X.2017.1358330:Subscription required | https://europepmc.org/articles/PMC5674963:Free | https://europepmc.org/articles/PMC5674963?pdf=render:Free | https://doi.org/10.1080/2162402x.2017.1358330:Free,,0
26802582,10.1016/j.juro.2016.01.039,PMC4861129,Y,Y,Y,https://doi.org/10.1016/j.juro.2016.01.039:Subscription required | https://europepmc.org/articles/PMC4861129:Open access | https://europepmc.org/articles/PMC4861129?pdf=render:Open access,,0
