dataset,sample,tumor_epithelial_fraction,normal_urothelial_fraction,immune_score,stromal_score
TCGA,TCGA-2F-A9KO-01A-11R-A38B-07,0.14168705066836154,0.11266524585963106,6.490896529895703,9.461680545076216
TCGA,TCGA-2F-A9KP-01A-11R-A38B-07,0.15083358070949043,0.1684129446675162,3.4291841160717644,7.747335476785848
TCGA,TCGA-2F-A9KQ-01A-11R-A38B-07,0.1411328083524178,0.16938657502878154,3.083744746094583,8.678928492602308
TCGA,TCGA-2F-A9KR-01A-11R-A38B-07,0.17400592870291448,0.10758399271135174,4.078370740655695,8.48150154755385
TCGA,TCGA-2F-A9KT-01A-11R-A38B-07,0.18612687537481046,0.14183773823745713,3.3008408103135323,9.069661259212344
TCGA,TCGA-2F-A9KW-01A-11R-A38B-07,0.11797365080944405,0.1415110238707716,4.030443268596182,9.25464773665064
TCGA,TCGA-4Z-AA7M-01A-11R-A39I-07,0.1566366605451714,0.1377485840971584,3.327688955542608,8.826526462648262
TCGA,TCGA-4Z-AA7N-01A-11R-A39I-07,0.11047269391430953,0.09516245724875536,7.121477481073174,10.142176974199058
TCGA,TCGA-4Z-AA7O-01A-31R-A39I-07,0.15109800201509652,0.1330931925009415,5.401928666150825,9.025416675613988
TCGA,TCGA-4Z-AA7Q-01A-11R-A39I-07,0.14052716087696257,0.08077279482690781,6.845486582449803,8.531511987222746
TCGA,TCGA-4Z-AA7R-01A-11R-A39I-07,0.14281770967983684,0.10833710143832849,3.148839773174335,8.950571499666449
TCGA,TCGA-4Z-AA7S-01A-11R-A39I-07,0.1397579724296495,0.14211923245271552,3.9512431487964657,8.154204622424405
TCGA,TCGA-4Z-AA7W-01A-11R-A39I-07,0.1565897521954752,0.08367735705048238,7.180909444421651,8.99316282930197
TCGA,TCGA-4Z-AA7Y-01A-11R-A39I-07,0.17341462646622824,0.1621165711843705,2.495171429821462,7.726509872129147
TCGA,TCGA-4Z-AA80-01A-11R-A39I-07,0.14628826889826946,0.165232291703431,4.039773343798807,7.049198363371234
TCGA,TCGA-4Z-AA81-01A-11R-A39I-07,0.1617976314606735,0.1417281315475823,5.557971009482112,7.619319154950107
TCGA,TCGA-4Z-AA82-01A-11R-A39I-07,0.17441920462905783,0.0725832734645305,4.346425240411036,9.81798374315619
TCGA,TCGA-4Z-AA83-01A-11R-A39I-07,0.1593651796287649,0.11179956305427012,4.098011996952428,9.000664258178173
TCGA,TCGA-4Z-AA84-01A-11R-A39I-07,0.1489620444779033,0.11504915826479856,4.086912836495913,8.544963627348448
TCGA,TCGA-4Z-AA86-01A-11R-A39I-07,0.1507066607883151,0.08068240043965773,6.56711246277156,10.2522784609236
TCGA,TCGA-4Z-AA87-01A-11R-A39I-07,0.12460288949541386,0.16609922530521626,5.479072678788155,8.565967000711565
TCGA,TCGA-4Z-AA89-01A-11R-A39I-07,0.19179362268285385,0.171476506490466,3.702149907137982,6.4970924263662155
TCGA,TCGA-5N-A9KI-01A-31R-A42T-07,0.11307059927078844,0.14399871683193807,5.187131102449845,9.742159720008143
TCGA,TCGA-5N-A9KM-01A-11R-A42T-07,0.13497806652552355,0.1221097193068286,5.1386356836153695,9.369897366302629
TCGA,TCGA-BL-A0C8-01A-11R-A10U-07,0.12462201497204216,0.16560211458590976,3.5409028330817294,8.717209637101668
TCGA,TCGA-BL-A13I-01A-11R-A13Y-07,0.05010349809410035,0.04952138054715021,5.772444390331257,9.258117788762796
TCGA,TCGA-BL-A13J-11A-13R-A10U-07,0.04380077408120179,0.03595157088733558,3.326108133648458,10.603823722974207
TCGA,TCGA-BL-A13J-01A-11R-A10U-07,0.1579714121685799,0.12890013960580937,4.158860805981257,9.998086128742415
TCGA,TCGA-BL-A3JM-01A-12R-A21D-07,0.1212680191731922,0.07585746647504753,4.565285525637899,8.681318968312336
TCGA,TCGA-BL-A5ZZ-01A-31R-A30C-07,0.12506456315094527,0.08887125047529772,5.263137462459943,10.81043413592186
TCGA,TCGA-BT-A0S7-01A-11R-A10U-07,0.15089870526024488,0.0991517684580469,4.674547881041654,9.138874727477305
TCGA,TCGA-BT-A0YX-01A-11R-A10U-07,0.16511372595343363,0.05663606603426813,5.951396896010235,8.766660941406197
TCGA,TCGA-BT-A20J-01A-11R-A14Y-07,0.12538035729226327,0.08974386328540174,6.6884108006912655,8.56571054796201
TCGA,TCGA-BT-A20N-11A-11R-A14Y-07,0.04440307542147164,0.03326163853425165,4.863662497665308,10.711625014865723
TCGA,TCGA-BT-A20N-01A-11R-A14Y-07,0.1778564039663232,0.127568541953527,3.4132382780370234,8.855772672858693
TCGA,TCGA-BT-A20O-01A-21R-A14Y-07,0.06239606944280441,0.029194957329314347,7.937857467018629,9.679206169959997
TCGA,TCGA-BT-A20P-01A-11R-A14Y-07,0.1571688400805812,0.123557681068143,2.937023919390739,8.392679006308516
TCGA,TCGA-BT-A20Q-11A-11R-A14Y-07,0.06539500899439375,0.04951945727688934,2.8953723949219,10.893564441117697
TCGA,TCGA-BT-A20Q-01A-11R-A14Y-07,0.13436187494849566,0.09698940085573733,5.613514339969823,10.271127325930113
TCGA,TCGA-BT-A20R-11A-11R-A16R-07,0.05457962645729825,0.05270631825449825,3.6010881790457545,10.795411804878674
TCGA,TCGA-BT-A20R-01A-12R-A16R-07,0.10464252145213276,0.1407667420359869,4.738483931496366,10.801999203607853
TCGA,TCGA-BT-A20T-01A-11R-A14Y-07,0.15714052855027597,0.12787544358308578,5.174869814614695,10.188128338906564
TCGA,TCGA-BT-A20U-11A-11R-A14Y-07,0.14642185727041412,0.09354995058161117,5.866539193349772,8.685019033080291
TCGA,TCGA-BT-A20U-01A-11R-A14Y-07,0.18048566358667872,0.09467929075567635,4.537229581392561,9.489240650099136
TCGA,TCGA-BT-A20V-01A-11R-A14Y-07,0.17956370936375607,0.12686342453836466,4.594351563850436,7.085674833796878
TCGA,TCGA-BT-A20W-11A-11R-A14Y-07,0.10906838682132354,0.10356765603080341,6.325122518490815,10.848235679065294
TCGA,TCGA-BT-A20W-01A-21R-A14Y-07,0.1192374872703231,0.14437615938475148,5.47908309941999,8.892108882315817
TCGA,TCGA-BT-A20X-01A-11R-A16R-07,0.17961388499708228,0.06513500900179321,5.0033220504282205,9.436741749673194
TCGA,TCGA-BT-A2LA-11A-11R-A18C-07,0.13405176981137085,0.13948577535749052,5.445312159180217,9.264348487602385
TCGA,TCGA-BT-A2LA-01A-11R-A18C-07,0.0769417895995946,0.0722666369132045,3.1218019702772506,8.289820961063368
TCGA,TCGA-BT-A2LB-11A-11R-A18C-07,0.1432032302268113,0.0870308183337942,6.344414800099029,9.300169592985773
TCGA,TCGA-BT-A2LB-01A-11R-A18C-07,0.14093927163814415,0.13999036711850807,5.518396572047914,10.17687937969491
TCGA,TCGA-BT-A2LD-01A-12R-A20F-07,0.15790281494381297,0.11944681494765282,4.929996396708345,9.1562133284956
TCGA,TCGA-BT-A3PH-01A-11R-A220-07,0.14640202334863117,0.1811464976028325,3.2063602388237165,8.804171163037143
TCGA,TCGA-BT-A3PJ-01A-21R-A220-07,0.18606074277800924,0.07009323001250237,5.289070935550663,8.687104003108933
TCGA,TCGA-BT-A3PK-01A-21R-A220-07,0.15355448502650307,0.07941925068925473,4.943775487203515,10.0670726278673
TCGA,TCGA-BT-A42C-01A-11R-A23N-07,0.15589883294906873,0.1538527236183471,3.7822798626716563,7.620807567388892
TCGA,TCGA-BT-A42E-01A-11R-A23W-07,0.189413023444582,0.07201909227252248,5.9643407668037565,8.696834595422313
TCGA,TCGA-BT-A42F-01A-11R-A23W-07,0.13702970036625411,0.05229058537066185,6.8908906332521385,8.734181140816293
TCGA,TCGA-C4-A0EZ-01A-21R-A24X-07,0.15597964680665072,0.10423626822524308,3.2997736034231147,8.688153617646408
TCGA,TCGA-C4-A0F0-01A-12R-A10U-07,0.1801553123527122,0.058492530685593604,4.906778142392942,9.221065035972291
TCGA,TCGA-C4-A0F1-01A-11R-A034-07,0.18569084405395556,0.05787529681013761,4.5050652058773,9.811090986437895
TCGA,TCGA-C4-A0F6-01A-11R-A10U-07,0.15379920540030562,0.13785030395663136,4.745521384472182,9.549804177994412
TCGA,TCGA-C4-A0F7-01A-11R-A084-07,0.18741350021232253,0.10820835385201162,3.28363612921245,9.306945906719989
TCGA,TCGA-CF-A1HR-01A-11R-A13Y-07,0.1283601805841514,0.1363884933824816,5.163367896285306,8.880134784327856
TCGA,TCGA-CF-A1HS-01A-11R-A13Y-07,0.18907570488166026,0.11412839083354068,4.764962843950161,8.647025304167883
TCGA,TCGA-CF-A27C-01A-11R-A16R-07,0.17084440148277868,0.18583091312171646,3.2408508115027814,6.938124552130114
TCGA,TCGA-CF-A3MF-01A-12R-A21D-07,0.16738937845670956,0.16800092039283557,3.4760907209636214,7.771714691635881
TCGA,TCGA-CF-A3MG-01A-11R-A20F-07,0.18434336411701696,0.201646611004229,1.9707811827939619,6.789187525613019
TCGA,TCGA-CF-A3MH-01A-11R-A20F-07,0.17750482794773237,0.16814482868258226,3.2122238172825193,7.236763154076385
TCGA,TCGA-CF-A3MI-01A-11R-A20F-07,0.16003418387018128,0.16486463463764314,3.9460466184071024,8.23410045854755
TCGA,TCGA-CF-A47S-01A-11R-A23W-07,0.15718648951939457,0.15802919832465742,4.253910200417816,7.389408885573256
TCGA,TCGA-CF-A47T-01A-11R-A23W-07,0.18215526678194674,0.16689781857495287,2.7067923092624757,8.667777053066562
TCGA,TCGA-CF-A47V-01A-11R-A23W-07,0.1493722028663691,0.12612669991700748,4.285618529464729,8.495381462948705
TCGA,TCGA-CF-A47W-01A-11R-A23W-07,0.16513241171864051,0.15330136827360277,3.1724257818515342,7.860547461164515
TCGA,TCGA-CF-A47X-01A-31R-A23W-07,0.1328548534899715,0.1814439724598099,3.5306340177647733,7.510767490892773
TCGA,TCGA-CF-A47Y-01A-11R-A23W-07,0.16420793307885373,0.13718074664738886,3.3296940131943176,7.7296990261216365
TCGA,TCGA-CF-A5U8-01A-11R-A28M-07,0.181923576748077,0.18626030873453842,3.2619476539876686,7.483912364579754
TCGA,TCGA-CF-A5UA-01A-11R-A28M-07,0.18156339091641727,0.1280199483768886,3.4726429008334967,7.869628606084549
TCGA,TCGA-CF-A7I0-01A-22R-A352-07,0.11947965451873442,0.14455207649837176,4.873868489010061,9.27152903843584
TCGA,TCGA-CF-A8HX-01A-11R-A36F-07,0.15969213743910204,0.1441410959523805,2.8057970835080415,8.010993136527649
TCGA,TCGA-CF-A8HY-01A-11R-A36F-07,0.16756870187261722,0.13904529522085118,3.4090559019337263,7.92852987010271
TCGA,TCGA-CF-A9FF-01A-11R-A38B-07,0.12329319701854856,0.13905459337071338,5.23167363715357,9.121555506279897
TCGA,TCGA-CF-A9FH-01A-11R-A38B-07,0.17574872782676082,0.16522801429786416,2.529738816489499,7.110053588179703
TCGA,TCGA-CF-A9FL-01A-11R-A38B-07,0.1479572660755613,0.15700544061640034,4.281127114790944,9.64413304204563
TCGA,TCGA-CF-A9FM-01A-11R-A38B-07,0.15728897596928132,0.13671160526625642,3.942977520087196,7.619296388349899
TCGA,TCGA-CU-A0YN-11A-11R-A10U-07,0.04489494231929752,0.047606953045164636,4.3029041634993614,11.56067973570908
TCGA,TCGA-CU-A0YN-01A-21R-A10U-07,0.1581532399277778,0.08014680964442439,5.651103249173559,9.69072252326642
TCGA,TCGA-CU-A0YO-01A-11R-A10U-07,0.13276836987266125,0.1316864377571002,5.216291235793468,9.385812750378504
TCGA,TCGA-CU-A0YR-11A-13R-A10U-07,0.08247967808949036,0.09144982138778196,6.061224795251394,10.769737224211394
TCGA,TCGA-CU-A0YR-01A-12R-A10U-07,0.13195160919674695,0.14482801129465084,5.633164456822892,9.450554667713899
TCGA,TCGA-CU-A3KJ-01A-11R-A21D-07,0.18552676207949134,0.06658776309193207,4.591742165002623,8.383135846033209
TCGA,TCGA-CU-A3QU-01A-11R-A22U-07,0.12294735605185278,0.18437859042621996,3.399864080156841,6.571285658063346
TCGA,TCGA-CU-A3YL-01A-11R-A22U-07,0.1386588971594504,0.15364661901792986,4.37773121203247,8.69142853666215
TCGA,TCGA-CU-A5W6-01A-11R-A28M-07,0.15153124189222852,0.14481330664156136,4.4252324113938775,8.632242150558119
TCGA,TCGA-CU-A72E-01A-12R-A33J-07,0.1671825643818562,0.11785989310845331,4.290497119168294,9.775071240269693
TCGA,TCGA-DK-A1A3-01A-11R-A13Y-07,0.10821569734039732,0.14815131750745486,5.456458477071584,9.683125939788889
TCGA,TCGA-DK-A1A5-01A-11R-A13Y-07,0.1518671474882784,0.11623081756955782,4.422425827570092,10.570475887967032
TCGA,TCGA-DK-A1A6-01A-11R-A13Y-07,0.1325812132284019,0.14024863184325004,5.278154678911076,8.751245023596129
TCGA,TCGA-DK-A1A7-01A-11R-A13Y-07,0.13992687692743794,0.14025320907611608,4.93762025208,8.498191873725423
TCGA,TCGA-DK-A1AA-01A-11R-A13Y-07,0.17362136027669553,0.1467365983742304,3.4936052076500355,8.160317080441082
TCGA,TCGA-DK-A1AB-01A-11R-A13Y-07,0.15422071205446491,0.06463502480223636,5.168338479520729,10.78713780969368
TCGA,TCGA-DK-A1AC-01A-11R-A13Y-07,0.10837844441638099,0.11424023536680822,5.689047277902617,9.31716117443425
TCGA,TCGA-DK-A1AD-01A-11R-A13Y-07,0.13488921690451708,0.1455773989751601,4.861115513342717,9.460888159313942
TCGA,TCGA-DK-A1AE-01A-11R-A13Y-07,0.1768381447359019,0.08528970634576974,3.961580807091777,8.734215258945195
TCGA,TCGA-DK-A1AF-01A-11R-A13Y-07,0.12919487308670116,0.11990790804822195,6.329643765590308,10.620287256213
TCGA,TCGA-DK-A1AG-01A-11R-A13Y-07,0.15529981894977593,0.1365938712101141,4.506174086899698,7.381646166959525
TCGA,TCGA-DK-A2HX-01A-12R-A18C-07,0.08906540433320594,0.1319029870695012,4.744459257305891,10.809759920603213
TCGA,TCGA-DK-A2I1-01A-11R-A180-07,0.10754900385029069,0.14333420305466868,5.953719785982976,10.59931355399664
TCGA,TCGA-DK-A2I2-01A-11R-A180-07,0.1785749047659487,0.07938602220138881,4.998542881224372,9.711731542320777
TCGA,TCGA-DK-A2I4-01A-11R-A21D-07,0.09994036851412874,0.08478309815339215,7.44390768343452,10.119031006786443
TCGA,TCGA-DK-A2I6-01A-12R-A18C-07,0.16129104551153256,0.11633035072960156,3.5067452947136575,8.861626590920546
TCGA,TCGA-DK-A3IK-01A-32R-A21D-07,0.13449255952372163,0.1550205619746412,4.549879762638249,9.695537379622298
TCGA,TCGA-DK-A3IL-01A-11R-A20F-07,0.13417882792172983,0.14542841885179816,3.934367079657443,9.214890077486142
TCGA,TCGA-DK-A3IM-01A-11R-A20F-07,0.23691523578206644,0.0807461191286774,3.172746458557263,7.333379162090695
TCGA,TCGA-DK-A3IN-01A-11R-A20F-07,0.15043461181899473,0.11730707081226883,5.38070492324384,10.147038338717875
TCGA,TCGA-DK-A3IQ-01A-31R-A32Y-07,0.12203201730386522,0.12022503116750835,4.089611161405683,12.116962310273841
TCGA,TCGA-DK-A3IS-01A-21R-A21D-07,0.18063528445700663,0.1625520813703744,3.5990171504283395,7.688293091852425
TCGA,TCGA-DK-A3IT-01A-31R-A20F-07,0.12260973313044678,0.13776644068903615,5.2480695242289634,9.751041707887023
TCGA,TCGA-DK-A3IU-01A-11R-A20F-07,0.13274789720053426,0.08487218246525556,7.8030596700959505,10.510559692825288
TCGA,TCGA-DK-A3IV-01A-22R-A21D-07,0.11900865712547266,0.13941230468708382,5.9878573615233375,7.3142371443937595
TCGA,TCGA-DK-A3WW-01A-22R-A23N-07,0.18403837058824965,0.07442161407558609,6.5020885118902925,8.381047052084963
TCGA,TCGA-DK-A3WX-01A-22R-A22U-07,0.16482723591709622,0.07549460359447806,5.573688197213764,10.079049639228817
TCGA,TCGA-DK-A3WY-01A-11R-A22U-07,0.09798560740758872,0.05217282184596944,7.804755029548739,9.863188201368693
TCGA,TCGA-DK-A3X1-01A-12R-A22U-07,0.15221990114811645,0.14960686281487842,4.090479707344221,9.318415961408727
TCGA,TCGA-DK-A3X2-01A-11R-A22U-07,0.21794082854266156,0.11668337631998904,2.897444563448035,7.401873640734398
TCGA,TCGA-DK-A6AV-01A-12R-A30C-07,0.14166101800643288,0.13107435769312775,5.10065192738056,8.500800018218083
TCGA,TCGA-DK-A6AW-01A-11R-A30C-07,0.1474473089633525,0.12030368850100474,3.9238048872804683,8.14207369549045
TCGA,TCGA-DK-A6B0-01A-11R-A31N-07,0.16941002040385808,0.14548816309190798,3.2211309357752413,7.3561997216715
TCGA,TCGA-DK-A6B1-01A-12R-A30C-07,0.1152860061335848,0.17731082774778484,3.840132080796631,8.435378537689282
TCGA,TCGA-DK-A6B2-01A-11R-A30C-07,0.11315183655781777,0.13958825137134206,5.875129208188774,10.073139333322732
TCGA,TCGA-DK-A6B5-01A-11R-A31N-07,0.1784111090071311,0.08360333502150434,4.546352421826584,8.652757484303399
TCGA,TCGA-DK-A6B6-01A-11R-A30C-07,0.1052780313519214,0.15919320163611356,5.4714892454366035,6.947089001777519
TCGA,TCGA-DK-AA6L-01A-11R-A39I-07,0.16447692845892337,0.13305071142926214,4.596908694865548,8.545210302655779
TCGA,TCGA-DK-AA6M-01A-11R-A39I-07,0.164223127366516,0.08249280121160144,5.604084353900627,9.383003672958603
TCGA,TCGA-DK-AA6P-01A-11R-A39I-07,0.13769179554314256,0.12306104881407536,3.1993653505835504,7.859599634792086
TCGA,TCGA-DK-AA6Q-01A-11R-A39I-07,0.17832332159958542,0.08757787095484189,5.4548404166903275,7.470940620663926
TCGA,TCGA-DK-AA6R-01A-11R-A42T-07,0.19865945613448768,0.07826380342807299,4.229914594246197,9.020031544766686
TCGA,TCGA-DK-AA6S-01A-21R-A39I-07,0.15587833806548881,0.0841723726149295,5.477287951229927,10.781154319474448
TCGA,TCGA-DK-AA6T-01A-11R-A39I-07,0.08347554827011515,0.09062787386794333,6.891421799055148,8.794245018662163
TCGA,TCGA-DK-AA6U-01A-11R-A39I-07,0.16203860007699689,0.1624893187768272,3.563619985871881,7.301607084271689
TCGA,TCGA-DK-AA6W-01A-12R-A39I-07,0.13667135886959356,0.12860422288042797,4.481775571741617,8.335668494023746
TCGA,TCGA-DK-AA6X-01A-12R-A42T-07,0.12592630128518686,0.12007507523034547,5.3645868783829975,9.040786767739096
TCGA,TCGA-DK-AA71-01A-31R-A39I-07,0.16960533497225266,0.1654515983508166,4.310856410258704,8.567880149054801
TCGA,TCGA-DK-AA74-01A-11R-A39I-07,0.1443853635216792,0.07820626595133164,6.65781498215257,10.983910966946578
TCGA,TCGA-DK-AA75-01A-11R-A39I-07,0.16954185440822991,0.1812403793468146,2.795247463602963,7.162778139557721
TCGA,TCGA-DK-AA76-01A-11R-A39I-07,0.17364346462592278,0.18708193954658678,1.8221282982713443,7.224670463368864
TCGA,TCGA-DK-AA77-01A-11R-A39I-07,0.1575176830281561,0.15240072543432776,4.851746097037873,7.825360278590897
TCGA,TCGA-E5-A2PC-01A-11R-A206-07,0.19625930928383958,0.1014384709686682,4.549965474771472,7.694838685783578
TCGA,TCGA-E5-A4TZ-01A-11R-A31N-07,0.1816184400244115,0.1317932881992874,3.799152748239448,6.898640844197369
TCGA,TCGA-E5-A4U1-01A-11R-A31N-07,0.15400067061379594,0.16943514078321426,2.748524377523391,6.541211849321589
TCGA,TCGA-E7-A3X6-01A-12R-A22U-07,0.1713270160181978,0.10458917865483722,5.607366287233213,8.949618292015431
TCGA,TCGA-E7-A3Y1-01A-11R-A22U-07,0.15029871113395943,0.12602360812882835,4.313143497034951,8.404017658653652
TCGA,TCGA-E7-A4IJ-01A-31R-A26T-07,0.14294172930894666,0.14947896668995048,5.078158137018088,7.9635623103988
TCGA,TCGA-E7-A4XJ-01A-11R-A26T-07,0.17565974705020318,0.1798789278479454,2.6086444560458597,8.439478072216462
TCGA,TCGA-E7-A519-01A-11R-A26T-07,0.14534781267299832,0.11380237352738733,5.247731054780237,8.301198369104636
TCGA,TCGA-E7-A541-01A-11R-A26T-07,0.1273922849054503,0.1106188544482401,6.058140952399798,8.397137898563932
TCGA,TCGA-E7-A5KE-01A-11R-A28M-07,0.15783549566467453,0.2053340423326406,2.2786440883332935,6.790620328389262
TCGA,TCGA-E7-A5KF-01A-11R-A28M-07,0.21138869752514586,0.16057026951111394,2.1249026262620387,6.15796355687665
TCGA,TCGA-E7-A677-01A-11R-A30C-07,0.15327454435766358,0.12139133659547495,4.221075948890604,8.542763206291236
TCGA,TCGA-E7-A678-01A-11R-A30C-07,0.1591486338880398,0.15014380194648616,4.444902275275955,6.898255339127213
TCGA,TCGA-E7-A6MD-01A-41R-A352-07,0.12929704779014378,0.11663324052991474,5.9640310881537975,9.76776484494673
TCGA,TCGA-E7-A6ME-01A-22R-A32O-07,0.11759844697302425,0.14684403743752025,5.122387822913887,7.944219702870197
TCGA,TCGA-E7-A6MF-01A-12R-A32O-07,0.1643789044940047,0.1310279171458781,3.463517487137095,6.761690893519459
TCGA,TCGA-E7-A7DU-01A-11R-A32O-07,0.1644324181700862,0.16092817151713948,3.455530800647878,8.009332592318186
TCGA,TCGA-E7-A7DV-01A-11R-A33J-07,0.12683788726264605,0.1119877833521172,5.117259953544415,9.278929831727362
TCGA,TCGA-E7-A7PW-01A-11R-A352-07,0.16345657370242153,0.1730657057825084,4.084878523386813,7.335104532118945
TCGA,TCGA-E7-A7XN-01A-11R-A352-07,0.1926590682672464,0.07001629431406267,6.044676658761892,7.568470658592649
TCGA,TCGA-E7-A85H-01A-11R-A352-07,0.12663583210989765,0.1581410562091302,5.229463548960604,9.014905919580286
TCGA,TCGA-E7-A8O7-01A-11R-A36F-07,0.13835689523832262,0.1315549308941738,4.898153079075373,7.719227854627832
TCGA,TCGA-E7-A8O8-01A-11R-A36F-07,0.16101772602911762,0.171467114735631,3.8596560773815094,7.553010602475899
TCGA,TCGA-E7-A97P-01A-11R-A38B-07,0.1636011083849373,0.08500966456081055,6.213970403152791,9.864698293116533
TCGA,TCGA-E7-A97Q-01A-11R-A38B-07,0.11772905595128103,0.15598403331371075,4.863490582322553,9.866959058115667
TCGA,TCGA-FD-A3B3-01A-12R-A206-07,0.14945997517361798,0.059461082464211085,6.83497393948474,10.339447733704988
TCGA,TCGA-FD-A3B4-01A-12R-A206-07,0.1578425071657848,0.03953737565093202,6.249857360559082,9.989474824069616
TCGA,TCGA-FD-A3B5-01A-11R-A20F-07,0.19756115596108165,0.10842262585162175,3.447170987061006,9.393150765573107
TCGA,TCGA-FD-A3B6-01A-21R-A20F-07,0.1586731094641676,0.08618156845823625,6.0944680351537155,8.971370337870836
TCGA,TCGA-FD-A3B7-01A-31R-A20F-07,0.14859850251147586,0.05303459444110527,7.0581565239711335,10.686731007281654
TCGA,TCGA-FD-A3B8-01A-31R-A20F-07,0.13165224978959927,0.05141553615414695,7.431143669088366,10.903330314986638
TCGA,TCGA-FD-A3N5-01A-11R-A21D-07,0.1930118284420223,0.10059037307064482,4.4969769504985795,8.555650161977521
TCGA,TCGA-FD-A3N6-01A-11R-A21D-07,0.19914697610504514,0.0642412749423041,4.766696565561863,8.267542552455733
TCGA,TCGA-FD-A3NA-01A-11R-A21D-07,0.1521228813044798,0.1485816602346826,5.021386145060064,9.508178844661494
TCGA,TCGA-FD-A3SJ-01A-12R-A22U-07,0.12032635155492008,0.13265959368197405,4.7537114857145895,9.581817804947745
TCGA,TCGA-FD-A3SL-01A-21R-A22U-07,0.09969405909685451,0.14335429283789275,5.1761769363083125,10.744304126100497
TCGA,TCGA-FD-A3SM-01A-11R-A22U-07,0.13518238971592508,0.1360161025049886,4.075568357072028,10.224641950269888
TCGA,TCGA-FD-A3SN-01A-12R-A22U-07,0.155677400494259,0.11965380689566604,4.7331877613864135,9.734853355215078
TCGA,TCGA-FD-A3SO-01A-11R-A22U-07,0.14098234805966164,0.06838430140617867,5.357762518569984,10.17460151894411
TCGA,TCGA-FD-A3SP-01A-31R-A22U-07,0.13186361020412063,0.05900928436052427,6.161665505644896,11.241347469381466
TCGA,TCGA-FD-A3SQ-01A-21R-A22U-07,0.12362410903396086,0.10192255822750833,5.225415381095754,10.817599950104675
TCGA,TCGA-FD-A3SR-01A-11R-A22U-07,0.09711348622686083,0.14441623962179845,5.72039960490105,10.028216844739738
TCGA,TCGA-FD-A3SS-01A-12R-A22U-07,0.17737160393013607,0.1575264605077702,3.154069941434222,9.04855104314783
TCGA,TCGA-FD-A43N-01A-11R-A23W-07,0.13731365418567998,0.14382201276675582,4.915325073994065,9.773450502281403
TCGA,TCGA-FD-A43P-01A-31R-A23W-07,0.10741286833614952,0.13850912149389838,6.834659572717831,9.073406573208262
TCGA,TCGA-FD-A43S-01A-21R-A23W-07,0.11155292932555431,0.11253043381919219,7.270116550918769,10.190480061563775
TCGA,TCGA-FD-A43U-01A-11R-A23W-07,0.10871226971722495,0.10928648275708096,6.838561791489449,10.846337011109892
TCGA,TCGA-FD-A43X-01A-11R-A23W-07,0.18019824690310027,0.14976831690255182,2.6105813509954388,7.588887906567146
TCGA,TCGA-FD-A43Y-01A-21R-A26T-07,0.18822603494585313,0.07847194486566508,4.853857405391361,9.573150021366335
TCGA,TCGA-FD-A5BR-01A-11R-A26T-07,0.138372470499638,0.13018129869908354,5.789733713513263,9.567559738330285
TCGA,TCGA-FD-A5BS-01A-21R-A26T-07,0.09593204015668452,0.06166361031679376,8.181788456644602,10.827155756183917
TCGA,TCGA-FD-A5BT-01A-11R-A26T-07,0.12928836026090776,0.08430835492053083,7.155801033047465,11.334224187225846
TCGA,TCGA-FD-A5BU-01A-31R-A26T-07,0.1620505013905356,0.04979180888873098,6.033001246476757,10.184337070358804
TCGA,TCGA-FD-A5BV-01A-11R-A26T-07,0.14606028164210855,0.16912620437284964,3.1746527397821365,8.825229615034448
TCGA,TCGA-FD-A5BX-01A-11R-A26T-07,0.09519237728402914,0.07416473591766348,5.686482986910353,10.56742970663861
TCGA,TCGA-FD-A5BY-01A-31R-A28M-07,0.16733047557641162,0.10135027571893872,4.503936218943148,9.872565048150578
TCGA,TCGA-FD-A5BZ-01A-11R-A28M-07,0.13339676639307946,0.13317146864117202,4.3530569134213835,11.335835312863946
TCGA,TCGA-FD-A5C0-01A-11R-A28M-07,0.14457319042838931,0.13418215478999992,4.535119422397519,9.48913300865419
TCGA,TCGA-FD-A5C1-01A-11R-A28M-07,0.15954352144879783,0.0669522669230929,6.345706293921603,10.226827435526868
TCGA,TCGA-FD-A62N-01A-11R-A30C-07,0.14757405292266343,0.04937360348632527,7.98480987918916,10.351689091990197
TCGA,TCGA-FD-A62O-01A-11R-A30C-07,0.1477913884980102,0.16455434387551224,3.568336752057128,9.271602687112093
TCGA,TCGA-FD-A62P-01A-32R-A30C-07,0.13561339523471952,0.11196933836831413,5.7025469487706015,9.906542933700546
TCGA,TCGA-FD-A62S-01A-11R-A30C-07,0.14229268855183483,0.0651983043179239,5.764730588539223,11.04182462480301
TCGA,TCGA-FD-A6TA-01A-12R-A33J-07,0.12746261643279772,0.13352621626005007,5.941018431821022,10.213101781438493
TCGA,TCGA-FD-A6TB-01A-12R-A33J-07,0.11280526327343328,0.09199915762794236,6.993630958832218,9.923503224839465
TCGA,TCGA-FD-A6TC-01A-21R-A33J-07,0.1201956376117924,0.13933443790527872,4.012924623172722,10.521517255101688
TCGA,TCGA-FD-A6TD-01A-51R-A33J-07,0.14587247394125344,0.1049010235669843,6.248248276465608,9.770412072004088
TCGA,TCGA-FD-A6TE-01A-12R-A33J-07,0.1614952557816909,0.13980931135853247,4.4198751827729215,7.002942829597447
TCGA,TCGA-FD-A6TF-01A-52R-A32O-07,0.12036268335820417,0.10949047165473529,5.218046917589694,10.354361851545383
TCGA,TCGA-FD-A6TG-01A-11R-A32O-07,0.10498970484009323,0.1262739596047714,5.8144226388289955,10.364939102374034
TCGA,TCGA-FD-A6TH-01A-11R-A32O-07,0.13527603593368095,0.11176053807104201,4.937902673155066,9.789556579329563
TCGA,TCGA-FD-A6TI-01A-11R-A32O-07,0.1420814802994589,0.1531330046328191,4.108839544352078,8.965825725416064
TCGA,TCGA-FD-A6TK-01A-42R-A33J-07,0.14287863415053917,0.08935607266415821,6.139096744575044,10.730108149152029
TCGA,TCGA-FJ-A3Z7-01A-12R-A23N-07,0.09789940618574719,0.1265062620561747,4.508016680318614,9.510138989731756
TCGA,TCGA-FJ-A3Z9-01A-11R-A26T-07,0.20233106405268594,0.19984216698784976,2.6861517238271317,7.3574746545826955
TCGA,TCGA-FJ-A3ZE-01A-11R-A23N-07,0.19040896794140955,0.17871017035516254,2.7963897348214912,7.314152535449594
TCGA,TCGA-FJ-A3ZF-01A-11R-A23N-07,0.1314008267789255,0.19983452701128898,2.6750595655325435,7.500926733029727
TCGA,TCGA-FJ-A871-01A-11R-A352-07,0.1223385887390988,0.12584598034727756,3.2942708265982446,9.937631280700518
TCGA,TCGA-FT-A3EE-01A-11R-A206-07,0.16067589728722595,0.1233840502405011,4.059396995969746,8.759175696563336
TCGA,TCGA-FT-A61P-01A-11R-A30C-07,0.11737718052675755,0.10031405256380749,5.5809690050521485,10.25759922344442
TCGA,TCGA-G2-A2EC-01A-11R-A180-07,0.12118183542857408,0.11621673223549421,5.545066807222857,10.336907295995129
TCGA,TCGA-G2-A2EF-01A-12R-A18C-07,0.1671645178140982,0.06252290212555264,6.10465658623513,8.514541427931443
TCGA,TCGA-G2-A2EJ-01A-11R-A180-07,0.22348300285265965,0.08782967397679499,4.279885071132584,7.499407261215514
TCGA,TCGA-G2-A2EK-01A-22R-A18C-07,0.1335483233239727,0.13294049689218462,5.228102100848255,8.763281543321003
TCGA,TCGA-G2-A2EL-01A-12R-A18C-07,0.16682031566513217,0.10735049571055709,2.9006805824770128,7.354031769877817
TCGA,TCGA-G2-A2EO-01A-11R-A180-07,0.1341660880218714,0.11646099020732825,6.3532711802287185,10.245987396009543
TCGA,TCGA-G2-A2ES-01A-11R-A180-07,0.17753377646036475,0.06391790746923012,5.163969825576488,9.607247507048058
TCGA,TCGA-G2-A3IB-01A-11R-A20F-07,0.23477319277617223,0.08287350879358374,3.8326684669954565,8.133407937912414
TCGA,TCGA-G2-A3IE-01A-11R-A20F-07,0.1454776203448188,0.1710134407210586,4.084899559421888,7.689212205829227
TCGA,TCGA-G2-A3VY-01A-11R-A22U-07,0.15441552853520513,0.17855605634641422,2.707313517578491,6.897994129747316
TCGA,TCGA-G2-AA3B-01A-11R-A39I-07,0.15669276369305446,0.17379819451926884,4.883502961790097,6.870068166041539
TCGA,TCGA-G2-AA3C-01A-21R-A39I-07,0.11393695537179861,0.06351106413957582,5.037535417114269,8.603416215026703
TCGA,TCGA-G2-AA3D-01A-11R-A39I-07,0.1552349306631074,0.16011537966456227,4.0682838362540625,7.40825839359813
TCGA,TCGA-G2-AA3F-01A-12R-A42T-07,0.14146827368206383,0.17957320675167152,3.714062161641201,8.412133853423033
TCGA,TCGA-GC-A3BM-11A-11R-A22U-07,0.1258573100782954,0.12014031567230742,5.006160631417012,10.130442234529188
TCGA,TCGA-GC-A3BM-01A-11R-A22U-07,0.17218738158806815,0.135648359361161,4.281347128867571,7.920433464756551
TCGA,TCGA-GC-A3I6-01A-11R-A20F-07,0.16908577743680564,0.09454830518033232,5.084253423419263,9.276296629846101
TCGA,TCGA-GC-A3OO-01A-11R-A22U-07,0.1267813839927144,0.13130128409334063,4.682774854022459,9.83085096915023
TCGA,TCGA-GC-A3RB-01A-12R-A220-07,0.16522168589305417,0.11787671881380567,4.18475228018914,8.020647132742166
TCGA,TCGA-GC-A3RC-01A-11R-A22U-07,0.18217601513129736,0.06053661985148109,5.788682654267793,8.595230030188983
TCGA,TCGA-GC-A3RD-01A-12R-A22U-07,0.1751695460302715,0.14292247450406648,3.4328644314976486,8.620095818139621
TCGA,TCGA-GC-A3WC-11A-11R-A22U-07,0.09995341760362986,0.08974558466044119,6.22036038871539,10.650429852481077
TCGA,TCGA-GC-A3WC-01A-31R-A22U-07,0.14496459332936365,0.05221160795145957,6.731897140359966,9.061465050427161
TCGA,TCGA-GC-A3YS-01A-11R-A23N-07,0.1572377357161046,0.07508999970087737,5.095520675370869,10.484131353177155
TCGA,TCGA-GC-A4ZW-01A-11R-A26T-07,0.1530327961905759,0.1016868668437341,3.952598629801976,7.167453058319784
TCGA,TCGA-GC-A6I1-01A-12R-A31N-07,0.16783945275811796,0.06495259336356873,7.220289247516734,8.627354970583246
TCGA,TCGA-GC-A6I3-11A-11R-A31N-07,0.11351517772704081,0.09931158669391102,7.193117662295487,9.848027395026566
TCGA,TCGA-GC-A6I3-01A-11R-A31N-07,0.1282999646087667,0.12211239251526082,6.394319226059698,9.314663369699916
TCGA,TCGA-GD-A2C5-11A-11R-A180-07,0.12329154628620043,0.12300064160181672,6.230243286142306,9.35977894163474
TCGA,TCGA-GD-A2C5-01A-12R-A180-07,0.12117419441732642,0.13993544988497503,3.8706647397971152,9.664116557536252
TCGA,TCGA-GD-A3OP-11A-11R-A220-07,0.13927675722453825,0.12114600755561102,5.103212472441508,9.852372543639438
TCGA,TCGA-GD-A3OP-01A-21R-A220-07,0.11089832995395477,0.14958886451828537,5.2679468449058815,9.733352587664443
TCGA,TCGA-GD-A3OQ-11A-21R-A220-07,0.1102588438987776,0.13206477930240537,4.92068743346265,10.576106569243134
TCGA,TCGA-GD-A3OQ-01A-32R-A220-07,0.18058342981343797,0.13235697262706783,3.6972415425421508,9.217272548109843
TCGA,TCGA-GD-A3OS-01A-12R-A220-07,0.1395974515622273,0.0834928563111833,4.3350595559687335,9.840112561317119
TCGA,TCGA-GD-A6C6-01A-21R-A31N-07,0.16628734208587262,0.12904890406767316,3.8260379674700893,7.784641140703523
TCGA,TCGA-GD-A76B-01A-11R-A32O-07,0.12879089896936718,0.14755611109687572,6.04578889517728,8.300973772629998
TCGA,TCGA-GU-A42P-01A-11R-A23W-07,0.12846494406478967,0.19795797845382582,2.4150746302541126,7.7451310921735725
TCGA,TCGA-GU-A42Q-01A-11R-A23W-07,0.22057328522476374,0.057968562149151116,3.7637793919713545,8.657549927053115
TCGA,TCGA-GU-A42R-01A-11R-A23N-07,0.1731602144511151,0.15549790085920467,3.3309715264018025,8.163891864557096
TCGA,TCGA-GU-A762-01A-11R-A33J-07,0.16072051377788765,0.04996255881226809,6.963713745880095,9.648703091337387
TCGA,TCGA-GU-A763-01A-11R-A32O-07,0.18500911214093116,0.17218000718785823,3.6576997089571974,7.069051927969883
TCGA,TCGA-GU-A764-01A-11R-A352-07,0.1507343746833816,0.07387485335137285,6.301688800653525,9.993652292753547
TCGA,TCGA-GU-A766-01A-11R-A32O-07,0.15282395048324232,0.07733616591713649,6.511948522036313,8.769569776813608
TCGA,TCGA-GU-A767-01A-11R-A32O-07,0.14147608398630382,0.15257465347773463,3.43328714710996,9.434269500964382
TCGA,TCGA-GU-AATO-01A-11R-A39I-07,0.11890500095514715,0.12510000247271857,5.865903797925898,9.304908291457691
TCGA,TCGA-GU-AATP-01A-11R-A39I-07,0.12530068696202806,0.15089091309739266,4.715483070103168,10.670384585613027
TCGA,TCGA-GU-AATQ-01A-11R-A39I-07,0.1943017115637057,0.08229127661045603,4.20744718446854,8.700799025753629
TCGA,TCGA-GV-A3JV-01A-11R-A220-07,0.11014635289206186,0.13595764355837525,5.611780689703079,9.084720620611337
TCGA,TCGA-GV-A3JW-01A-11R-A20F-07,0.15992029094092555,0.14898855556917254,2.8122654689410376,8.210660484766182
TCGA,TCGA-GV-A3JX-01A-11R-A20F-07,0.1479133833107661,0.14113345470754501,5.398622984897271,7.757345797104399
TCGA,TCGA-GV-A3JZ-01A-11R-A21D-07,0.10805048344264233,0.1297749338014278,4.701706437636718,9.352725973013767
TCGA,TCGA-GV-A3QF-01A-31R-A22U-07,0.13680360272701614,0.18411043726200157,2.9252268165586615,7.132672865164915
TCGA,TCGA-GV-A3QG-01A-11R-A220-07,0.08435026448563017,0.11554458447837064,7.517598427333796,10.443279760569363
TCGA,TCGA-GV-A3QH-01A-11R-A220-07,0.14141041968953594,0.2051238960932052,2.82708372258534,6.894467274804688
TCGA,TCGA-GV-A3QI-01A-11R-A220-07,0.14132881204493536,0.11948085909392442,2.8661881237427322,7.2662227892521685
TCGA,TCGA-GV-A3QK-01B-11R-A23N-07,0.1297673315629171,0.1577225956604953,5.274794516786346,7.435952524589155
TCGA,TCGA-GV-A40E-01A-12R-A23N-07,0.17800456322023275,0.1142035382025331,4.4437224968063465,9.466108223505238
TCGA,TCGA-GV-A40G-01A-11R-A23N-07,0.14874434498226996,0.17227547290347495,2.8604880667962593,7.569049869065023
TCGA,TCGA-GV-A6ZA-01A-12R-A33J-07,0.1436010927218655,0.13240975121001516,4.969787877625525,7.803953595360821
TCGA,TCGA-H4-A2HO-01A-11R-A180-07,0.10154803137610798,0.1666104129937618,5.465855635143532,8.713239089141467
TCGA,TCGA-H4-A2HQ-01A-11R-A180-07,0.16901634646819247,0.1333694855559716,3.839004506092228,7.812567804092817
TCGA,TCGA-HQ-A2OE-01A-11R-A206-07,0.1490385389000134,0.13039342338655655,4.125311933763614,6.990655053984838
TCGA,TCGA-HQ-A2OF-01A-11R-A26T-07,0.14291216570339094,0.1386938467226135,2.79493275464443,7.622449915176579
TCGA,TCGA-HQ-A5ND-01A-11R-A26T-07,0.20425140064900246,0.10995709355271661,3.7343627835020365,7.5561149883345
TCGA,TCGA-HQ-A5NE-01A-12R-A28M-07,0.16423225771349123,0.12324584261045247,4.198820288744457,9.70513823879703
TCGA,TCGA-K4-A3WS-01A-11R-A22U-07,0.11379526345530266,0.12349427038549614,5.9931506230007425,10.977768557769963
TCGA,TCGA-K4-A3WU-01B-11R-A23N-07,0.11803062012647474,0.13484140132246947,6.361506700392688,9.715483436321596
TCGA,TCGA-K4-A3WV-11A-21R-A22U-07,0.13153065582374043,0.1386221713522882,4.6795285101560795,8.583257591821031
TCGA,TCGA-K4-A3WV-01A-11R-A22U-07,0.1899497484112376,0.12901175044179697,2.2898292352366125,8.31606080609129
TCGA,TCGA-K4-A4AB-01B-12R-A28M-07,0.155909469001278,0.12397444661115194,4.1981526553910165,10.015875605095472
TCGA,TCGA-K4-A4AC-01A-21R-A26T-07,0.19488726817422955,0.07080818781535089,4.8364709811366975,8.51732950581747
TCGA,TCGA-K4-A54R-11A-11R-A26T-07,0.12812991306883365,0.13218455307663335,5.004401442588646,9.773350479689933
TCGA,TCGA-K4-A54R-01A-11R-A26T-07,0.13428959367446688,0.13136853911107618,5.798205293426743,10.468677339859967
TCGA,TCGA-K4-A5RH-01A-11R-A30C-07,0.09221242767824633,0.04947232404353743,7.0125232241920585,10.160832708996816
TCGA,TCGA-K4-A5RI-11A-11R-A28M-07,0.10045913110374308,0.09407186124949259,7.338281293714471,10.59385550850162
TCGA,TCGA-K4-A5RI-01A-11R-A28M-07,0.17631284352380544,0.08177529850949966,4.281188695065852,9.35159733720728
TCGA,TCGA-K4-A5RJ-01A-11R-A28M-07,0.12001978940722963,0.035017182691408674,7.058965557751762,8.2941275109728
TCGA,TCGA-K4-A6FZ-01A-11R-A31N-07,0.16992976926919218,0.11981693172181035,5.378029463149839,7.983122337637485
TCGA,TCGA-K4-A6MB-01A-11R-A31N-07,0.1501653653146129,0.15187673503225327,3.712347364597224,10.050751120788842
TCGA,TCGA-K4-A83P-01A-11R-A352-07,0.09249053929202768,0.10660931092805248,7.357785835263655,10.43055545945425
TCGA,TCGA-K4-AAQO-01A-11R-A38B-07,0.11744353019760595,0.13256239131690425,5.7103874901532725,10.280625878216757
TCGA,TCGA-KQ-A41N-01A-11R-A33J-07,0.15859270287183838,0.17264868247570217,2.979888567800848,8.342310963031837
TCGA,TCGA-KQ-A41O-01A-12R-A352-07,0.18844393092479553,0.2256871575883624,1.9329432528344725,6.204892440010028
TCGA,TCGA-KQ-A41P-01A-12R-A33J-07,0.13131704851097256,0.13263833446870707,4.812740661826273,9.613451144075569
TCGA,TCGA-KQ-A41Q-01A-11R-A33J-07,0.1581874601248646,0.18302848994402254,2.5375518144934506,8.53214111581163
TCGA,TCGA-KQ-A41R-01A-21R-A352-07,0.1288168215252137,0.18476606502871828,3.2876282348733037,7.897401264855981
TCGA,TCGA-KQ-A41S-01A-12R-A33J-07,0.12098677753250991,0.131183365510748,4.3337299936466165,10.120912219919244
TCGA,TCGA-LC-A66R-01A-41R-A30C-07,0.1518110706461369,0.07939229796892008,6.383294641700441,9.177311866721597
TCGA,TCGA-LT-A5Z6-01A-11R-A28M-07,0.11974476208830799,0.16144067133818704,5.209621962395015,7.399080460810528
TCGA,TCGA-LT-A8JT-01A-11R-A36F-07,0.13446960895562002,0.1620801707166462,4.75664676221028,8.096914570249783
TCGA,TCGA-MV-A51V-01A-11R-A26T-07,0.13002626584339694,0.17902352120299003,3.567832753268829,8.555713831505544
TCGA,TCGA-PQ-A6FI-01A-11R-A31N-07,0.20607471379491615,0.06014660152549429,4.876841018367131,8.22298974571488
TCGA,TCGA-PQ-A6FN-01A-11R-A31N-07,0.16040162032722793,0.11087803406875807,5.351356597321827,9.52920938634842
TCGA,TCGA-R3-A69X-01A-22R-A30C-07,0.11308504531422105,0.11599156835800505,5.839503636776776,9.910943294418956
TCGA,TCGA-S5-A6DX-01A-11R-A31N-07,0.11857152752029884,0.1389938103033785,6.536365306630698,9.399218866721185
TCGA,TCGA-S5-AA26-01A-11R-A38B-07,0.1844580000494593,0.17303996815239567,2.623662971089303,7.993548177386302
TCGA,TCGA-SY-A9G0-01A-12R-A38B-07,0.0993965758720291,0.1158474093997398,5.498961309430362,10.75528510367263
TCGA,TCGA-SY-A9G5-01A-11R-A38B-07,0.14595271754953984,0.08694843651309919,6.23125039133018,10.64944212615212
TCGA,TCGA-UY-A78K-01A-11R-A33J-07,0.08989431619320873,0.12523741853410614,6.896217926838716,8.617386008544855
TCGA,TCGA-UY-A78L-01A-12R-A33J-07,0.17110287662928048,0.0904922059928259,4.1186954235209186,9.764166474732047
TCGA,TCGA-UY-A78M-01A-21R-A352-07,0.16680218600785474,0.1535971366693193,3.559653754774371,9.944664326937454
TCGA,TCGA-UY-A78N-01A-12R-A33J-07,0.1628295321067035,0.1400875506201404,3.4404951151477037,9.037381908906601
TCGA,TCGA-UY-A78O-01A-12R-A33J-07,0.13073513498592193,0.16468596515552714,4.102556774578967,8.471230797641265
TCGA,TCGA-UY-A78P-01A-12R-A36F-07,0.15549150332201808,0.09144287170877038,6.467302235872514,9.565256807533952
TCGA,TCGA-UY-A8OB-01A-12R-A42T-07,0.22441830692957215,0.0855906705887228,4.342498018432112,8.412124275629683
TCGA,TCGA-UY-A8OC-01A-11R-A36F-07,0.1758477097544263,0.07510569495809304,4.176299666262321,10.69084347429562
TCGA,TCGA-UY-A8OD-01A-11R-A36F-07,0.08626640147602019,0.13349178068147285,5.8321781113600055,10.437525263036983
TCGA,TCGA-UY-A9PA-01A-11R-A38B-07,0.17603355459856077,0.14076686215983014,4.920242822657711,7.081082053271944
TCGA,TCGA-UY-A9PB-01A-11R-A38B-07,0.14846875708458598,0.06106980421322088,6.716719743664311,10.436615853710878
TCGA,TCGA-UY-A9PD-01A-11R-A38B-07,0.1330992123599945,0.1638728570459008,4.136001568020697,9.746088272669317
TCGA,TCGA-UY-A9PE-01A-11R-A38B-07,0.14726422631567146,0.15144398760839117,4.230531620878203,9.396757221933905
TCGA,TCGA-UY-A9PF-01A-11R-A38B-07,0.12321569068452591,0.15340989189060647,5.006297956888928,9.114936927253964
TCGA,TCGA-UY-A9PH-01A-11R-A38B-07,0.1307933703809742,0.1344332138693604,6.496945079972242,9.335823627877524
TCGA,TCGA-XF-A8HB-01A-11R-A36F-07,0.19921420988589503,0.12153335376711188,3.1102979981432672,6.892778645819618
TCGA,TCGA-XF-A8HC-01A-11R-A36F-07,0.1623936248768549,0.20258099988418976,2.5954029994273355,7.1017823502771815
TCGA,TCGA-XF-A8HD-01A-11R-A36F-07,0.12062530729072934,0.09707239048567408,6.111557673866356,9.43361476684147
TCGA,TCGA-XF-A8HE-01A-11R-A36F-07,0.17480374073507937,0.05161147127400118,5.699717370904684,9.428846483705573
TCGA,TCGA-XF-A8HF-01A-11R-A36F-07,0.1317717714186641,0.14607033788523494,4.695416945735342,9.774327673776703
TCGA,TCGA-XF-A8HG-01A-11R-A36F-07,0.16104790101029162,0.2049258344883737,2.424101586997499,7.181476941230348
TCGA,TCGA-XF-A8HH-01A-11R-A38B-07,0.12307758437675614,0.15796381485389716,4.653606740719182,10.150165781663157
TCGA,TCGA-XF-A8HI-01A-11R-A38B-07,0.16080121040527623,0.12897980417428878,4.2018362323419,8.007110465130527
TCGA,TCGA-XF-A9SH-01A-11R-A39I-07,0.15132832229719845,0.12864410704794507,4.174043084448444,8.31576567829588
TCGA,TCGA-XF-A9SI-01A-11R-A39I-07,0.09463722569262073,0.07564857463846944,7.709650176596297,9.777001553477241
TCGA,TCGA-XF-A9SJ-01A-11R-A39I-07,0.10955648262362307,0.13708092063484473,6.297565740626806,9.705402583301474
TCGA,TCGA-XF-A9SK-01A-11R-A42T-07,0.12594901984366644,0.12472580908823055,5.205930796716532,10.60232155586552
TCGA,TCGA-XF-A9SL-01A-11R-A39I-07,0.09252474085669836,0.1220450978108965,6.706703731274864,10.896349527349061
TCGA,TCGA-XF-A9SM-01A-11R-A42T-07,0.15648665052023533,0.060346556392515474,6.9354637365038645,9.923709398135802
TCGA,TCGA-XF-A9SP-01A-11R-A39I-07,0.1240482860109247,0.12027034790231948,5.66212979725025,10.91595991393444
TCGA,TCGA-XF-A9ST-01A-11R-A42T-07,0.16253829539174192,0.11319408844973383,2.370534947653113,7.942152070712739
TCGA,TCGA-XF-A9SU-01A-31R-A39I-07,0.12855620141345991,0.1351975609451283,5.565814927639975,10.319635508091036
TCGA,TCGA-XF-A9SV-01A-21R-A42T-07,0.13825908906432607,0.14784643425056607,4.315913562380599,10.395860029446908
TCGA,TCGA-XF-A9SW-01A-11R-A42T-07,0.0871995514278275,0.09538706584030335,5.765899952779387,11.24940986347441
TCGA,TCGA-XF-A9SX-01A-21R-A39I-07,0.1136725324662153,0.08936748096624396,6.449806062843879,10.640233283332439
TCGA,TCGA-XF-A9SY-01A-21R-A42T-07,0.14810210704792218,0.0622537838082395,6.730720576778057,10.33702311545336
TCGA,TCGA-XF-A9SZ-01A-11R-A39I-07,0.11747339344789963,0.13088435871020096,4.680081133208129,10.706986212002695
TCGA,TCGA-XF-A9T0-01A-11R-A39I-07,0.14737875048804613,0.12717618479991905,5.445905071879805,9.447451136281561
TCGA,TCGA-XF-A9T2-01A-11R-A42T-07,0.1538247282590636,0.08968407341233882,4.245674689739452,9.657586700422451
TCGA,TCGA-XF-A9T3-01A-11R-A42T-07,0.11191505680835515,0.07403679882187425,5.949098206423808,10.197469485333897
TCGA,TCGA-XF-A9T4-01A-11R-A39I-07,0.1773518310826531,0.105009637202206,4.921168148697739,9.51817915542449
TCGA,TCGA-XF-A9T5-01A-11R-A42T-07,0.14988595875540933,0.07289822897722954,6.76677867170941,9.19310118925448
TCGA,TCGA-XF-A9T6-01A-11R-A42T-07,0.18482250029938677,0.1262405668284633,4.253053708066128,8.110779229824171
TCGA,TCGA-XF-A9T8-01A-11R-A39I-07,0.15853672839973956,0.0487540282289661,6.177178794364918,9.621260741214467
TCGA,TCGA-XF-AAME-01A-12R-A42T-07,0.1270612243655798,0.08136364379378742,7.007582745154392,11.07536949914351
TCGA,TCGA-XF-AAMG-01A-11R-A42T-07,0.10481422342219011,0.10270458028601935,4.607929462101918,9.665779311210333
TCGA,TCGA-XF-AAMH-01A-11R-A42T-07,0.16851298676540005,0.1354162778539598,3.710354285591008,8.8054287591051
TCGA,TCGA-XF-AAMJ-01A-11R-A42T-07,0.10960863018825368,0.11241247975578228,5.1731481557482795,11.305866770369072
TCGA,TCGA-XF-AAML-01A-11R-A42T-07,0.15283287474498367,0.16786685477130747,4.606120330613622,6.486109923403963
TCGA,TCGA-XF-AAMQ-01A-11R-A42T-07,0.12951306484594435,0.1264350440788342,6.00027411909109,8.746580453318153
TCGA,TCGA-XF-AAMR-01A-31R-A42T-07,0.1251002591855841,0.10921118662107471,4.590797856308881,10.409637908553467
TCGA,TCGA-XF-AAMT-01A-11R-A42T-07,0.16327400664297165,0.08023541369165396,5.0368952598288015,10.700601391849258
TCGA,TCGA-XF-AAMW-01A-11R-A42T-07,0.18255377856119034,0.07601953505635467,4.710369429994704,9.36327276489261
TCGA,TCGA-XF-AAMX-01A-11R-A42T-07,0.13458442860311567,0.15971546370082365,4.101266800679648,9.332704059851952
TCGA,TCGA-XF-AAMY-01A-11R-A42T-07,0.13291067577629787,0.1482538669066769,4.320971631265878,10.102107784909393
TCGA,TCGA-XF-AAMZ-01A-11R-A42T-07,0.12026675435355302,0.13976115678051754,5.241385594186955,8.431122960280701
TCGA,TCGA-XF-AAN0-01A-11R-A42T-07,0.13043318788395342,0.11433048214169589,5.555180000638554,8.873998863385326
TCGA,TCGA-XF-AAN1-01A-31R-A42T-07,0.15519987122711312,0.15054976467434633,3.6109598064106594,7.936085108127161
TCGA,TCGA-XF-AAN2-01A-11R-A42T-07,0.18021201024006672,0.1320351165192652,5.231705862965924,8.376773822535805
TCGA,TCGA-XF-AAN3-01A-11R-A42T-07,0.15437434550175594,0.08979719320215422,4.689323241285872,10.156833722110196
TCGA,TCGA-XF-AAN4-01A-11R-A42T-07,0.11623502745820066,0.04924051783289935,6.41647159874571,10.762838938872232
TCGA,TCGA-XF-AAN5-01A-11R-A42T-07,0.16825420802504124,0.06698367916585943,6.009038499531582,8.581433810789639
TCGA,TCGA-XF-AAN7-01A-11R-A42T-07,0.07870899363866143,0.05668608551590216,4.0739778951059655,9.553288001550083
TCGA,TCGA-XF-AAN8-01A-11R-A42T-07,0.07702114352220887,0.0450239414285445,6.482387916988792,11.855871940341911
TCGA,TCGA-YC-A89H-01A-11R-A36F-07,0.16803330169964786,0.15819755515381473,4.961870770406255,9.326702063760722
TCGA,TCGA-YC-A8S6-01A-31R-A38B-07,0.14003021612097682,0.11225835939800809,4.8230997392055635,9.879423116174578
TCGA,TCGA-YC-A9TC-01A-22R-A39I-07,0.13465507589833317,0.07912498761366936,3.975982889953445,8.68115101104895
TCGA,TCGA-YF-AA3L-01A-11R-A38B-07,0.1283024837389583,0.16643453969448813,3.5534255560822374,8.23020193008515
TCGA,TCGA-YF-AA3M-01A-11R-A42T-07,0.1894882334776861,0.13299777379708497,3.6098169730064775,8.301497570638452
TCGA,TCGA-ZF-A9R0-01A-11R-A38B-07,0.13420295688851275,0.15740164319648162,4.839626571721476,9.27664590218398
TCGA,TCGA-ZF-A9R1-01A-11R-A39I-07,0.14978087010913324,0.14334989407186946,4.610755805775542,8.941069460246842
TCGA,TCGA-ZF-A9R2-01A-11R-A39I-07,0.22201233866935657,0.165857443797788,2.5335472254581597,6.441738785445414
TCGA,TCGA-ZF-A9R3-01A-11R-A38B-07,0.12569192043694272,0.16043455013439306,3.990856083956673,8.348588206987676
TCGA,TCGA-ZF-A9R4-01A-11R-A38B-07,0.15681418115657372,0.17508952579173784,4.513544029336833,6.980059564524156
TCGA,TCGA-ZF-A9R5-01A-12R-A42T-07,0.1631909624923528,0.12585962421960337,4.662746501834191,6.901268396622423
TCGA,TCGA-ZF-A9R7-01A-11R-A38B-07,0.13320439262255163,0.11147348136467208,6.670906632116174,7.776568473576963
TCGA,TCGA-ZF-A9R9-01A-11R-A38B-07,0.09701415418385113,0.14018551536136628,5.079285954826728,10.801839939903864
TCGA,TCGA-ZF-A9RC-01A-11R-A38B-07,0.15602313051510083,0.137435222577622,3.7955478012609127,10.273301766094374
TCGA,TCGA-ZF-A9RD-01A-11R-A42T-07,0.15980855428564766,0.060277939277916526,6.84249576316306,8.991672136470102
TCGA,TCGA-ZF-A9RE-01A-11R-A38B-07,0.21565547504237162,0.11260647439040615,3.526158472098963,7.211042088232266
TCGA,TCGA-ZF-A9RF-01A-11R-A38B-07,0.11179701819381557,0.0797726607815831,6.419912746262163,7.045339304584617
TCGA,TCGA-ZF-A9RL-01A-11R-A38B-07,0.18019104760677904,0.20442641678902804,2.3563548021064245,6.44432256792062
TCGA,TCGA-ZF-A9RM-01A-11R-A38B-07,0.15221955793840644,0.21437474206721482,2.760626538392952,6.173719140602901
TCGA,TCGA-ZF-A9RN-01A-11R-A42T-07,0.1474655304667665,0.08027122492269224,5.133306009104543,7.03169000675679
TCGA,TCGA-ZF-AA4N-01A-11R-A38B-07,0.15878512597203925,0.060224957075940964,5.032198254004071,8.951517767841066
TCGA,TCGA-ZF-AA4R-01A-11R-A38B-07,0.15727571062052353,0.1262991403797572,4.13409405749144,10.853383617272726
TCGA,TCGA-ZF-AA4T-01A-11R-A38B-07,0.1374164419771841,0.18383090516049036,2.551046259758217,7.508856990476259
TCGA,TCGA-ZF-AA4U-01A-11R-A38B-07,0.21084470301429384,0.15095306522823126,2.941563004945402,6.498926082690666
TCGA,TCGA-ZF-AA4V-01A-11R-A38B-07,0.16113845523847023,0.10565374686492429,5.4968110017523335,9.795207438820402
TCGA,TCGA-ZF-AA4W-01A-12R-A38B-07,0.2164611670211574,0.10196121445381559,3.9856216147125565,8.401096262214237
TCGA,TCGA-ZF-AA4X-01A-11R-A38B-07,0.1574341650512102,0.18595382844724448,3.7083745803161188,6.54619252861311
TCGA,TCGA-ZF-AA51-01A-21R-A39I-07,0.11126392653617917,0.09906393929702806,6.063538408049728,9.499642466946689
TCGA,TCGA-ZF-AA52-01A-12R-A39I-07,0.1195176059987542,0.11216501810735316,5.253252449312685,10.73215336332168
TCGA,TCGA-ZF-AA53-01A-11R-A39I-07,0.17013379488638555,0.0637472074567666,5.811211957558981,10.114142028072425
TCGA,TCGA-ZF-AA54-01A-11R-A39I-07,0.08060722985031527,0.04238768251215076,5.675951265289555,10.058957332225045
TCGA,TCGA-ZF-AA56-01A-31R-A39I-07,0.15059179862047525,0.11225588138916874,5.803337583481855,9.533855627519552
TCGA,TCGA-ZF-AA58-01A-12R-A42T-07,0.1374894720049114,0.051746608076475714,6.921168228431536,10.175355117702573
TCGA,TCGA-ZF-AA5H-01A-11R-A39I-07,0.13700698915060144,0.09414343535192468,6.130170541024372,9.416730394238602
TCGA,TCGA-ZF-AA5N-01A-11R-A42T-07,0.20756399530641723,0.1508470692053679,3.2036116425189163,8.190184924666672
TCGA,TCGA-ZF-AA5P-01A-11R-A39I-07,0.10217551491933363,0.12065955642712832,5.69538408140527,10.555302060132732
GSE13507,Control C010,0.10541261026907477,0.113737977972815,6.189111175219751,8.391239767858696
GSE13507,Control C017,0.11058687482195373,0.11822159089481296,6.366556853443098,8.345838627532022
GSE13507,Control C029,0.11335825434856485,0.11244442032938005,6.183565997775271,8.045705898349564
GSE13507,Control C030,0.11363037229342282,0.1141224612602961,6.139897725399996,8.153490284926637
GSE13507,Control C040,0.1200939941026126,0.1239744845774457,5.997802553385206,7.672099568027754
GSE13507,Vav-Control MPP RNA-seq 1,0.08143684039675744,0.0807010105646643,6.33120634723454,8.036694985002287
GSE13507,Control C044,0.09981937245165125,0.08699775833563775,6.08583224531632,8.709394323735713
GSE13507,Control C045,0.09005122366743844,0.08326598384754089,5.899375653745695,7.792707177445183
GSE13507,Control C051,0.11313409723503037,0.1254221229401758,6.07543503760792,8.196465410121352
GSE13507,Control C072,0.11298520316217618,0.1270994250264106,6.042163972941044,8.11502061640556
GSE13507,Surrounding BS017,0.13433203112984096,0.12319665323448893,5.46823810743741,6.8229942718418215
GSE13507,Surrounding BS038,0.1380788493160974,0.11623795894170129,5.416252068895412,6.425474363790693
GSE13507,Surrounding BS039,0.11085785770310348,0.11948139627570929,5.958293164093289,8.418272507900536
GSE13507,Surrounding BS040,0.1121409432508289,0.12341018190559006,6.372795178068136,8.174631273933716
GSE13507,Surrounding BS041,0.1056718663934257,0.10586235195700106,5.167412231074392,8.051944222974605
GSE13507,Surrounding BS044,0.12343153628216104,0.13565939004855995,5.7496558627447465,6.6919894547159915
GSE13507,Surrounding BS045,0.12434864810661066,0.12879571645246024,5.516758410076605,7.45930338359585
GSE13507,Surrounding BS047,0.11422559138428526,0.12374901144265951,5.9686903718016895,8.460554485914694
GSE13507,Surrounding BS048,0.12123052043302038,0.12658708207507652,5.888978446037295,7.379591457831457
GSE13507,Surrounding BS051,0.11746578999557596,0.11896226202644103,6.0490954447466425,7.6090231745968
GSE13507,Surrounding BS052,0.11296288169034863,0.11530197669869187,6.282686044595345,8.154530005697476
GSE13507,Surrounding BS054,0.11382727544964058,0.1292617169097341,6.271595689706385,7.904997020695896
GSE13507,Surrounding BS059,0.1176311705269209,0.12184879108117691,5.912545450176333,7.762555275090828
GSE13507,Surrounding BS063,0.11723582272202977,0.1272548822131052,5.764905100717064,8.12957670719732
GSE13507,Surrounding BS065,0.12593792181951288,0.1269032996174325,5.547256886021242,7.937574938182213
GSE13507,Surrounding BS068,0.11515789153390542,0.1115205873988711,6.2632779235396665,7.9212859794390535
GSE13507,Surrounding BS073,0.1119592207165587,0.12421157418359259,6.231393153233907,8.021445747029967
GSE13507,Surrounding BS075,0.11769458172973775,0.1241738357753555,6.046322856024402,8.117446631537518
GSE13507,Surrounding BS080,0.1365628082120035,0.10784266772047266,5.934033012773691,6.9685551797594085
GSE13507,Surrounding BS081,0.12325986426091251,0.12190946481562977,5.95760001691273,7.849198672660821
GSE13507,Surrounding BS083,0.11305393468660635,0.11192865638116832,5.554188357826842,8.590519582269682
GSE13507,Surrounding BS084,0.11976635055820925,0.12458502010113603,6.114251279719278,8.345838627532022
GSE13507,Surrounding BS085,0.11966546482227171,0.11936733043370037,5.678261703147071,8.23181591632991
GSE13507,Surrounding BS086,0.11016561999106014,0.09672227175126359,7.016035761627767,8.35207695215706
GSE13507,Surrounding BS087,0.10702210500099445,0.09723906978744297,6.98345784414145,8.137547899773757
GSE13507,Surrounding BS089,0.11765962378805847,0.12441258790826697,5.8855127101344955,7.864101337042859
GSE13507,Surrounding BS091,0.09430288154757503,0.08551540704231786,6.121182751524876,8.796384294895986
GSE13507,Surrounding BS093,0.11292921101800446,0.1025030741535518,6.907904801460414,7.825978242112062
GSE13507,Surrounding BS095,0.10734103564382513,0.1040500557557716,5.57428962606308,8.444265527171535
GSE13507,Surrounding BS097,0.11316142512092733,0.10401419808717846,5.714305356536189,8.799156883618226
GSE13507,Surrounding BS100,0.11591828071696575,0.12239680300217876,6.309025637456623,7.946239277939213
GSE13507,Surrounding BS101,0.11456886605444283,0.12378531918074454,6.4164634504434135,7.607290306645399
GSE13507,Surrounding BS104,0.10611483987002066,0.10185401455975215,5.855707381370417,8.135121884641798
GSE13507,Surrounding BS106,0.11800398309974502,0.1255492511285688,5.834912965953619,8.116753484356959
GSE13507,Surrounding BS107,0.129594009294176,0.128849044881126,5.880660679870576,7.073220404023962
GSE13507,Surrounding BS108,0.1090336320755381,0.09497158735007173,6.883644650140816,7.3605299103660595
GSE13507,Surrounding BS109,0.11964656716650462,0.1241747610160488,6.031073618052085,7.118274970760359
GSE13507,Surrounding BS111,0.1298965463657,0.12068127927525149,5.560426682451881,6.807745033869502
GSE13507,Surrounding BS113,0.11365206689069556,0.12579787762587297,6.466370047443729,8.010008818550727
GSE13507,Surrounding BS115,0.11915677175602275,0.12404269796191827,5.936805601495932,7.597239672527282
GSE13507,Surrounding BS117,0.12057646246665285,0.12733982508087668,5.789858399217223,7.841920627264942
GSE13507,Surrounding BS119,0.1216977391813715,0.11036804827143634,5.70390814882779,8.138934194134878
GSE13507,Surrounding BS123,0.11288956509601969,0.1289080740739117,5.622809928702276,7.811768724910583
GSE13507,Surrounding BS125,0.10983765056123529,0.0937322981494481,6.116330721260957,8.47337770875505
GSE13507,Surrounding BS126,0.11164580615574418,0.11991997930531188,6.243869802483988,8.473377708755052
GSE13507,Surrounding BS129,0.10479015370922896,0.09291199303147908,5.922942657884732,8.83312109546566
GSE13507,Surrounding BS130,0.11834373480061645,0.13212170976462984,5.764211953536504,8.067193460946923
GSE13507,Surrounding BS131,0.11615458441226331,0.12724309216729132,6.034539353954884,8.021099173439685
GSE13507,Surrounding BS134,0.11624700498436381,0.12997527719312124,5.909079714273533,8.206862617829753
GSE13507,Surrounding BS135,0.13656399372800337,0.12828196432164646,5.304655372825262,6.45701256050617
GSE13507,Surrounding BS142,0.11860423550612238,0.12714920924575654,5.834219818773059,8.10427683510688
GSE13507,Surrounding BS150,0.1180893137709774,0.12315594540209074,5.918783774801372,8.176017568294835
GSE13507,Surrounding BS168,0.13975603303653802,0.12981342151317915,5.4197178047982115,6.244216376074268
GSE13507,Surrounding BS169,0.11574735344132235,0.11635213714295141,5.964531488718329,8.212754368864513
GSE13507,Surrounding BS170,0.12538264911106292,0.11764986147208835,5.629048253327316,8.271671879212107
GSE13507,Surrounding BS301,0.11591543648557441,0.11987472748478621,6.71798247398699,7.8741519711609795
GSE13507,Surrounding BS302,0.11214756520194527,0.11710363671849584,5.920863216343053,8.379456265789178
GSE13507,Surrounding BS303,0.10480755091733247,0.1003322386577473,5.710146473452829,8.943678070764975
GSE13507,Primary bladder cancer BT001,0.1328062215281082,0.12348349114056036,5.301189636922461,5.71291906217507
GSE13507,Primary bladder cancer BT002,0.11863306433164388,0.1144525585861398,5.170184819796631,5.300843063332183
GSE13507,Primary bladder cancer BT003,0.1266339593863377,0.12450641297923169,6.404679948373895,6.799427267702782
GSE13507,Primary bladder cancer BT004,0.13938981763602004,0.12678646399819296,5.44675054484005,5.964878062308609
GSE13507,Primary bladder cancer BT005,0.1299741336947776,0.13990485087724033,5.374663238061816,6.179753688282192
GSE13507,Primary bladder cancer BT006,0.1389389911150875,0.11712002339222179,5.568744448618601,6.387697842450176
GSE13507,Primary bladder cancer BT007,0.1360007555597531,0.12514355238481484,5.372583796520136,6.569302403756881
GSE13507,Primary bladder cancer BT008,0.11335905019010908,0.11168408028494879,5.6283551061467545,8.491052961859328
GSE13507,Primary bladder cancer BT009,0.12622479198837339,0.12841809853899672,5.6061743963688375,6.673967628021434
GSE13507,Primary bladder cancer BT010,0.1281805946757213,0.11919767329684287,5.321290905158699,6.886417238863056
GSE13507,Primary bladder cancer BT011,0.14485684752100586,0.12576265556146637,5.534087089590604,6.329473479283142
GSE13507,Primary bladder cancer BT012,0.1321012612642107,0.12743597508573487,5.669250789799793,6.873940589612978
GSE13507,Primary bladder cancer BT013,0.13587975559197457,0.1331829054809888,5.530621353687804,6.2213425191157885
GSE13507,Primary bladder cancer BT014,0.12821060250069655,0.13459951600110595,5.403775419645333,6.597028290979279
GSE13507,Primary bladder cancer BT015,0.13813131733277806,0.13075701457739716,5.31505258053366,6.311451652588582
GSE13507,Primary bladder cancer BT016,0.13052059483407738,0.12680939944577435,5.2963376066585415,7.323793109796382
GSE13507,Primary bladder cancer BT017,0.1346660876412575,0.1281200417837255,5.350403086742217,6.406759389915574
GSE13507,Primary bladder cancer BT018,0.13050663886069352,0.13663007111567513,5.268611719436144,6.3083324902760625
GSE13507,Primary bladder cancer BT019,0.13202004582197696,0.12790848016880693,5.529928206507242,6.640349989764276
GSE13507,Primary bladder cancer BT020,0.14270249406394958,0.12990498628235825,5.466851813076287,6.601880321243199
GSE13507,Primary bladder cancer BT021,0.13389534706596626,0.13165940575099339,5.403775419645333,6.134005974365236
GSE13507,Primary bladder cancer BT022,0.13131761469767778,0.12635913512294675,5.326836082603179,6.20054810369899
GSE13507,Primary bladder cancer BT023,0.13181029025895058,0.12654670382345445,5.468238107437409,6.467756341804849
GSE13507,Primary bladder cancer BT024,0.14939329206591243,0.09959026456608285,5.931260424051452,7.035443882683445
GSE13507,Primary bladder cancer BT025,0.12648215972000934,0.11655114050183683,5.892444181940095,7.1893225567677534
GSE13507,Primary bladder cancer BT026,0.1379003786690561,0.12393393966055997,5.303962225644701,6.46325088513121
GSE13507,Primary bladder cancer BT027,0.14002264847210263,0.12834862906787112,5.502202319284847,5.9007619481068145
GSE13507,Primary bladder cancer BT028,0.13222199277878943,0.1330980495222362,5.425262982242691,6.798040973341664
GSE13507,Primary bladder cancer BT029,0.1384255526364341,0.13291370997932675,5.3316881128670985,7.015342614447206
GSE13507,Primary bladder cancer BT030,0.1300614157343727,0.12085448968322275,5.468238107437409,7.012223452134687
GSE13507,Primary bladder cancer BT031,0.12970748252587622,0.11163509786943647,5.5722101845214,7.464501987450051
GSE13507,Primary bladder cancer BT032,0.11518920039001448,0.13750098387094184,6.121182751524878,5.893830476301215
GSE13507,Primary bladder cancer BT033,0.13754975188097585,0.1100140521654792,5.805800784370101,6.533258750367764
GSE13507,Primary bladder cancer BT034,0.13899009128224601,0.12862827925969714,5.343471614936618,6.295509267435703
GSE13507,Primary bladder cancer BT035,0.13523587249863173,0.13264092902121874,5.341392173394938,6.760957599181706
GSE13507,Primary bladder cancer BT036,0.12629239214629714,0.136237918027818,5.503588613645965,6.371755457297297
GSE13507,Primary bladder cancer BT037,0.12964754433710304,0.14819173877174108,5.380208415506296,6.196389220615631
GSE13507,Primary bladder cancer BT038,0.1348319125394555,0.1197663759083405,5.466851813076288,7.255171538920948
GSE13507,Primary bladder cancer BT039,0.13849160686590345,0.12420033020027364,5.399616536561974,6.0969226002052785
GSE13507,Primary bladder cancer BT040,0.1367850981776877,0.12247483073362588,5.534780236771163,6.367596574213937
GSE13507,Primary bladder cancer BT041,0.13794271785114295,0.12537822876781735,5.6186510456189165,6.498601391339767
GSE13507,Primary bladder cancer BT042,0.11742698470531265,0.14515521024083178,5.423876687881571,6.480232991054929
GSE13507,Primary bladder cancer BT043,0.13650028005982048,0.11589616353900004,5.529235059326684,6.442456469714412
GSE13507,Primary bladder cancer BT044,0.1299039018147886,0.1403313314482498,5.430808159687171,6.663916993903316
GSE13507,Primary bladder cancer BT045,0.13236989051372308,0.13569382492863202,5.655387846188594,6.683671688549273
GSE13507,Primary bladder cancer BT046,0.1303110780899616,0.11888597903676376,5.9839396097740085,7.5747123891590835
GSE13507,Primary bladder cancer BT047,0.1347116799935579,0.125698897172975,5.387833034492455,7.202145779608112
GSE13507,Primary bladder cancer BT048,0.13312186742294582,0.14239798847950236,5.32267719951982,6.521821821888525
GSE13507,Primary bladder cancer BT049,0.12577418253639266,0.13139767379483552,5.536166531132283,7.10579832151028
GSE13507,Primary bladder cancer BT050,0.11236640704216617,0.12477019981314608,5.9735424020656085,7.148773446704996
GSE13507,Primary bladder cancer BT051,0.13297873045840475,0.12849093701785064,5.450216280742849,6.6077720722779585
GSE13507,Primary bladder cancer BT052,0.12740635892503413,0.11975158201347932,5.70113556010555,6.751946685834428
GSE13507,Primary bladder cancer BT053,0.1298399609436627,0.1322250807773006,5.999881994926886,6.973407210023329
GSE13507,Primary bladder cancer BT054,0.13332062834511824,0.12093581945768944,5.69420408829995,7.078765581468441
GSE13507,Primary bladder cancer BT055,0.12126484779275601,0.14248841929596137,5.82798149414802,7.177192481107954
GSE13507,Primary bladder cancer BT056,0.09224791271065173,0.08391814490745349,5.610333279452197,8.143786224398797
GSE13507,Primary bladder cancer BT057,0.1361499398643847,0.13066843708132816,5.387833034492455,6.899933608883975
GSE13507,Primary bladder cancer BT058,0.11559788372915204,0.14143102582073722,5.5631992711741205,6.920381450710494
GSE13507,Primary bladder cancer BT059,0.13870467437787767,0.1240147263693672,5.69351094111939,7.2056115155109115
GSE13507,Primary bladder cancer BT060,0.14118655588796863,0.11631330340172576,5.3594140000894965,6.230353432463069
GSE13507,Primary bladder cancer BT061,0.12139732822057316,0.12806319278417735,5.493191405937566,7.947625572300332
GSE13507,Primary bladder cancer BT062,0.13418101504756808,0.1345809823035821,5.3240634938809395,6.569302403756882
GSE13507,Primary bladder cancer BT063,0.1419599628286023,0.13011629595059782,5.358027705728377,5.668904216209513
GSE13507,Primary bladder cancer BT064,0.139693070501143,0.1290075613992071,5.3143594333531,5.537899399083683
GSE13507,Primary bladder cancer BT065,0.13451054105277938,0.13215508567773937,5.45298886946509,6.768928791758147
GSE13507,Primary bladder cancer BT066,0.13415848700151958,0.11033307322682656,5.579834803507559,7.1969471757539125
GSE13507,Primary bladder cancer BT067,0.1400324538734299,0.13003691390866734,5.32059775797814,6.486817889270249
GSE13507,Primary bladder cancer BT068,0.1319857267537232,0.1077713696514911,5.605481249188277,7.363649072678579
GSE13507,Primary bladder cancer BT069,0.11318927842033415,0.129554184611803,5.773916014064344,6.867355691397657
GSE13507,Primary bladder cancer BT070,0.09389634637318883,0.09178433858222676,5.825902052606341,8.614433159998999
GSE13507,Primary bladder cancer BT071,0.14455356150791338,0.12797232627581884,5.642911196938514,6.564796947083241
GSE13507,Primary bladder cancer BT072,0.1256841771967064,0.12722122228899832,5.796789871022822,6.945334749210652
GSE13507,Primary bladder cancer BT073,0.11723191601216225,0.11784529425159802,6.099695188927519,7.009797437002727
GSE13507,Primary bladder cancer BT074,0.12258532325859559,0.1286601876508484,5.477249020784687,7.6114491897287575
GSE13507,Primary bladder cancer BT075,0.11797725817394793,0.13063674418356355,5.979780726690648,6.673621054431154
GSE13507,Primary bladder cancer BT076,0.13115061354248816,0.13929888346465072,5.523689881882204,6.401907359651654
GSE13507,Primary bladder cancer BT077,0.12473208834893236,0.1341948425412649,5.5652787127158,6.632032223597557
GSE13507,Primary bladder cancer BT078,0.13625661428854968,0.1366924860125391,5.385753592950776,6.590096819173681
GSE13507,Primary bladder cancer BT079,0.12325732832216417,0.13287118458091277,5.821050022342421,7.09262852507964
GSE13507,Primary bladder cancer BT080,0.13210403825989106,0.1216234878903353,5.654694699008035,7.340082068539539
GSE13507,Primary bladder cancer BT081,0.13519521659676156,0.12063120523323669,5.375356385242375,6.287538074859264
GSE13507,Primary bladder cancer BT082,0.13518961233769283,0.1247363240050626,5.397537095020294,6.84205581930722
GSE13507,Primary bladder cancer BT083,0.13460621068295134,0.08667888836305457,6.261198481997986,8.37425766193498
GSE13507,Primary bladder cancer BT084,0.1333135689815353,0.12820393404632255,5.276236338422303,6.512464334950965
GSE13507,Primary bladder cancer BT085,0.12030219081683413,0.13387133091265663,5.851548498287057,7.017768629579166
GSE13507,Primary bladder cancer BT086,0.12996251962848201,0.12117507268746872,5.451602575103969,6.912410258134054
GSE13507,Primary bladder cancer BT087,0.12657724667350592,0.119666639656182,5.785699516133863,6.549894282701203
GSE13507,Primary bladder cancer BT088,0.1390062467739267,0.11516005237916546,5.384367298589655,7.101986012017198
GSE13507,Primary bladder cancer BT089,0.12703993698754162,0.09785302912499164,6.20228097165039,7.306464430282382
GSE13507,Primary bladder cancer BT090,0.11449934335678416,0.1334172794835809,6.46983578334653,6.825420286973781
GSE13507,Primary bladder cancer BT091,0.13785829141280775,0.11919162755606322,5.626275664605076,6.678819658285353
GSE13507,Primary bladder cancer BT092,0.1365672586155988,0.10353542353373629,6.21822335680327,7.675565303930554
GSE13507,Primary bladder cancer BT093,0.11233689507263292,0.1097218485075998,6.261198481997986,8.415153345588015
GSE13507,Primary bladder cancer BT094,0.12237236258593676,0.14397484663696303,5.3240634938809395,6.7159030324453095
GSE13507,Primary bladder cancer BT095,0.11451704466930172,0.09199351651241097,6.428246952512931,8.220725561440952
GSE13507,Primary bladder cancer BT096,0.1223607956637381,0.11795831377109914,5.629741400507876,6.6985743529313115
GSE13507,Primary bladder cancer BT097,0.12201490140135114,0.10552551078399558,5.218011975255267,6.907558227870135
GSE13507,Primary bladder cancer BT098,0.13632801511071815,0.1106930434433147,5.599242924563238,7.412862522498335
GSE13507,Primary bladder cancer BT099,0.13222504094036827,0.12897260889884657,6.003347730829686,6.59425570225704
GSE13507,Primary bladder cancer BT100,0.12434765764893227,0.10316412787148885,5.1958312654773495,6.390817004762695
GSE13507,Primary bladder cancer BT101,0.1022869865814741,0.10206328622809746,6.3561596457346985,8.159382035961396
GSE13507,Primary bladder cancer BT102,0.14112115916220772,0.12516203669827938,5.71499850371675,6.638617121812876
GSE13507,Primary bladder cancer BT103,0.12971854094580562,0.13002627627830288,5.545177444479561,6.20921244345599
GSE13507,Primary bladder cancer BT104,0.12682152558820123,0.1349678604035868,5.681727439049871,6.5887105248125595
GSE13507,Primary bladder cancer BT105,0.12420285236154506,0.13462482437901138,5.43704648431221,7.33938892135898
GSE13507,Primary bladder cancer BT106,0.1273179866062214,0.12994402265950802,5.504281760826525,7.399692726067696
GSE13507,Primary bladder cancer BT107,0.13172713940853073,0.09881150550532013,5.462692929992929,6.8995870352936945
GSE13507,Primary bladder cancer BT108,0.12101959810894501,0.136339305633495,5.410706891450933,7.20907725141371
GSE13507,Primary bladder cancer BT109,0.1320413532496869,0.1192015111200249,5.511906379812684,7.823205653389823
GSE13507,Primary bladder cancer BT110,0.10758556290312588,0.10102752787676832,5.57290333170196,8.25434319969811
GSE13507,Primary bladder cancer BT111,0.12732465295164389,0.11030461913851004,5.95066854510713,6.9626634287246505
GSE13507,Primary bladder cancer BT113,0.13407022882621975,0.12615891269956467,5.419024657617651,6.826460007744622
GSE13507,Primary bladder cancer BT114,0.13449173779716314,0.12071278335423939,5.4952708474792455,6.289964089991224
GSE13507,Primary bladder cancer BT115,0.12089531072734148,0.11238654985503592,5.610333279452197,7.7985989284799455
GSE13507,Primary bladder cancer BT116,0.13457809600830153,0.11765392665388086,5.665091906716432,7.1463474315730355
GSE13507,Primary bladder cancer BT117,0.0972203327462505,0.09908939291319553,6.102467777649758,8.540959558859644
GSE13507,Primary bladder cancer BT118,0.12645553048972358,0.13553805595920929,5.355948264186698,7.35845046882438
GSE13507,Primary bladder cancer BT119,0.13674886340235365,0.11966665374862553,5.550029474743481,7.232297681962469
GSE13507,Primary bladder cancer BT120,0.13486659983699506,0.1281346670225963,5.684500027772112,7.049653399884923
GSE13507,Primary bladder cancer BT121,0.13845724507934992,0.1086844336664925,5.335846995950458,7.186896541635792
GSE13507,Primary bladder cancer BT122,0.12750725713163236,0.12571752842831266,5.789858399217222,8.213447516045072
GSE13507,Primary bladder cancer BT123,0.13321234214703567,0.12106789540712927,5.667864495438673,6.712437296542511
GSE13507,Primary bladder cancer BT124,0.12215435337119389,0.1129877481664395,5.842537584939779,7.937921511772494
GSE13507,Primary bladder cancer BT125,0.13895858916869216,0.08846603624208983,5.851548498287058,7.34874640829654
GSE13507,Primary bladder cancer BT126,0.11763613455286426,0.14735559687948369,5.222170858338627,6.3876978424501765
GSE13507,Primary bladder cancer BT127,0.13224328193112667,0.12523272027807533,5.572210184521398,7.155704918510594
GSE13507,Primary bladder cancer BT128,0.14719205748008704,0.10195543028274463,5.70044241292499,6.71520988526475
GSE13507,Primary bladder cancer BT129,0.13609107460763253,0.10302990845693856,6.360318528818057,7.248586640705628
GSE13507,Primary bladder cancer BT130,0.11550178054048857,0.11407338825022416,6.20713300191431,7.867567072945659
GSE13507,Primary bladder cancer BT131,0.1237863542597613,0.12745038169486356,5.643604344119074,6.911370537363214
GSE13507,Primary bladder cancer BT132,0.13561782933244046,0.11767209210997749,5.518837851618284,7.003559112377687
GSE13507,Primary bladder cancer BT133,0.13839537363139476,0.12748264562211187,5.278315779963982,6.769621938938705
GSE13507,Primary bladder cancer BT134,0.13365386283797956,0.12646087789119345,5.367731766256217,6.888496680404737
GSE13507,Primary bladder cancer BT135,0.13024696406148584,0.13794873971414406,5.5909251583965185,6.5963351437987185
GSE13507,Primary bladder cancer BT136,0.13222482227048526,0.12188014821924179,5.82174316952298,7.130405046420156
GSE13507,Primary bladder cancer BT137,0.1194586421573105,0.13059338539076143,5.686579469313791,7.741760859674029
GSE13507,Primary bladder cancer BT138,0.12235697195216713,0.13046589099376574,5.835606113134179,6.6930291754868305
GSE13507,Primary bladder cancer BT139,0.12265007905337753,0.11034591468861706,5.561812976813,7.5279249544712865
GSE13507,Primary bladder cancer BT140,0.12468331528294897,0.12660034978272341,5.493884553118127,7.199373190885872
GSE13507,Primary bladder cancer BT141,0.11644651329488065,0.12444632886657159,6.21129188499767,7.5348564262768845
GSE13507,Primary bladder cancer BT142,0.13095497220385421,0.10867266569628596,6.262584776359105,6.5100383198190075
GSE13507,Primary bladder cancer BT143,0.08421875948056745,0.08252377219665684,6.035232501135444,8.732614754284471
GSE13507,Primary bladder cancer BT144,0.1261458378172938,0.13578394677412073,5.493191405937567,6.429633246874052
GSE13507,Primary bladder cancer BT145,0.1345078661322721,0.1269081953462265,5.587459422493718,6.690603160354871
GSE13507,Primary bladder cancer BT146,0.1092510226144173,0.12244154470086478,6.083752803774639,8.526056894477609
GSE13507,Primary bladder cancer BT147,0.11556131024265136,0.10014317550827308,5.538245972673964,8.0779372422456
GSE13507,Primary bladder cancer BT148,0.11863130702147355,0.12874050012136953,5.975621843607288,7.115848955628398
GSE13507,Primary bladder cancer BT149,0.12180566897432266,0.1324990906209051,5.631820842049555,7.61179576331904
GSE13507,Primary bladder cancer BT150,0.1320139615091083,0.1246738808296441,5.478635315145807,7.1213941330728785
GSE13507,Primary bladder cancer BT151,0.13117888879714895,0.12378677904606067,5.44120536739557,7.063862917086402
GSE13507,Primary bladder cancer BT152,0.12775316784597707,0.13644062840830248,5.408627449909254,6.852799600605898
GSE13507,Primary bladder cancer BT153,0.13337862139697682,0.12229308335411018,5.57290333170196,7.006331701099927
GSE13507,Primary bladder cancer BT154,0.12663351972234088,0.1392280847335256,5.368424913436776,5.974235549246169
GSE13507,Primary bladder cancer BT155,0.12209731658260417,0.11603246194724887,5.9132385973568935,8.637653590547758
GSE13507,Primary bladder cancer BT156,0.1116258630272697,0.10175271300815224,5.855707381370417,8.52363087934565
GSE13507,Primary bladder cancer BT157,0.12216254274233775,0.13888112068631708,5.373970090881255,7.259330422004308
GSE13507,Primary bladder cancer BT158,0.11895613425149909,0.1123029178034727,5.8473896152037,8.71597922195103
GSE13507,Primary bladder cancer BT159,0.1231224155104086,0.12991527340506556,5.644297491299635,7.446133587165211
GSE13507,Primary bladder cancer BT160,0.11869813782089175,0.1018507571552524,6.185645439316952,7.490841580311328
GSE13507,Primary bladder cancer BT161,0.12942386937661246,0.12570122692090938,5.416252068895412,7.08742992122544
GSE13507,Primary bladder cancer BT162,0.1371771005144537,0.121166242904189,5.301882784103022,6.743628919667708
GSE13507,Primary bladder cancer BT163,0.10575172030033778,0.09888066936528926,6.941869013307851,6.623714457430836
GSE13507,Primary bladder cancer BT164,0.13507937211649268,0.12042557399945064,5.57290333170196,6.395669035026615
GSE13507,Primary bladder cancer BT165,0.13303995779999764,0.11742700407470864,5.4072411555481334,6.869088559349057
GSE13507,Primary bladder cancer BT166,0.10926392995915635,0.1065904792628227,6.454586545374211,8.575270344297362
GSE13507,Recurrent bladder tumor BT034.1,0.13809820541945717,0.12893425724355817,5.283167810227903,6.893002137078376
GSE13507,Recurrent bladder tumor BT036.1,0.1336842389496321,0.1347381092884514,5.342085320575498,6.456319413325611
GSE13507,Recurrent bladder tumor BT036.2,0.13020852200571115,0.13776921715496374,5.471010696159647,6.730459123237068
GSE13507,Recurrent bladder tumor BT041.1,0.12370051459394946,0.12730121378948248,5.8550142341898574,8.089374170724842
GSE13507,Recurrent bladder tumor BT042.1,0.11621826865127254,0.12593518163645925,5.759359923272585,8.011048539321568
GSE13507,Recurrent bladder tumor BT047.1,0.12990138950460145,0.12170542989940904,5.599242924563239,7.254131818150107
GSE13507,Recurrent bladder tumor BT047.2,0.1307662339138621,0.13271935689550587,5.430115012506611,6.930432084828612
GSE13507,Recurrent bladder tumor BT047.3,0.13173618715753083,0.1319392186255863,5.433580748409411,6.817795667987622
GSE13507,Recurrent bladder tumor BT047.4,0.12358383990395375,0.12170904805538611,5.443977956117811,7.284630294094745
GSE13507,Recurrent bladder tumor BT053.1,0.12190586976566427,0.11916475615632993,6.06850356580232,7.304384988740702
GSE13507,Recurrent bladder tumor BT057.2,0.12453176321101507,0.12944033713825479,5.46199978281237,6.867702264987938
GSE13507,Recurrent bladder tumor BT060.1,0.13892406149936903,0.12076784074032741,5.44467110329837,6.355119924963859
GSE13507,Recurrent bladder tumor BT060.2,0.13611695791082817,0.11472069888217265,5.4876462284930865,6.8947350050297755
GSE13507,Recurrent bladder tumor BT062.1,0.11350553001235258,0.10884148459729956,6.33051320005398,8.059915415551043
GSE13507,Recurrent bladder tumor BT062.2,0.11644743753176293,0.11225970206036585,6.216837062442149,7.961488515911531
GSE13507,Recurrent bladder tumor BT063.1,0.13448531349813317,0.12860158103258987,5.640831755396835,6.5426162373053245
GSE13507,Recurrent bladder tumor BT067.1,0.1380095972891734,0.1224534260778413,5.353175675464458,7.200066338066432
GSE13507,Recurrent bladder tumor BT067.2,0.12575280112486206,0.13315002472044218,5.297030753839101,7.679377613423634
GSE13507,Recurrent bladder tumor BT067.3,0.1378764857800693,0.12958173508560822,5.176423144421672,6.847600996751699
GSE13507,Recurrent bladder tumor BT069.1,0.12316273314741151,0.11391175319120142,6.146136050025035,7.35013270265766
GSE13507,Recurrent bladder tumor BT071.1,0.13733800434799875,0.11173894775524251,5.543098002937882,7.051039694246043
GSE13507,Recurrent bladder tumor BT083.1,0.1285923425914836,0.13326121502064758,5.329608671325419,7.229871666830509
GSE13507,Recurrent bladder tumor BT095.1,0.1159015631506288,0.12780864937259476,6.074048743246801,6.797694399751384
