"","Normal_urothelial","Myeloid","Tumor_epithelial","NK_cell","B_plasma","Endothelial","T_cell","Myofibroblast","Mast_cell","Fibroblast"
"TCGA-2F-A9KO-01A-11R-A38B-07",0.548079275550487,0.116946159431589,1.29729918401387e-05,3.63552420021844e-06,4.66545941153058e-06,0.188113329734224,3.08397904210586e-06,0.0698790602370563,0.000288799641568688,0.0766690174505809
"TCGA-2F-A9KP-01A-11R-A38B-07",0.691233690927476,4.09352455890884e-06,2.10026678887869e-06,1.01917325602832e-06,2.42082803584823e-06,0.146610286543469,0.125598287263721,0.0124589162070927,0.000189177359339495,0.0239000079062605
"TCGA-2F-A9KQ-01A-11R-A38B-07",0.788357545365766,0.000515743360968043,1.58206453270969e-06,7.15898437068573e-07,9.01090191568836e-07,0.154762842342948,2.03353897614088e-06,0.0290356600704524,0.000234800774103147,0.0270881754936257
"TCGA-2F-A9KR-01A-11R-A38B-07",0.592816678751139,0.00742134402551184,0.142539230349468,0.0594166656692617,1.851029913795e-06,0.135498151024059,2.32286180687777e-06,0.0473845956701483,0.000118556378684754,0.0148006042400069
"TCGA-2F-A9KT-01A-11R-A38B-07",0.698802286119555,0.0140740491249308,0.0253457857516028,0.00663986626502459,1.64071115528699e-06,0.183651965149151,0.000118562622876159,0.0403046902931395,6.23623325930565e-05,0.0309987916299727
"TCGA-2F-A9KW-01A-11R-A38B-07",0.421465923738084,0.0840470872399665,1.06504060444525e-06,9.1603673632949e-07,1.81553521109737e-06,0.204784072899231,0.066750953199612,0.142548897473439,0.000112561745949147,0.0802867070911672
"TCGA-4Z-AA7M-01A-11R-A39I-07",0.606493459043802,0.00904774088687124,3.45560465877652e-06,0.0548637896184445,3.11476371805168e-06,0.190973873299274,0.0681767486138206,0.0373255187072517,5.9631794135512e-05,0.033052667668023
"TCGA-4Z-AA7N-01A-11R-A39I-07",0.332107058703202,0.130300184426383,4.16125507215621e-06,1.01025850451955e-06,0.0228923841309636,0.135129732024797,0.0132459195524022,0.125430217721942,0.00154210148569423,0.23934723044104
"TCGA-4Z-AA7O-01A-31R-A39I-07",0.725679119291329,0.019967991561583,7.67934213725933e-06,0.000921500376141794,8.19735112435524e-06,0.174333262085607,2.65780277348641e-06,0.041744983197434,0.00038225757393496,0.0369523514179349
"TCGA-4Z-AA7Q-01A-11R-A39I-07",0.000172058495863807,0.082722646858182,0.0723801738934906,0.774412800189398,0.000177887697178776,0.018225591122129,1.55323380106474e-06,0.0365872048208672,0.00017053606394342,0.0151495476251465
"TCGA-4Z-AA7R-01A-11R-A39I-07",0.698854352840884,0.00635092436759306,7.3586063309812e-07,6.39945394784466e-07,9.60514293003412e-07,0.116512413462861,0.0744987142390384,0.0741889690667945,3.38532711504372e-05,0.0295584364313579
"TCGA-4Z-AA7S-01A-11R-A39I-07",0.812022489449759,4.99171704076514e-06,1.45279198178911e-06,7.56025087328227e-07,1.09731614154811e-06,0.135448070083576,0.0207698240662553,0.0227368054806315,0.000265261683856099,0.00874925138567125
"TCGA-4Z-AA7W-01A-11R-A39I-07",2.46622780689834e-06,0.158042811549746,0.118669431752003,0.621431703099467,0.000130757546806775,0.00516839302389488,1.30734913632273e-06,0.0912346886938627,0.000110370121069559,0.00520807063620783
"TCGA-4Z-AA7Y-01A-11R-A39I-07",0.77725780279851,0.0117891891597025,3.53600200210521e-06,8.54653270863251e-07,8.66581067248603e-07,0.158741682777842,9.27492883817378e-07,0.0274256745185565,4.41498474618341e-05,0.0247353161687038
"TCGA-4Z-AA80-01A-11R-A39I-07",0.774224838796437,0.00141376649407163,1.10106837690772e-06,9.70916868135315e-07,1.72210440202107e-06,0.15137502744475,0.0580928822877077,0.00518238503680956,9.00373279495758e-05,0.00961726852262785
"TCGA-4Z-AA81-01A-11R-A39I-07",0.587804116671846,0.188229562601236,0.0392174314847606,0.006129284538602,1.27911513638461e-06,0.120026818744155,0.0251008779338335,0.0128949666617934,5.39441912680966e-05,0.0205417180573704
"TCGA-4Z-AA82-01A-11R-A39I-07",0.195021168803175,0.113972460895125,0.185996650975377,0.0119938740183462,1.4040282836525e-06,0.250087347985698,2.0022833780994e-05,0.156802243662264,0.000763173215852008,0.0853416535820982
"TCGA-4Z-AA83-01A-11R-A39I-07",0.569855481031919,0.103698953163025,0.0703535312454308,3.4373037459827e-06,1.51249334237122e-06,0.127793523562643,1.87134371205215e-06,0.104123724202945,0.000160954740185974,0.0240070109130505
"TCGA-4Z-AA84-01A-11R-A39I-07",0.385839251288869,0.038429212724288,9.17128295225404e-06,0.00878275380516981,1.41309636227592e-06,0.163093567248835,0.255722281581815,0.0648602677828183,9.14610051697654e-05,0.0831706201837207
"TCGA-4Z-AA86-01A-11R-A39I-07",0.0508333110686851,0.238334516603565,0.202810287381537,0.00343595330924396,1.40482156996123e-06,0.204136130821762,2.38748987066885e-05,0.193663015784754,0.000827320833662819,0.105934184476514
"TCGA-4Z-AA87-01A-11R-A39I-07",0.643632181912972,0.0230762956782864,8.36347871294521e-07,7.39525494996498e-07,2.35228574419284e-06,0.0856366282200754,0.210831688934725,0.0265583611825441,2.55932905315052e-05,0.0102353226217551
"TCGA-4Z-AA89-01A-11R-A39I-07",0.684320285441212,0.00157526647645405,0.1650504639554,7.84488763487218e-07,1.31442198335035e-06,0.146509633831697,5.84498186448606e-06,0.00251356435548499,2.04784983689616e-05,2.36354877218263e-06
"TCGA-5N-A9KI-01A-31R-A42T-07",0.549510204415081,0.098415634480777,1.79865451722526e-06,1.7900664158544e-06,9.68357084584452e-07,0.0625850289781016,1.30468168115085e-06,0.24915430816836,0.000486628804859821,0.0398423333931215
"TCGA-5N-A9KM-01A-11R-A42T-07",0.605835222871056,0.0929570314224257,1.2173545336346e-06,7.55493756652585e-07,1.34528690356937e-06,0.162082892060566,7.4935989129707e-07,0.0210379828867801,0.000168765561222975,0.117914037702864
"TCGA-BL-A0C8-01A-11R-A10U-07",0.72117886619333,0.00999173076670258,9.3041108355618e-07,6.11516291135854e-07,1.07776152811238e-06,0.13132366523789,2.15974530120888e-06,0.07322978929104,4.8292190955641e-05,0.0642228768858779
"TCGA-BL-A13I-01A-11R-A13Y-07",4.87744593139959e-06,0.390146221524277,2.74974897110002e-06,7.90310253342626e-07,2.06356203413153e-06,0.255590885696318,0.132011371123042,0.0975853291632198,0.00521328409896207,0.119442427326991
"TCGA-BL-A13J-01A-11R-A10U-07",0.427934027221361,0.0101784194643519,0.0820948038823586,0.0103168692969762,1.99270210479738e-06,0.319387691794761,1.85347691118327e-06,0.0834285390431619,0.000196585054616448,0.0664592180633969
"TCGA-BL-A3JM-01A-12R-A21D-07",0.210775470593165,0.0450503840769414,1.57613924324413e-06,1.13383651784097e-06,3.29489418236851e-06,0.292631161324008,0.343344455887431,0.0703148696951602,0.000443300262283812,0.0374343532910673
"TCGA-BL-A5ZZ-01A-31R-A30C-07",6.77638446712604e-06,0.147027387749882,2.85456683668252e-06,9.05930332589661e-07,1.80708225063217e-06,0.240253823271485,0.0307730574746375,0.322180895913941,0.000953215529109913,0.258799276097058
"TCGA-BT-A0S7-01A-11R-A10U-07",0.085463642738947,0.0113642158560948,0.358968742289242,5.89075859687326e-06,2.19310296355072e-06,0.105413771319469,0.332623797584078,0.0238164757365619,0.000120222231011983,0.0822210483830346
"TCGA-BT-A0YX-01A-11R-A10U-07",0.166031618926574,0.0650476652011881,0.553002086817995,0.123537490464984,5.59679281792517e-07,0.0529468605271485,1.208860270562e-06,0.0143466850081981,0.000780253789546602,0.0243055707248135
"TCGA-BT-A20J-01A-11R-A14Y-07",0.633645107214883,0.302432009204286,7.25503846232777e-07,9.41023787477108e-07,1.29666049888931e-06,0.0220501979298932,8.84102702323938e-06,0.0159640387013869,5.29433303128555e-05,0.0258438994040833
"TCGA-BT-A20N-01A-11R-A14Y-07",0.661192737277218,0.00234520493406561,0.00271023928870424,1.19054153121087e-06,1.13451520107513e-06,0.23923453022763,0.0600662131628558,0.00992779606439103,2.88793306306492e-05,0.0244920746577728
"TCGA-BT-A20O-01A-21R-A14Y-07",6.71525968714877e-06,0.577464482813246,1.81925788280085e-06,1.1637597331489e-06,1.975010049977e-06,0.156646319852606,0.0873066320149247,0.0421289381021445,0.00318840032037585,0.133253553609349
"TCGA-BT-A20P-01A-11R-A14Y-07",0.757508986682588,0.0107421067268165,0.00261994164228265,8.23366703377187e-07,2.12385622940963e-06,0.155010682559894,9.66362230422238e-06,0.0646004677782249,1.38725689870258e-05,0.00949133119596925
"TCGA-BT-A20Q-01A-11R-A14Y-07",0.529322276085804,0.0897770346762174,3.4763182979625e-06,1.03607617671004e-06,2.84586193721563e-06,0.119459014064599,2.06795691348965e-06,0.168720644072874,0.000507436306462951,0.0922041685807159
"TCGA-BT-A20R-01A-12R-A16R-07",0.415557149880677,0.0852773892200201,8.29553305663659e-07,8.68315954477481e-07,8.59462289402537e-07,0.158314012238394,1.24209558516286e-05,0.196176540416258,0.000576042315482282,0.144083887641768
"TCGA-BT-A20T-01A-11R-A14Y-07",0.561302569268587,0.0650723252885144,0.0518302716348131,0.0122122501491607,1.22526243831845e-06,0.0943713362960451,1.20945171981411e-06,0.155784561343831,0.000122407872467162,0.0593018434324237
"TCGA-BT-A20U-01A-11R-A14Y-07",0.310684973899212,0.0734037429418492,0.343817784714182,1.12179125932224e-06,1.2607639979615e-06,0.116668587986604,0.0524194065521524,0.0417748835689995,0.000152085021510986,0.0610761527602329
"TCGA-BT-A20V-01A-11R-A14Y-07",0.497802418796804,0.0877786900980077,4.81964389252163e-06,1.50463679152302e-06,1.56631790041855e-06,0.212937146923134,0.140246620957734,0.0155661650802887,4.26829512350428e-05,0.0456183845942122
"TCGA-BT-A20W-01A-21R-A14Y-07",0.597917488606961,0.0109938343285427,1.33307166992003e-06,8.19265459723765e-07,2.6520127834205e-06,0.187237154240485,0.118779742672439,0.0517198067854649,0.00120170826649113,0.0321454607497033
"TCGA-BT-A20X-01A-11R-A16R-07",2.35729411160639e-06,0.044114749185671,0.74109393708681,1.73037488526311e-06,1.08249683925448e-06,0.0978020106827627,1.24916140467825e-05,0.0651723464283476,8.53613520781588e-05,0.0517139334844477
"TCGA-BT-A2LA-01A-11R-A18C-07",0.0694193413309541,0.000628691018628087,1.24866817440677e-06,9.36755162044021e-07,3.5207926755771e-06,0.252022613198314,0.612332466283425,0.0248016986559676,6.4041375007733e-06,0.0407830791591989
"TCGA-BT-A2LB-01A-11R-A18C-07",0.526879768219633,0.066701633941257,2.10908146637565e-06,1.19578926858769e-06,2.16351788684801e-06,0.173488369765378,2.69211709174537e-06,0.156465104445068,0.000637458436648376,0.0758195046863034
"TCGA-BT-A2LD-01A-12R-A20F-07",0.485778182773671,0.0679242186127191,1.26068454652813e-06,4.15324935830601e-06,1.19464978111463e-06,0.222638678466939,1.88377045630596e-06,0.134919809999706,0.000137467134423403,0.0885931506583998
"TCGA-BT-A3PH-01A-11R-A220-07",0.860674760208895,0.023231513081191,1.5967608611146e-06,2.83189700555718e-06,7.76017881142321e-07,0.0358035526440897,8.97763533602424e-07,0.0342621045757668,7.04170933858454e-05,0.0459515499573902
"TCGA-BT-A3PJ-01A-21R-A220-07",0.0710620475479034,0.288175053420887,0.205636127568936,0.0505751137399083,1.61924574208589e-06,0.227005253800751,0.0159867519658924,0.048534454799401,2.23158392475263e-05,0.093001262071331
"TCGA-BT-A3PK-01A-21R-A220-07",0.0949292005560153,0.0885036059236233,0.198284512404595,0.214106048241597,1.36018364084604e-06,0.140606772479766,1.80562401269169e-06,0.185287089818591,0.00044994876001751,0.0778296560081416
"TCGA-BT-A42C-01A-11R-A23N-07",0.735961379399532,0.0559950917557841,4.48146908441364e-06,3.03431713973405e-06,1.9159293150983e-06,0.172725900686387,0.000496736383927258,0.0135640453346505,0.000109436157159535,0.0211379785670203
"TCGA-BT-A42E-01A-11R-A23W-07",0.0244963351782028,0.222979019995322,0.444741652393305,0.00450705825649122,2.44086603031185e-06,0.225466985340771,0.00617853081682275,0.03406152929774,1.24238956874893e-06,0.0375652054657476
"TCGA-BT-A42F-01A-11R-A23W-07",2.03084929518932e-06,0.135520654654103,0.509447052415304,0.265654722100952,0.000650933108133019,0.0445995849958757,3.23887148978037e-06,0.0244668068939057,0.000560213735632795,0.0190947623753093
"TCGA-C4-A0EZ-01A-21R-A24X-07",0.199937790006251,0.000671527933025069,2.11183432976688e-06,8.58556065602556e-07,2.30465498763096e-06,0.126973003432676,0.563461871674704,0.0857704373747373,5.60346860222213e-05,0.0231240598472008
"TCGA-C4-A0F0-01A-12R-A10U-07",1.67251607473426e-06,0.0558577030629404,0.347781239582742,8.03287794898897e-07,8.26640838858058e-07,0.184686014460859,0.33537929132817,0.0516560552413632,0.000403681528616548,0.0242327123506004
"TCGA-C4-A0F1-01A-11R-A034-07",8.89357341967862e-07,0.0299068086260348,0.860970143075775,1.48224772553248e-06,5.14429767291639e-07,0.0247389283033971,1.59153785655885e-06,0.0236143075893318,0.000163978786165941,0.0606013560466036
"TCGA-C4-A0F6-01A-11R-A10U-07",0.724748602998041,0.0122766270544788,4.86311225718929e-06,1.54701190987306e-06,1.73626359058908e-06,0.0958008999061021,0.0621841000604827,0.0542038188950999,0.000354437020900458,0.0504233676771381
"TCGA-C4-A0F7-01A-11R-A084-07",0.184861031293067,0.00213764035951868,0.294532815920412,0.0149471871278818,1.4198089709074e-06,0.194448656364351,0.191530252673347,0.0441232575778537,0.000391883939926517,0.073025854934671
"TCGA-CF-A1HR-01A-11R-A13Y-07",0.755784917012801,0.0910692018068279,2.13307198848426e-06,8.94051526631428e-07,1.61959238746668e-06,0.058292180500206,1.45968826219965e-06,0.0562823181673483,0.000653204994702769,0.0379120711139495
"TCGA-CF-A1HS-01A-11R-A13Y-07",0.00272735405278928,0.0719292372930115,0.718068213078532,2.06677227121119e-05,9.70019447873046e-07,0.145269729974682,0.00941345172906579,0.0290357338752814,2.62088395527727e-05,0.0235084334149257
"TCGA-CF-A27C-01A-11R-A16R-07",0.851352662437945,2.42934676005458e-05,2.83467623954616e-06,1.10124291650573e-06,3.37196278996792e-06,0.0959996854982819,0.0450670152120317,0.00559736820515381,7.03318856275074e-06,0.00194463410847854
"TCGA-CF-A3MF-01A-12R-A21D-07",0.881400704950791,1.78493309636327e-06,3.47309241359755e-06,9.57401591634186e-07,1.51772046322202e-06,0.0483380978108576,3.30427797918648e-06,0.0685848264829743,0.000130715470329269,0.00153461785950474
"TCGA-CF-A3MG-01A-11R-A20F-07",0.909841373518737,8.01663137280988e-06,1.8708322691676e-06,5.91497678150893e-07,1.24595179803022e-06,0.0616962857615698,2.34940282093996e-06,0.00666327245008184,1.6619813347437e-05,0.0217683741403237
"TCGA-CF-A3MH-01A-11R-A20F-07",0.829390761435445,0.00321133679256036,1.59573734052485e-05,7.44951728794455e-07,1.31437420971699e-06,0.101647994056156,5.46640862692508e-06,0.0398548295827742,0.000113758597881689,0.0257578364272114
"TCGA-CF-A3MI-01A-11R-A20F-07",0.8218030705897,0.00280430667917403,3.91501369028296e-05,5.3104518779041e-06,4.99200176943378e-06,0.104847602186053,0.000394654700619263,0.0676029262823566,0.000880786082134058,0.00161720088941326
"TCGA-CF-A47S-01A-11R-A23W-07",0.792655673684664,0.0260840771504371,0.0542708939053064,1.17041462757395e-06,1.92485217352157e-06,0.091920605309788,4.70831452712921e-06,0.0225764870339585,2.54920715042421e-05,0.0124589672630132
"TCGA-CF-A47T-01A-11R-A23W-07",0.598305769721644,1.41501776806127e-06,0.117513716828125,7.40647562879821e-07,2.41073926634762e-06,0.0442679053971082,0.176169490238175,0.0435124591625175,9.91578031008667e-05,0.0201269344447324
"TCGA-CF-A47V-01A-11R-A23W-07",0.69999819479656,0.00717079142725725,1.10656755740959e-05,1.18179866967539e-06,1.83770866827157e-06,0.200039677975705,1.44609335179323e-06,0.073172470739787,0.000502125768603294,0.0191012080158235
"TCGA-CF-A47W-01A-11R-A23W-07",0.552327978359364,1.99930038451871e-06,0.310679640910667,6.38854553847051e-07,1.1856195122655e-06,0.0475086754471351,0.0564754687219855,0.0329416655961934,6.08752775293626e-05,1.87191267515126e-06
"TCGA-CF-A47X-01A-31R-A23W-07",0.859866094018748,2.2164743617714e-06,1.63369941894809e-06,6.08170081883476e-07,1.59538699729334e-06,0.125978210301256,4.78174723207164e-05,0.00868774109587694,0.000130097313525443,0.00528398606741301
"TCGA-CF-A47Y-01A-11R-A23W-07",0.571056831425717,2.51911838127935e-06,0.288994155534949,7.09989809240372e-07,3.46204805559309e-06,0.105751038407768,2.57374734033186e-06,0.0309255536458438,4.4421592156857e-05,0.00321873448997909
"TCGA-CF-A5U8-01A-11R-A28M-07",0.734977410042612,2.3339334717823e-06,0.163389384895001,5.26913096921261e-07,3.09410713016671e-06,0.0861965892890563,0.000608940374423641,0.0118468351560255,9.32378880749258e-07,0.00297395291030275
"TCGA-CF-A5UA-01A-11R-A28M-07",0.752437953554356,0.000306588439759457,0.00810898402404983,6.86782698591719e-07,1.77603472389638e-06,0.121926857438889,0.0527114980468948,0.0601524121681958,5.81483730005492e-05,0.00429509513743135
"TCGA-CF-A7I0-01A-22R-A352-07",0.70805160226792,0.00464849449125561,2.92890928025971e-06,9.27057974905914e-07,1.67000708723362e-06,0.102061442709593,0.0389293960567421,0.107924897558451,0.000841119241019084,0.0375375217006772
"TCGA-CF-A8HX-01A-11R-A36F-07",0.732065105351692,0.00173261831321738,0.016932609853094,1.14366142676502e-06,1.04285586018955e-05,0.158850280258883,0.00709884912293418,0.0777342407606099,1.56482584182324e-05,0.0055590758611238
"TCGA-CF-A8HY-01A-11R-A36F-07",0.576212202931248,2.96848275909731e-06,0.15005154198004,0.0382449802699159,2.28448979415109e-06,0.108661374462806,0.0801078212212286,0.0284079463014846,0.000221781360657149,0.0180870985000662
"TCGA-CF-A9FF-01A-11R-A38B-07",0.824634841082402,0.00247336583044628,1.37481048940341e-06,7.70917655720113e-07,0.00104456337876828,0.0633642501752299,2.11265126209887e-06,0.0847360459994284,0.00065050933641565,0.0230921658179019
"TCGA-CF-A9FH-01A-11R-A38B-07",0.756377154822205,0.041557891196866,3.40702902231043e-06,8.56365864137626e-07,1.65220745750681e-06,0.178178105145448,3.00164820561526e-06,0.023856684730959,1.10659362837803e-05,1.01809176881901e-05
"TCGA-CF-A9FL-01A-11R-A38B-07",0.729214312674896,0.0147868158048755,3.40215834275684e-06,9.14629276669677e-07,2.12306094420347e-06,0.125211217973405,1.60903696620505e-05,0.0777725567032753,0.00019031652613903,0.0528022500991828
"TCGA-CF-A9FM-01A-11R-A38B-07",0.655676595905773,0.0303194480101084,0.14051394309795,1.00457151585173e-06,1.53103787960139e-06,0.151004700279164,4.37550488984282e-06,0.0108666218769069,2.05665337356326e-05,0.0115912131820769
"TCGA-CU-A0YN-01A-21R-A10U-07",0.00595465595845071,0.0378528392105531,0.523032646565257,0.182827096115072,1.46087669354624e-06,0.120208618738722,0.00366351066097272,0.05537332843247,0.000362692723042603,0.0707231507187669
"TCGA-CU-A0YO-01A-11R-A10U-07",0.536884899539373,0.0644518908449276,1.55457492829566e-05,1.05095758688201e-06,2.60985222797145e-06,0.119134819408189,1.22656798814405e-05,0.182826434443524,0.00124495462778499,0.0954255288972221
"TCGA-CU-A0YR-01A-12R-A10U-07",0.645389270011813,0.132664108299549,1.32793806406657e-06,7.32180544097412e-07,1.10676143566396e-06,0.139022782034961,3.48520749627967e-06,0.0403468405750147,0.000142256853518075,0.042428090137605
"TCGA-CU-A3KJ-01A-11R-A21D-07",2.03304751242129e-06,0.168062398641887,0.361384415611703,0.264126289715469,1.08433362236283e-06,0.127366245192406,9.45063282349729e-07,0.0160350824085727,3.36018618475134e-05,0.062987904123697
"TCGA-CU-A3QU-01A-11R-A22U-07",0.79732862313366,0.112228950372772,1.12582979296305e-06,1.11592912974356e-06,1.21810408716154e-06,0.057520376238358,3.41224653519693e-06,0.00830333999284309,9.06604149881945e-05,0.024521177737833
"TCGA-CU-A3YL-01A-11R-A22U-07",0.796774054540727,0.00606203332294832,1.76552124236799e-06,9.31427712941606e-07,1.36054858310423e-06,0.114483053844643,2.51304526063445e-06,0.0638373933020326,0.000385583447570669,0.0184513109992794
"TCGA-CU-A5W6-01A-11R-A28M-07",0.756361986980956,0.0428463942905311,6.54442363595455e-06,0.0470544073776795,1.54827863440241e-06,0.0754858727785096,9.66071581031583e-07,0.0589106734907819,0.000306758090442774,0.0190248482172473
"TCGA-CU-A72E-01A-12R-A33J-07",0.0929029490763769,0.0275784345179501,0.555309659984794,0.106985398963164,1.29286898461202e-06,0.0525399281801528,1.22146260435163e-06,0.132329181176026,0.000293735817823426,0.0320581979521241
"TCGA-DK-A1A3-01A-11R-A13Y-07",0.786561306502286,0.0503704322582061,7.26961071515512e-07,8.57006211507539e-07,8.98762978358933e-07,0.0651661014931212,1.46588080424465e-06,0.0434396457502865,0.0012719453307688,0.0531866200542656
"TCGA-DK-A1A5-01A-11R-A13Y-07",0.482160334494791,0.0995713689945791,1.41474236341882e-06,1.36580068936432e-06,1.00946041430858e-06,0.129226172684666,2.75713507384197e-06,0.165766435436612,0.000158089743737826,0.123111051507073
"TCGA-DK-A1A6-01A-11R-A13Y-07",0.756284208374953,0.0666709319880548,1.19826926155258e-06,1.40337941076321e-06,1.69041762435212e-06,0.0714927914050709,0.0496129378504214,0.044732205928483,6.81400312355624e-06,0.0111958183835965
"TCGA-DK-A1A7-01A-11R-A13Y-07",0.781461973355392,1.13642344796548e-05,1.36297170160453e-06,8.64456257176422e-07,2.83867932407431e-06,0.14160006944783,0.0341558967645879,0.0231515753152238,0.000556276228154513,0.019057778547049
"TCGA-DK-A1AA-01A-11R-A13Y-07",0.609742335441174,0.0102994962054312,0.123544968191973,8.20470308857235e-07,1.46924031901595e-06,0.210435995532262,0.00229697117499616,0.0220989392121232,0.000432621209399258,0.0211463833220128
"TCGA-DK-A1AB-01A-11R-A13Y-07",0.187455182716416,0.092666504267821,0.158437624397502,3.90994771124813e-06,1.05104199130471e-06,0.209701152807459,2.1429549642513e-06,0.207620489218683,0.000793068396727222,0.143318874250726
"TCGA-DK-A1AC-01A-11R-A13Y-07",0.487190211339109,0.0735595131179672,8.39180926144514e-07,9.31696536755163e-07,1.96160956507958e-06,0.131743809503443,0.195574732041273,0.022167138408395,0.000219517310857883,0.0895413457919268
"TCGA-DK-A1AD-01A-11R-A13Y-07",0.731326898658332,0.0195721308228965,3.42733089987765e-06,9.63078602138752e-06,1.58461075661477e-06,0.0603314054033977,0.0414641199506579,0.0844121144121556,0.000144482415063475,0.0627342056098196
"TCGA-DK-A1AE-01A-11R-A13Y-07",0.223619190307343,0.00275816092034298,0.255617743815759,9.10833289971378e-07,1.01287592668311e-06,0.0989775219330114,0.255686257328161,0.0164626374387158,6.8079139409932e-05,0.146808485408041
"TCGA-DK-A1AF-01A-11R-A13Y-07",0.32098062620533,0.0875807203914478,2.38069464784094e-06,1.4782726829748e-06,9.9733615183342e-07,0.174751590301968,1.84768291526253e-06,0.135347709920909,0.00137691859195884,0.279955730601988
"TCGA-DK-A1AG-01A-11R-A13Y-07",0.641139858826401,0.0117283261617726,0.0710070911219088,1.62520095059824e-06,1.68243901283646e-06,0.18600006766574,0.0592562290107565,0.0285464238579109,0.000102546750455859,0.00221614896509119
"TCGA-DK-A2HX-01A-12R-A18C-07",0.487792946360531,0.0244013869400866,1.70057441549598e-06,7.6050675346913e-07,9.2532707036465e-07,0.0215124599549816,8.08948798742113e-07,0.317201569895746,0.000795815191872984,0.148291626299743
"TCGA-DK-A2I1-01A-11R-A180-07",0.635533384043415,0.0510167186036047,1.07487302062617e-06,7.12248596468686e-07,2.93825342769043e-05,0.0646389413694651,0.00443494076343853,0.144900416558565,0.00086557726148718,0.0985788517441314
"TCGA-DK-A2I2-01A-11R-A180-07",3.5421063029327e-06,0.197494796857386,0.452595624188115,0.0297420599879139,1.198651027319e-06,0.0878691570790842,0.000126607154461872,0.155406377066594,0.000229152930532307,0.0765314839785825
"TCGA-DK-A2I4-01A-11R-A21D-07",0.207274217304812,0.414630935750629,1.48765525493153e-06,0.000338518561901449,1.48426150571195e-06,0.113847492640833,2.78678127953102e-06,0.122415583037575,0.00100816788512779,0.140479326121081
"TCGA-DK-A2I6-01A-12R-A18C-07",0.375184722355592,0.057280700810832,0.0314814599355896,6.95787754534508e-06,1.74326877583069e-06,0.206738163634217,0.232714795287703,0.0617434686378444,0.000128192645627054,0.0347197955462745
"TCGA-DK-A3IK-01A-32R-A21D-07",0.782136507028339,2.61571155087384e-05,1.06600143095551e-06,9.50226861199468e-07,3.29836916292367e-06,0.0515928646817412,3.91600631699432e-06,0.111060199534529,0.000517297163621819,0.0546577438724887
"TCGA-DK-A3IL-01A-11R-A20F-07",0.739065121028943,1.14495887408304e-05,1.80861843862871e-06,8.62284456923039e-07,3.24526621009148e-06,0.0210774675649019,0.00152862616679705,0.21072784981254,0.000252038558293372,0.0273315311106783
"TCGA-DK-A3IM-01A-11R-A20F-07",6.35331669343818e-06,0.00276192373507728,0.808203014554375,2.60761389890924e-06,8.30044683364622e-07,0.0675046020102814,0.0807415581009024,0.000911489639698714,3.38810767685647e-05,0.0398337399076207
"TCGA-DK-A3IN-01A-11R-A20F-07",0.336933284136427,0.145104696909739,0.0492743640957768,1.69801794492456e-06,1.73001801316764e-06,0.176224846274369,0.0384017394173914,0.156778335232506,0.000276562092534236,0.0970027438052994
"TCGA-DK-A3IQ-01A-31R-A32Y-07",0.0251202933915174,0.00845207224299182,1.08128939413553e-06,7.44868859452e-07,6.67078531815202e-07,0.0232753896271938,8.28218431823685e-07,0.59249087569373,0.00176070205169441,0.348897345537655
"TCGA-DK-A3IS-01A-21R-A21D-07",0.838993994002051,0.0277119717700515,2.08221003881025e-06,5.73293660803664e-06,1.52568005517064e-06,0.117397919837642,1.3329863338642e-05,0.0147526775637081,7.51427279368065e-05,0.00104562340857053
"TCGA-DK-A3IT-01A-31R-A20F-07",0.588281400045509,0.0436748361091432,3.81342343919601e-06,1.52614603532299e-06,5.85765788048667e-05,0.130630728129272,6.56116994928205e-05,0.169201318679246,0.000812161481356849,0.0672700277076998
"TCGA-DK-A3IU-01A-11R-A20F-07",0.173321727818125,0.235078682463938,0.017137069003,0.0068071792422115,0.00361533977525629,0.116251855608547,1.33339043444654e-05,0.301563837639441,0.00105130284582338,0.145159671699313
"TCGA-DK-A3IV-01A-22R-A21D-07",0.672808961026424,0.130718280402557,2.19014779128231e-06,1.74026827946018e-06,1.01546925152338e-05,0.165333354692949,0.00764380228780239,0.0150685437654117,0.000472748420989756,0.00794022429528043
"TCGA-DK-A3WW-01A-22R-A23N-07",1.98989418124202e-06,0.222925582243415,0.578453213292068,0.0559645842946212,1.16751016730177e-06,0.0992388892819787,6.10667977981716e-06,0.0239406046229982,0.000130832934130938,0.0193370292466591
"TCGA-DK-A3WX-01A-22R-A22U-07",0.00138583334929649,0.139408223483574,0.412275408488422,0.00963823828528909,1.02211649693088e-06,0.182362644673459,0.0219705212421001,0.170021174181371,0.000447220005878696,0.0624897141741132
"TCGA-DK-A3WY-01A-11R-A22U-07",1.95491180527289e-06,0.219278892738185,1.10667046151919e-06,7.76238441782297e-07,0.0288203317299495,0.0649898138901762,0.382913055309101,0.120517116061238,0.00189464896689502,0.181582303483747
"TCGA-DK-A3X1-01A-12R-A22U-07",0.706966258474201,0.0172990290323333,2.63893787375237e-06,1.29530643912634e-06,1.84244631619023e-06,0.161385649190381,0.0117978902665235,0.0606877621309368,0.000264747579811178,0.0415928866351854
"TCGA-DK-A3X2-01A-11R-A22U-07",0.602168914653312,0.00380165895698044,0.103707791878679,2.26784050512623e-05,1.47467266973499e-06,0.0681873778488051,0.211554110144292,0.00556269675428686,4.6034065901888e-06,0.00498869327933391
"TCGA-DK-A6AV-01A-12R-A30C-07",0.697426367505863,0.0189222112062815,1.98001451645237e-06,1.38631870562198e-06,1.86860646302267e-06,0.16027918198412,0.0678764631324009,0.0305748584478873,0.000172179031490271,0.0247435037522718
"TCGA-DK-A6AW-01A-11R-A30C-07",0.590165352458419,0.00162696003041321,0.000946083375867059,7.46281221256907e-07,3.43759976558277e-06,0.202938997602942,0.0349425765747553,0.0630056158704695,0.000118387334857029,0.106251842871291
"TCGA-DK-A6B0-01A-11R-A31N-07",0.645811909409646,0.00235571361482091,0.124586191218905,8.72283057320431e-07,2.50146928971349e-06,0.14729444314678,0.0643681886404532,0.014436079789345,8.99276521140963e-05,0.00105417277558878
"TCGA-DK-A6B1-01A-12R-A30C-07",0.679161475435955,0.107297242343621,1.25805189631854e-06,7.02841793867266e-07,1.90315994711777e-06,0.0814133498128481,0.00123247836834013,0.0224519110932906,0.000227917253660235,0.108211761638647
"TCGA-DK-A6B2-01A-11R-A30C-07",0.510146963506405,0.142072535607992,1.31923037263428e-06,9.9899770999089e-07,1.79156401183571e-06,0.157269967001713,2.26694732503523e-06,0.0855486793719499,0.00114493258285067,0.10381054518967
"TCGA-DK-A6B5-01A-11R-A31N-07",0.410725205861412,0.108366267902159,0.1375847236067,0.107888430751507,1.5453803466265e-06,0.160312514852876,1.08182923615713e-06,0.0369895393288785,0.000202268645533938,0.037928421841351
"TCGA-DK-A6B6-01A-11R-A30C-07",0.861735859393025,0.0834011317184301,1.09639428988076e-06,1.85592710148019e-06,4.5759398755031e-06,0.0421262720661036,4.68593164892956e-06,0.00173295497595907,0.000170913403026324,0.0108206542505397
"TCGA-DK-AA6L-01A-11R-A39I-07",0.657983494574226,0.0854669915842397,0.0173632665837917,0.00476017608348405,1.01019965129368e-06,0.150176992455564,2.90783741635104e-06,0.0587172986628147,0.000198286225199651,0.0253295757936122
"TCGA-DK-AA6M-01A-11R-A39I-07",0.156533341209265,0.26726915010544,0.142696866307661,0.000608377724855995,1.89077152106832e-06,0.0915746797876428,0.0559295254360268,0.217103573726911,0.00168775433547627,0.0665948405952007
"TCGA-DK-AA6P-01A-11R-A39I-07",0.82663051959589,3.9923860461149e-05,1.18319931545773e-06,7.88077402251385e-07,1.75959342541745e-06,0.11128936916541,0.035155800288377,0.00789171362660194,0.000265787877200724,0.0187231547159166
"TCGA-DK-AA6Q-01A-11R-A39I-07",0.226736256271583,0.170972257412786,0.347368165528868,2.69916139559996e-06,1.27991852546523e-06,0.214379515062076,7.22586710173471e-06,0.00777251065984631,0.00296418854975734,0.0297959015680602
"TCGA-DK-AA6R-01A-11R-A42T-07",0.0233277831224439,0.00782059883790476,0.640677217040055,0.109368381005017,1.08496698499632e-06,0.0996905533618902,3.68322617039484e-06,0.0853912617706351,6.94125862126225e-05,0.0336500240826858
"TCGA-DK-AA6S-01A-21R-A39I-07",0.3773437252648,0.070597240516173,0.000320198878897517,1.1853857165844e-06,1.19037727292126e-06,0.112464192594925,6.28838503652127e-06,0.27145718412264,0.000502844708497087,0.167305949766041
"TCGA-DK-AA6T-01A-11R-A39I-07",0.0239867419935177,0.0949543315659954,1.34536397227524e-06,6.94384821711216e-07,0.0230538174465263,0.0204493176328712,0.78076341533454,0.0365519785923016,4.95960494033054e-05,0.0201887616360505
"TCGA-DK-AA6U-01A-11R-A39I-07",0.726679644994528,0.0042887085288197,3.66249587861765e-06,0.0102139703249207,2.5179994799769e-06,0.0865636797202397,0.096094810519811,0.0428027733213519,0.000328377953015781,0.0330218541419548
"TCGA-DK-AA6W-01A-12R-A39I-07",0.239321372920153,0.0502995475190089,2.38314605374533e-06,1.13971136428236e-06,2.22496209293155e-06,0.166808727881147,0.50011711543906,0.0167493426007455,9.24301439841915e-05,0.0266057156763911
"TCGA-DK-AA6X-01A-12R-A42T-07",0.472945787113148,0.224291839625651,2.17736369918389e-06,1.9945848976944e-06,2.58808606963272e-06,0.152522854050819,4.76257895635163e-06,0.0746065796610907,0.000836153410705032,0.0747852635249632
"TCGA-DK-AA71-01A-31R-A39I-07",0.727867588594452,0.00625046485282911,0.118485869745109,0.0173292277801773,1.39410981740911e-06,0.0396324523479784,0.0392342852511059,0.0432351627676945,1.75649613454702e-05,0.00794598958949174
"TCGA-DK-AA74-01A-11R-A39I-07",3.03252827343173e-06,0.32259469583061,0.0910985643772571,0.0183774079943334,8.48980231153521e-07,0.0379408886303229,8.91542362578746e-07,0.400866459915179,0.00184464667253162,0.127272563528899
"TCGA-DK-AA75-01A-11R-A39I-07",0.664164090444381,1.42033232378611e-06,1.08008093328515e-06,1.48542744839306e-06,1.58665476067668e-06,0.0625925354096403,0.250727648853041,0.0217329147315069,0.000135593288503406,0.000641644777461901
"TCGA-DK-AA76-01A-11R-A39I-07",0.907424273664416,1.72409584364906e-06,2.62291000048144e-06,7.95702207529229e-07,1.98057076170256e-06,0.0728227881462743,0.00419655229253124,0.00462934786427355,2.84345074334342e-05,0.0108914802462579
"TCGA-DK-AA77-01A-11R-A39I-07",0.742018435708894,0.0798672358824568,2.62865396273054e-06,1.11858000539403e-06,1.58729947701675e-06,0.145870291479481,0.0110968146767912,0.0169021018146122,8.64249378027836e-05,0.00415336096651637
"TCGA-E5-A2PC-01A-11R-A206-07",0.596741254858667,0.0915023457018834,0.126269978411007,2.0275538939751e-06,8.29880003959536e-07,0.161425906126951,1.31103172231615e-06,0.0142703015562753,1.76507736367915e-05,0.00976839410595921
"TCGA-E5-A4TZ-01A-11R-A31N-07",0.510461717864214,0.0162309657438628,0.244600976237002,0.078382508045515,1.53858034836525e-06,0.118484959575321,0.0234567377818668,0.00325489516843967,0.000254312430975735,0.00487138857245443
"TCGA-E5-A4U1-01A-11R-A31N-07",0.812973000741087,2.16071223393945e-06,3.43319910649581e-06,8.33968431605345e-07,4.99861495471307e-06,0.035321756947018,0.129805040817174,0.0215067134852584,0.000376005307430252,6.05620730518941e-06
"TCGA-E7-A3X6-01A-12R-A22U-07",0.470857441555112,0.0932940909675259,0.179395706998794,0.0474357468690833,1.09624527681294e-06,0.149952636897305,1.37590806204204e-06,0.0432041754090013,0.000161486427555041,0.0156962427222849
"TCGA-E7-A3Y1-01A-11R-A22U-07",0.544367558585205,2.18128224208205e-05,0.173674072303842,1.01386991302552e-06,7.08754135219145e-06,0.110957542737905,0.104909524557183,0.0614188091643614,0.00036212124755576,0.00428045717026218
"TCGA-E7-A4IJ-01A-31R-A26T-07",0.739939807254822,0.0328287577374329,1.41556048941617e-06,1.52053245961716e-06,2.50572385596412e-06,0.185649842079064,0.0122866745425625,0.0218911945035299,5.1442141535527e-05,0.00734683992424868
"TCGA-E7-A4XJ-01A-11R-A26T-07",0.645221509040049,4.58468485188781e-06,1.41417179354855e-05,1.0194747308988e-06,4.28316476495293e-06,0.269818126055732,0.0484364527939617,0.0256905896112349,0.000248893804895135,0.0105603996518432
"TCGA-E7-A519-01A-11R-A26T-07",0.529515871077178,0.0206073410037571,0.325545489032105,1.25102573557029e-06,0.000694371595610156,0.0183758831927916,1.06314391530105e-06,0.100154064696115,0.000273767576644686,0.00483089765614796
"TCGA-E7-A541-01A-11R-A26T-07",0.661475427272666,0.139981915478142,2.72243266871773e-06,2.10622769701575e-06,2.67080956239406e-06,0.115314384115774,0.0134397929901109,0.0461510776359501,0.000614247072757555,0.0230156559646708
"TCGA-E7-A5KE-01A-11R-A28M-07",0.758636179604671,0.000321657057114465,3.25706263833012e-06,1.33647813927316e-05,3.10839317113973e-06,0.122069422391522,0.104873939319658,0.00849643017759482,3.17807754085641e-05,0.00555086043682886
"TCGA-E7-A5KF-01A-11R-A28M-07",0.830239375271617,0.000502640652419945,0.00439129223909213,7.91618384202944e-07,2.5356558386191e-06,0.157923941889112,0.00433598709366332,0.00195354832254207,6.3306740992616e-06,0.000643556583231604
"TCGA-E7-A677-01A-11R-A30C-07",0.568863056930341,0.0632290379311686,8.03157490479298e-06,9.23529091291071e-07,1.53848284682263e-06,0.214813745496044,6.72638851929005e-06,0.0562439542173142,0.00220198415071596,0.094631001299053
"TCGA-E7-A678-01A-11R-A30C-07",0.542982003704265,7.33952958532104e-05,0.314293824738368,7.20298852265686e-07,4.56779163760381e-06,0.0509220881536098,0.0858616908757984,0.00561907660612469,4.88395088189428e-05,0.000193793026672041
"TCGA-E7-A6MD-01A-41R-A352-07",0.603414428155494,0.0420460544306256,1.51856068911167e-06,1.13167179360299e-06,0.00138580464343303,0.149287716485809,0.00395738263203061,0.116359044870898,0.00159339504562763,0.0819535235035994
"TCGA-E7-A6ME-01A-22R-A32O-07",0.636971027934987,0.132894896642482,1.14152771266584e-06,1.70618709937235e-06,2.21613876319113e-06,0.123409840197245,0.0678056929249324,0.0286460738425426,0.00065447714801957,0.00961292745621583
"TCGA-E7-A6MF-01A-12R-A32O-07",0.427619678188707,0.0105900378047363,0.205748300417923,1.32782796818897e-06,2.63573112554176e-06,0.226372022445593,0.0816717608182622,0.00128524662772937,7.14777716802694e-05,0.0466375123662757
"TCGA-E7-A7DU-01A-11R-A32O-07",0.819920542400762,3.05921695895636e-06,0.000183571793682243,1.39054834088918e-06,1.81600039945945e-06,0.140638427453949,4.127766311357e-06,0.0360485603207926,0.000238149051662546,0.00296035544714007
"TCGA-E7-A7DV-01A-11R-A33J-07",0.094840546310411,0.454938281913336,1.14003651652441e-06,0.0131535682904686,1.16935859881369e-06,0.129900032875158,1.41075651808454e-06,0.241570828680395,1.70547203300531e-05,0.0655759670582675
"TCGA-E7-A7PW-01A-11R-A352-07",0.83704124497393,0.0138088123327513,1.4336433405128e-06,2.63666687280013e-06,2.37879795576692e-06,0.0669998341203243,0.0550174757151983,0.0263168102763827,4.82903954700697e-05,0.000761083077774443
"TCGA-E7-A7XN-01A-11R-A352-07",0.0515862574766572,0.234352034413249,0.563657153272998,0.0560312701309392,9.79211515559671e-07,0.0785550263516552,2.79426372535763e-06,0.0139480019918624,0.000122147861540531,0.00174433502585693
"TCGA-E7-A85H-01A-11R-A352-07",0.610308982957691,0.0515118827361641,1.11477199801251e-06,5.91982761044841e-07,2.17084892455093e-06,0.0835553521353703,0.188520377978379,0.0479768387440071,4.52032092697654e-05,0.0180774846354359
"TCGA-E7-A8O7-01A-11R-A36F-07",0.730766262935612,0.0639226081058505,0.0294321925824142,5.69834248455046e-06,2.74830663870598e-06,0.137821889699146,2.19560613634313e-06,0.0140486648098598,9.72353967579193e-05,0.0239005042150994
"TCGA-E7-A8O8-01A-11R-A36F-07",0.624374735045827,0.00017424003392439,3.70780708764717e-06,6.58478758871152e-07,1.49409505378507e-06,0.0820077931768121,0.261861224053798,0.0311621602624688,0.000123705713139719,0.000290281333129518
"TCGA-E7-A97P-01A-11R-A38B-07",0.178136171057351,0.187988996540232,0.228966847295059,0.00801992047265788,1.12606309558878e-06,0.167967062365374,3.74291482744947e-06,0.152924574389848,0.000290202774104009,0.0757013561274503
"TCGA-E7-A97Q-01A-11R-A38B-07",0.769213694840672,0.00890258631877242,7.27094121228007e-07,5.5706992238858e-07,1.44999289690699e-06,0.0779124176756639,1.05859742097089e-06,0.0649508119619669,0.000519418534578348,0.0784972779139844
"TCGA-FD-A3B3-01A-12R-A206-07",2.84744719882007e-06,0.202952291451721,0.419345885811962,0.00289317516382802,1.33133512340091e-06,0.0834563845578262,0.00786172635756561,0.151504528304329,0.00094079247701806,0.131041037093428
"TCGA-FD-A3B4-01A-12R-A206-07",2.07359371283498e-06,0.0702553459477986,0.602225090426136,4.14537052810565e-06,0.00034855454838386,0.0904763923741425,9.36478911897819e-06,0.154412570898987,0.00148374625880339,0.0807827157923886
"TCGA-FD-A3B5-01A-11R-A20F-07",0.122367433277154,0.00883721677095792,0.714852350604907,0.0266793529805493,7.28640868966832e-07,0.0489425664361888,1.28888577333461e-06,0.0454351671273613,9.8352143171805e-05,0.0327855431330676
"TCGA-FD-A3B6-01A-21R-A20F-07",0.20173072925283,0.349054175115368,7.78935816655522e-06,3.72188899847653e-06,1.61704496016798e-06,0.148985242189957,0.122494180883804,0.113032910085481,5.10372091411405e-05,0.0646385969712931
"TCGA-FD-A3B7-01A-31R-A20F-07",0.000836026532295669,0.23453740981838,0.182957033572051,2.57875851775532e-06,1.99035194520787e-06,0.181440677865925,0.0253814264134054,0.184796057369248,0.00134626243100309,0.188700536887229
"TCGA-FD-A3B8-01A-31R-A20F-07",4.60841992392328e-06,0.269381682768419,0.0429957505176454,9.14016738865883e-06,1.52471535297024e-06,0.0508747976041835,2.65925608984332e-06,0.376033487516041,0.00342642591588927,0.257269923119066
"TCGA-FD-A3N5-01A-11R-A21D-07",0.0326063715104527,0.0588680415347494,0.73591625069415,0.00371486258410726,7.22115494615354e-07,0.0944391950014635,2.47549185057535e-06,0.0470017735572013,7.08262220327393e-05,0.0273794812884979
"TCGA-FD-A3N6-01A-11R-A21D-07",1.825835510222e-06,0.0176777703439051,0.930412758045013,1.70680352608119e-06,7.31560514710504e-07,0.0313773590579877,1.34832739193363e-06,0.00709193356996286,0.000116882852705914,0.0133176836034827
"TCGA-FD-A3NA-01A-11R-A21D-07",0.640307853648916,0.0968990390821906,3.12968175327474e-06,0.00398072424518145,1.2368246398916e-06,0.115399981117412,2.57163637177097e-06,0.102691697219692,0.000561707177420162,0.0401520593664232
"TCGA-FD-A3SJ-01A-12R-A22U-07",0.552959379451156,0.0285048383376678,1.05693618121587e-06,7.95740616530662e-07,1.64753217396101e-06,0.0449790466621887,0.0856420977127266,0.255036728724027,0.000479093519451839,0.0323953153838101
"TCGA-FD-A3SL-01A-21R-A22U-07",0.467601019811764,0.0377835260770687,7.24000704748743e-07,6.07265735781382e-07,8.57424277179679e-07,0.0433409183937687,8.09897110434782e-07,0.310756140762111,0.00129079959548127,0.139224596771979
"TCGA-FD-A3SM-01A-11R-A22U-07",0.618611670984624,0.147958094690822,2.53547328748681e-06,1.38408400290651e-06,6.47497099508572e-07,0.0539451883865159,8.25515550837355e-07,0.098629957404507,0.000236437598891948,0.0806132583646983
"TCGA-FD-A3SN-01A-12R-A22U-07",0.537824816397122,0.0560660432417305,2.61425065760338e-06,1.69765576099299e-06,1.66634600783893e-06,0.16949546153128,2.95938654364338e-06,0.123583486694468,0.000294190882816936,0.112727063613613
"TCGA-FD-A3SO-01A-11R-A22U-07",0.0515906359370833,0.14950879116871,0.417868460474767,0.0708523795177739,1.23199813822457e-06,0.104999747437084,3.23802658060824e-06,0.0913483277300794,0.000270907447945426,0.113556280261838
"TCGA-FD-A3SP-01A-31R-A22U-07",0.001694258057842,0.208268834721668,1.71092855774643e-06,1.03880250337588e-06,1.0466468831086e-06,0.128206585937898,6.92144936220308e-06,0.385060680214211,0.00150627562536051,0.275252647615713
"TCGA-FD-A3SQ-01A-21R-A22U-07",0.324317594051031,0.106699058329986,2.0704612806981e-06,1.21445471575351e-06,1.41400301686814e-06,0.0785879569926484,7.65434269706425e-07,0.299180089918431,0.00126415790699796,0.189945678447623
"TCGA-FD-A3SR-01A-11R-A22U-07",0.562878654610731,0.0898010640878618,1.25892567204335e-06,1.7654711843042e-06,1.02612800016921e-06,0.0662189184436918,2.33492321024798e-06,0.161613519955645,0.00119291705396767,0.118288540400036
"TCGA-FD-A3SS-01A-12R-A22U-07",0.561329607306411,0.0531170953291324,4.55538876381009e-06,0.00110873251654663,2.03931744186303e-06,0.162133810732441,0.036143498915622,0.110057929669101,7.52563047118232e-05,0.0760274745198278
"TCGA-FD-A43N-01A-11R-A23W-07",0.677689905909669,0.0190372786926623,1.44180845527435e-06,7.08044375905469e-07,1.17725917870433e-06,0.150832258535137,1.95567375411998e-06,0.0640802951226033,0.000304315640545039,0.0880506633136193
"TCGA-FD-A43P-01A-31R-A23W-07",0.710959616109705,0.12574933688104,1.19538075151045e-06,0.00274201378522393,1.67297671384366e-06,0.0701129373712005,0.0276192593922907,0.0266783363775776,0.000204767142814608,0.0359308645826819
"TCGA-FD-A43S-01A-21R-A23W-07",0.345279956699093,0.105296953665166,2.75223265387154e-06,1.65614793186294e-06,0.0163775883913468,0.0641875163387878,0.0148114926656682,0.226805779487702,0.00708792181450004,0.22014838255715
"TCGA-FD-A43U-01A-11R-A23W-07",0.335909324449776,0.231336231714784,2.16917875514922e-06,0.0259328438960976,5.95458790926351e-06,0.038122817772709,1.32876460887931e-06,0.291231768003037,0.00126110403306077,0.0761964575992628
"TCGA-FD-A43X-01A-11R-A23W-07",0.728749070000963,3.7692316043988e-06,0.0682222119800625,1.08915023153543e-06,1.8335225903089e-06,0.164558524930503,0.00212106141589203,0.0361581515610548,0.000135096106607253,4.91921004914063e-05
"TCGA-FD-A43Y-01A-21R-A26T-07",0.0563997482605349,0.205836703694744,0.482142142603675,4.04301385484154e-05,6.82208254619591e-07,0.0938832211241371,1.64973629742389e-06,0.0925624803764952,0.000137556141170725,0.0689953857161425
"TCGA-FD-A5BR-01A-11R-A26T-07",0.54887182128142,0.047176787940352,0.0130201554584545,1.92479076764217e-06,0.00218160049008912,0.137611150468993,0.00797883234762056,0.113692605087161,0.00196786260772363,0.127497259527419
"TCGA-FD-A5BS-01A-21R-A26T-07",1.9257063423667e-06,0.492389752568894,1.06462197242407e-06,0.00791056855983983,0.0310152990997776,0.0579463843739189,8.07475385517893e-06,0.244597920272309,0.0013794660033085,0.164749544039782
"TCGA-FD-A5BT-01A-11R-A26T-07",3.41242819535304e-05,0.252269462910866,8.7223795315825e-07,0.00153376317159383,2.48834080496859e-06,0.0614445428167941,2.09938950332105e-06,0.490132775080449,0.000756203539690619,0.193823668230392
"TCGA-FD-A5BU-01A-31R-A26T-07",1.91387441532677e-06,0.0883311950821101,0.593007140680012,0.0627183428622122,1.82782963740888e-06,0.0348442900210349,1.25950268920634e-06,0.153841237706223,0.000657617456908945,0.066595174984757
"TCGA-FD-A5BV-01A-11R-A26T-07",0.703397818075599,2.08010575285713e-05,1.5855029076141e-06,1.01747277465445e-06,2.7905335570407e-06,0.174399329980581,0.0480070448383774,0.0312861516137479,0.000258404102753859,0.042625056822173
"TCGA-FD-A5BX-01A-11R-A26T-07",5.23231739138374e-06,0.254065609136973,1.11083792705843e-06,7.97603833312597e-07,1.58290225560164e-06,0.113854695708563,0.0174697776514838,0.467177697990706,0.00112541078105786,0.146298085069809
"TCGA-FD-A5BY-01A-31R-A28M-07",0.422149054911709,0.106649995448323,0.11097273304274,1.61988769437517e-06,1.23865757935571e-06,0.16112206752881,6.08357577639504e-06,0.124464531707753,0.0013258781031651,0.0733067971364495
"TCGA-FD-A5BZ-01A-11R-A28M-07",0.378609743912384,0.00598660552151741,9.85717063497504e-07,8.14882612562093e-07,1.08964595838854e-06,0.0824902246222022,1.1076128717838e-06,0.298656498912461,0.00140662776469308,0.232846301408236
"TCGA-FD-A5C0-01A-11R-A28M-07",0.581871810388805,0.0257464683726656,6.99172806409146e-06,0.0794239037824734,1.170346978169e-06,0.0826549966037769,4.20632939437071e-06,0.168425583127672,0.000704031119839345,0.0611608382003309
"TCGA-FD-A5C1-01A-11R-A28M-07",0.0183247960648272,0.293835187155774,0.116946459504277,0.196157071937129,1.36491542517681e-06,0.0300930241593812,1.39357778534821e-06,0.265998486088527,0.000555633993688558,0.0780865826031865
"TCGA-FD-A62N-01A-11R-A30C-07",3.02757863291978e-06,0.473959706085374,0.188366073363522,0.000459025216615117,3.62196943316536e-06,0.0347858779676609,6.5474797344896e-06,0.187581635350349,0.00233594865952205,0.112498536329156
"TCGA-FD-A62O-01A-11R-A30C-07",0.761094334522919,4.43604214519492e-05,6.10349743210734e-06,9.87495124194372e-07,1.81300827989728e-06,0.119450515371891,0.0245359868890216,0.0434841810243318,0.000693628069513014,0.0506880897000358
"TCGA-FD-A62P-01A-32R-A30C-07",0.361360555738361,0.102499585365272,0.0717292595174751,0.132630676096884,8.72134235810025e-07,0.0694822888583724,3.96692055419567e-06,0.158704422649231,0.000714236284139295,0.102874136435476
"TCGA-FD-A62S-01A-11R-A30C-07",0.0889312541304587,0.17550608527972,0.0587428799402868,1.78405356072002e-06,2.49392762175765e-06,0.155239511265464,1.20144623577626e-05,0.320604793034986,0.00174581865517209,0.199213365250372
"TCGA-FD-A6TA-01A-12R-A33J-07",0.62708805360578,0.0629262613296061,2.74849586767318e-06,0.0189718432430193,5.35915271111799e-06,0.0525145952780102,1.39543685351067e-06,0.153003304194603,0.000532448829742507,0.084953990433806
"TCGA-FD-A6TB-01A-12R-A33J-07",0.336999586616222,0.220647512340206,2.62791936670245e-06,1.76794632781037e-06,0.00306202976742171,0.0913978178165699,2.79994264476271e-06,0.201683885828304,0.000877100541813695,0.145324871281124
"TCGA-FD-A6TC-01A-21R-A33J-07",0.502557737317239,0.0404687300654082,2.37336398406805e-06,0.0234016102092252,1.50212428800832e-06,0.123968644501072,4.58270741256933e-06,0.204857418842468,0.000750292171170106,0.103987108697734
"TCGA-FD-A6TD-01A-51R-A33J-07",0.212573427950684,0.277834350842322,0.107992366375026,0.000943603372341378,4.83028059538311e-06,0.159543573985,0.00260714200741739,0.168880533480607,0.000508451924220491,0.0691117197817855
"TCGA-FD-A6TE-01A-12R-A33J-07",0.639019132826682,0.164652119017941,1.42193580619255e-05,0.0126524976229676,2.3607905799383e-06,0.149400453517277,7.83648581575017e-05,0.0114263138354212,9.77486071850418e-06,0.0227447633121935
"TCGA-FD-A6TF-01A-52R-A32O-07",0.342137597502237,0.0396246448102353,1.69804104889059e-06,1.33876240641048e-06,2.76093029772165e-06,0.127878382266242,0.0398729531561308,0.330497561377312,0.00121944948904303,0.118763613665047
"TCGA-FD-A6TG-01A-11R-A32O-07",0.472066350915807,0.0960252500923098,1.13400264661361e-06,0.007148007155247,1.19719325671566e-06,0.0360742851706916,1.39422095269181e-06,0.311383278377688,0.00108557836909517,0.0762135245023045
"TCGA-FD-A6TH-01A-11R-A32O-07",0.438431450148699,0.140142563672985,1.05599592530318e-06,8.13447987090981e-07,1.25618215850573e-06,0.239142081117374,0.00330398410850663,0.0504275365216985,0.000112648138877836,0.128436610665788
"TCGA-FD-A6TI-01A-11R-A32O-07",0.632776047124987,0.0554972281375028,1.20654809502556e-06,6.9642771900827e-07,9.24696375071479e-07,0.149954408282275,5.92279452088891e-07,0.0213851979434578,0.000669847971477231,0.139713850588658
"TCGA-FD-A6TK-01A-42R-A33J-07",0.232147555531713,0.166490184993147,0.0189672780185219,9.71240143565101e-07,9.02869530561724e-07,0.132460825988563,4.32546025332712e-06,0.324546000920577,0.00113596437504165,0.12424599060251
"TCGA-FJ-A3Z7-01A-12R-A23N-07",0.432666582906227,0.00408443244862142,1.04721164073271e-06,3.39005752195953e-06,3.77701239334068e-06,0.331204730781231,5.88084352707226e-06,0.0959204082489111,0.000412512600952098,0.135697237888974
"TCGA-FJ-A3Z9-01A-11R-A26T-07",0.87061820286982,1.88866049005021e-06,6.84854084170725e-06,6.70885858955694e-07,1.68895466383093e-06,0.0673050201411877,0.0401346175569494,0.00539594631396515,5.95357830652231e-05,0.016475580293158
"TCGA-FJ-A3ZE-01A-11R-A23N-07",0.82002285483637,3.94293948330148e-05,5.2407523325342e-06,1.97661622926465e-06,1.77237546632807e-05,0.105161140363001,0.062564669384645,0.0061655397420535,1.36504357173062e-05,0.006007774720155
"TCGA-FJ-A3ZF-01A-11R-A23N-07",0.762852567852237,3.31229072179303e-06,7.37096006720673e-07,8.33294954336015e-07,2.08455243762989e-06,0.0504610857073668,0.16941678442843,0.0122306872202072,7.74952357416289e-05,0.00495441232189707
"TCGA-FJ-A871-01A-11R-A352-07",5.33607639895546e-06,0.0326437616980266,1.47874647591701e-06,1.1893331217326e-06,9.40348209494626e-07,0.0766113813551593,0.294497658108169,0.513142541611465,9.96376914415003e-05,0.0829960750315331
"TCGA-FT-A3EE-01A-11R-A206-07",0.464970628931759,0.0138177994406488,0.0136406515020413,8.61740506381107e-07,1.99496767790398e-06,0.282616689383267,0.124245845750432,0.0271623304799886,0.000383525664096575,0.0731596721395836
"TCGA-FT-A61P-01A-11R-A30C-07",0.277883214503768,0.256637065007657,2.08630080287016e-06,1.91992784447353e-06,1.25656258033849e-06,0.0469916112482951,5.1120111379307e-06,0.293345124230295,0.000689304492930396,0.124443305714689
"TCGA-G2-A2EC-01A-11R-A180-07",0.493372474481734,0.0256475056232199,2.84348482411501e-06,6.81726934267459e-07,6.06641722560623e-05,0.167259461607643,0.000173909037967372,0.174540345921737,0.00195538303469813,0.136986730908986
"TCGA-G2-A2EF-01A-12R-A18C-07",0.0605527395262164,0.1792670127113,0.0698872720784504,4.39576575608256e-06,1.27043776126307e-06,0.421644646447357,0.142362173220483,0.0548289664076007,5.01377268294955e-05,0.0714013856782455
"TCGA-G2-A2EJ-01A-11R-A180-07",0.00109413944732912,0.124816208144458,0.633178622194388,0.0957490164275402,9.12878423035653e-07,0.0869657218076109,1.87735834936266e-06,0.0340574215000747,6.24373638624662e-06,0.0241298365054402
"TCGA-G2-A2EK-01A-22R-A18C-07",0.803497523116803,0.0244657197790333,3.91653920144706e-06,8.17153111645215e-07,0.000342749897243993,0.0534067781786275,6.0768756789564e-06,0.0705942980095205,0.000878849306880628,0.0468032711438991
"TCGA-G2-A2EL-01A-12R-A18C-07",0.164811275853633,4.23260381162911e-05,1.41442566407932e-06,8.91902243763049e-07,1.80845650760151e-06,0.14478131718148,0.663920871893605,0.0264347834304348,1.23424627788284e-06,4.07657203758683e-06
"TCGA-G2-A2EO-01A-11R-A180-07",0.474404610251384,0.0879193041115098,2.36592647301331e-06,9.64345779354248e-07,1.0022666151865e-05,0.106730372793132,0.0859519850648774,0.185206062447556,0.000986169641063503,0.0587881427520733
"TCGA-G2-A2ES-01A-11R-A180-07",0.149689034807556,0.096819237742423,0.491492445675567,0.00855147640436905,8.97884004838619e-07,0.161294524118128,6.60144713152089e-06,0.0619594248677549,0.000248164740623343,0.0299381923124439
"TCGA-G2-A3IB-01A-11R-A20F-07",0.156098647917612,0.0163668865306734,0.733358967717724,5.40414406097802e-05,6.87006743690792e-07,0.0675072657561748,1.18544731894598e-06,0.00790775643081351,6.33387423498614e-06,0.0186982278780946
"TCGA-G2-A3IE-01A-11R-A20F-07",0.923318758025086,5.58983286031734e-06,9.17107657588723e-07,5.33041682018115e-07,8.82059941481966e-07,0.058512345489323,1.67635257148331e-06,0.00382280684064146,0.000192906802177464,0.0141435844480594
"TCGA-G2-A3VY-01A-11R-A22U-07",0.829399895321912,0.0233596466915132,1.62340256765108e-06,1.04339813773881e-06,2.08675104091003e-06,0.114085644947203,0.0232202859133794,0.00823412284590318,7.56277834003065e-05,0.00162002294494247
"TCGA-G2-AA3B-01A-11R-A39I-07",0.79725644548555,0.0448687894616296,9.60277623671557e-07,7.01730349031893e-05,4.34632964442937e-06,0.0882911037465755,0.0500432058972686,0.0194024435387671,5.91901061389143e-05,3.34212189903566e-06
"TCGA-G2-AA3C-01A-21R-A39I-07",1.97119065131202e-06,0.327020632800638,1.44231629065253e-06,1.19602050314206e-06,1.03919038658775e-06,0.0528072615614436,0.099714783399235,0.478262980775574,4.03425986987566e-05,0.0421483501465789
"TCGA-G2-AA3D-01A-11R-A39I-07",0.839783085963562,0.00553133894072462,3.82358824377475e-06,1.59434763581228e-05,2.83976065958175e-06,0.123772340027657,4.26347317772351e-06,0.00555310856076726,0.000301741669568372,0.0250315145392818
"TCGA-G2-AA3F-01A-12R-A42T-07",0.843410253562655,0.00526468530777228,1.27735630861798e-06,8.01154481982372e-07,1.47172281268563e-06,0.0678343903380064,0.0431065615851332,0.0214317383047515,5.33738215700862e-05,0.0188954468465084
"TCGA-GC-A3BM-01A-11R-A22U-07",0.49929737593047,0.0163928028131363,0.12365729616369,1.23833346483286e-06,2.7337705729303e-06,0.255630184670174,0.0694630251476858,0.012056480571741,4.40710274893907e-05,0.0234547915715757
"TCGA-GC-A3I6-01A-11R-A20F-07",0.236905262678365,0.170109015103604,0.287049315694694,3.14209047115027e-06,8.92413053177174e-07,0.19553780924967,3.06892553131606e-06,0.0273380429664246,0.000773208358839092,0.0822802425193482
"TCGA-GC-A3OO-01A-11R-A22U-07",0.492711463793203,0.036768465385587,1.55508606759796e-06,1.08371306674086e-06,1.32173007635136e-06,0.0835907602266779,3.0793355746564e-06,0.294305091370622,0.00150664914546058,0.091110530213664
"TCGA-GC-A3RB-01A-12R-A220-07",0.511254763089155,0.0444583890701242,1.22076303714525e-05,2.03737098042961e-06,1.32823647642746e-06,0.181917760449536,0.231407244034974,0.0101480766711245,1.76259315817612e-05,0.0207805675156768
"TCGA-GC-A3RC-01A-11R-A22U-07",1.96754969235821e-06,0.15191426103587,0.703495032846922,2.66885754970191e-06,8.5224888491296e-07,0.0966105122735224,1.58648498637065e-06,0.0134467686607949,0.00016251503590168,0.0343638350058746
"TCGA-GC-A3RD-01A-12R-A22U-07",0.775548132966781,0.012622220977124,9.93799611991127e-06,0.0228892007453679,1.579920038033e-06,0.150512030432844,3.7092816398933e-06,0.0149477959391497,0.000109111032005684,0.0233562807089299
"TCGA-GC-A3WC-01A-31R-A22U-07",0.0674091431250894,0.216793321983753,0.370666289770251,1.86629417637069e-06,1.2733032456571e-06,0.112729015682453,0.0512161974054417,0.0859828152405506,0.000945423161425904,0.094254654033614
"TCGA-GC-A3YS-01A-11R-A23N-07",0.0975555786262398,0.132945721588575,0.134438832587234,0.00441771441980835,1.35049362494968e-06,0.234127817905849,0.0797137405412718,0.187528440419269,0.000458707486069758,0.128812095932059
"TCGA-GC-A4ZW-01A-11R-A26T-07",0.501147764203205,0.046653548210402,1.53240688665091e-06,1.16144563880987e-06,2.23212006481069e-06,0.253929805493611,0.187602071297094,0.00860701945839701,0.000124091336424043,0.00193077402827649
"TCGA-GC-A6I1-01A-12R-A31N-07",2.18159106684261e-06,0.379851806021925,0.477234500860398,0.00121979701418619,0.000271004070621476,0.048495693338527,2.55024426885775e-06,0.025451758470524,7.45564093099194e-05,0.0673961519791728
"TCGA-GC-A6I3-01A-11R-A31N-07",0.557338665194867,0.143148146578063,1.63937384338431e-06,1.16182252882084e-06,0.000173235194223093,0.0327647333750494,0.150369172144317,0.0951533848205447,0.000509953201230316,0.0205399082953326
"TCGA-GD-A2C5-01A-12R-A180-07",0.725539437527057,0.00713157374645117,1.60014668891089e-06,9.09542400436421e-07,2.29488740436135e-06,0.118649083823135,3.83560834397194e-06,0.101176270392837,0.000569714841697375,0.0469252794839855
"TCGA-GD-A3OP-01A-21R-A220-07",0.742728186796025,0.0184060494711856,1.28149114503375e-06,5.88980003539864e-07,1.64635403574494e-06,0.0900065179988975,1.73105132026831e-06,0.0529122393023853,0.000980436458210322,0.0949613220967908
"TCGA-GD-A3OQ-01A-32R-A220-07",0.4907569969603,0.0370203284804336,0.137015444473469,0.00390083920107215,1.53229831534524e-06,0.177835176182739,0.000593459382884171,0.0840926112638574,0.000151124888138533,0.06863248686879
"TCGA-GD-A3OS-01A-12R-A220-07",0.00583423628275412,0.0874395079337789,2.61548312426357e-06,1.20445829258628e-06,2.06876484440221e-06,0.22383225986719,0.178556259288118,0.349429370724513,6.61854913669912e-05,0.154836291706018
"TCGA-GD-A6C6-01A-21R-A31N-07",0.59316385456303,0.10549047888188,0.130311084634193,3.00717202212625e-06,0.0317089717392167,0.00496178400936143,0.00902421065200048,0.125295930687924,3.96937305905208e-05,9.83929781284956e-07
"TCGA-GD-A76B-01A-11R-A32O-07",0.764271888879961,0.0927713272846577,7.98344117763136e-07,8.32702816414426e-07,6.02807047048624e-06,0.0972279259612881,1.4283588438309e-06,0.0333236740341391,0.000124672217371828,0.0122714241463327
"TCGA-GU-A42P-01A-11R-A23W-07",0.67236294231691,0.00289106455083421,9.83747880069986e-07,1.33713850563146e-06,2.77603532950048e-06,0.198598941558107,0.104583339587382,0.0168458367310448,6.85055665672491e-05,0.00464427276743996
"TCGA-GU-A42Q-01A-11R-A23W-07",0.0104126535933762,0.0955212977966136,0.665687282333576,1.04132905261149e-06,7.91590009584661e-07,0.174776788300586,6.06936824830552e-06,0.0261524412241108,5.54587459966067e-05,0.0273861757184308
"TCGA-GU-A42R-01A-11R-A23N-07",0.688648984672686,5.96770052337939e-06,0.0913751692160813,0.0271380196496018,1.61449305588372e-06,0.1686771984278,1.96695433983666e-06,0.0180017474775422,8.37415964678215e-05,0.00606558981190193
"TCGA-GU-A762-01A-11R-A33J-07",0.00708712508700531,0.455734253588777,0.167969925132711,0.00572839518933555,1.71051086624659e-06,0.0718611586744626,0.012516429442134,0.209024401819861,0.000293485504868196,0.0697831150499805
"TCGA-GU-A763-01A-11R-A32O-07",0.436701863640025,4.79575738423688e-05,0.36392612254461,5.81809279663014e-07,2.21661276176861e-06,0.0534829170822799,0.135546427367322,0.0102687433891975,2.14725114171223e-05,1.69746926444478e-06
"TCGA-GU-A764-01A-11R-A352-07",0.190357079500324,0.138984550898972,0.154978620561646,0.0392956091764811,1.42229295280588e-05,0.13425082516355,0.0023221481181714,0.260711237088978,0.000575928200993744,0.0785097783613559
"TCGA-GU-A766-01A-11R-A32O-07",0.000177579937653179,0.412839582783669,0.124376556092527,0.0850143427558486,1.53471309101193e-06,0.103448598910438,2.07974035623245e-06,0.231959352182854,0.000181981990452567,0.041998390893111
"TCGA-GU-A767-01A-11R-A32O-07",0.642841071008241,5.79842264316527e-06,1.62664841894444e-06,7.0855633988443e-07,3.11181797635611e-06,0.0634885850108394,0.0773872208788386,0.175789079298575,0.00153973273967133,0.0389430656184566
"TCGA-GU-AATO-01A-11R-A39I-07",0.440390032315277,0.147341742892206,1.68620267091013e-06,0.172744525495185,2.34338710178485e-06,0.0204997921968583,1.12050425058361e-06,0.179585628119178,0.000607152886915418,0.0388259760003572
"TCGA-GU-AATP-01A-11R-A39I-07",0.446572692947384,0.0797956120650269,5.96905640838715e-07,1.33435693203448e-06,1.01026903509269e-06,0.189644785616455,8.7784232118783e-07,0.196259186903614,0.000563394247101319,0.0871605088464897
"TCGA-GU-AATQ-01A-11R-A39I-07",0.310685791389321,0.0561996482694499,0.335314805421382,1.90936340677188e-06,1.15091621585872e-06,0.164408201231556,0.0443726346715072,0.0769876787135905,0.000166865593391286,0.0118613144301791
"TCGA-GV-A3JV-01A-11R-A220-07",0.758891467191747,0.0222459372380964,2.65244829355472e-06,6.63988406234332e-07,2.23347087270629e-06,0.0798424651243599,2.45063020661715e-06,0.0609548379532885,0.000475474788037995,0.0775818171666908
"TCGA-GV-A3JW-01A-11R-A20F-07",0.805189882237713,3.18024401159784e-06,1.47145997050218e-06,8.44877013824556e-07,2.28090143335889e-06,0.163726077113532,0.00979498287008524,0.0117275673900963,0.00011789309105861,0.00943581981508562
"TCGA-GV-A3JX-01A-11R-A20F-07",0.547328872749856,0.180732645207457,2.01716497853587e-06,4.1054603569786e-06,1.91606854304722e-06,0.233000610646642,0.00231740092988823,0.026572721945951,8.08939025502028e-05,0.00995881592377587
"TCGA-GV-A3JZ-01A-11R-A21D-07",0.541074764359153,0.0388050865315448,1.03502991900795e-06,8.20849746296208e-07,1.91386738475777e-06,0.177352144403309,0.113857837857681,0.0753864242892325,0.000145282639789914,0.0533746901722387
"TCGA-GV-A3QF-01A-31R-A22U-07",0.828684447067973,4.05814905875088e-06,1.6862349945582e-06,7.74580529339346e-07,1.78591563908004e-06,0.122865236159092,1.04353778568449e-06,0.0408119218946747,4.61895359835344e-05,0.00758285692426972
"TCGA-GV-A3QG-01A-11R-A220-07",0.259866371219366,0.16556859663831,1.1454438509541e-06,1.0068909706936e-06,0.00217027539710212,0.260221750272817,0.0228729786126505,0.100065364792695,0.00059517830887738,0.188637332423361
"TCGA-GV-A3QH-01A-11R-A220-07",0.832943410282761,0.0115239918623037,1.21189310006603e-06,1.19083642318116e-06,2.06417810777368e-06,0.125299489743333,0.0217949893269942,0.00669194393633375,4.27135937319572e-06,0.00173743658127024
"TCGA-GV-A3QI-01A-11R-A220-07",0.612470663364313,0.00890825635677308,2.35271958326887e-06,9.65329903106087e-07,2.92572164097408e-06,0.185743344720446,0.136178478725892,0.0217053987197475,4.1435279584919e-05,0.0349461790621155
"TCGA-GV-A40E-01A-12R-A23N-07",0.314345027123184,0.143571996771883,0.124012234567891,0.0511485762655597,2.23390217756449e-06,0.145931522265257,0.0488786957391829,0.107612305730774,0.000148356661621921,0.0643490509724693
"TCGA-GV-A40G-01A-11R-A23N-07",0.815716017271622,0.00202336776569441,1.74065109185845e-06,7.56790024859329e-06,2.77857012123306e-06,0.132280978750142,0.000340738074563752,0.049527282246991,9.58599394599341e-05,3.66883006422609e-06
"TCGA-GV-A6ZA-01A-12R-A33J-07",0.697411900467443,0.0471487745843216,5.24093110114479e-06,1.09834962112437e-06,5.02430493865126e-06,0.116696423643198,0.114125400013801,0.0227793340758837,0.00026027952157783,0.00156652410811336
"TCGA-H4-A2HO-01A-11R-A180-07",0.779128499694525,0.00803304436359695,6.78044392132228e-07,5.78051044984133e-07,1.17221867363093e-06,0.0406925219730949,1.2942359682647e-06,0.0268314190932493,0.000258078786333308,0.145052713539121
"TCGA-H4-A2HQ-01A-11R-A180-07",0.614111482685264,0.0109437168839017,4.17181554671115e-06,1.23145685655797e-06,2.43188683753687e-06,0.360236801340152,1.98563119946366e-05,0.0069043511372672,7.93373628455643e-05,0.00769661911933499
"TCGA-HQ-A2OE-01A-11R-A206-07",0.658532120828877,0.0192252823665787,2.90197224863879e-06,1.36829055383404e-06,2.44343993627902e-06,0.181512106854516,0.128667904965255,0.00643858958631641,8.97206509745928e-05,0.00552756104474394
"TCGA-HQ-A2OF-01A-11R-A26T-07",0.579521667954125,0.0043219931670218,1.70477448559095e-06,7.79765350060652e-07,2.29929671818703e-06,0.226859388706917,0.157780295569068,0.0193222164029235,4.10754971873737e-05,0.0121485788662032
"TCGA-HQ-A5ND-01A-11R-A26T-07",0.48435433797698,0.0306066459599646,0.119521518114173,1.66375432160513e-06,9.25662256205045e-07,0.231742328345926,0.0761095850916257,0.053935859541648,5.50410795007701e-05,0.00367209447360494
"TCGA-HQ-A5NE-01A-12R-A28M-07",0.333210668423706,0.0742162028774745,0.23013340251002,2.83684554391312e-06,8.66567984043332e-07,0.195968924556668,2.04572619772157e-06,0.0734030936053728,0.000366570753295107,0.0926953881337377
"TCGA-K4-A3WS-01A-11R-A22U-07",0.272066176068877,0.0582186496690827,1.39914817538877e-06,1.51243084337993e-06,2.70579668341227e-06,0.0980940767511177,4.30885259959548e-06,0.389083430264081,0.00206125968313117,0.180466481335408
"TCGA-K4-A3WV-01A-11R-A22U-07",0.503951951537829,0.0532386116311019,2.33465873877897e-06,1.35900456626264e-06,1.83666564770264e-06,0.321572586204297,0.00769681528288583,0.038136485012518,8.11188677166122e-05,0.0753169011346993
"TCGA-K4-A4AC-01A-21R-A26T-07",5.16496403029584e-06,0.15289655056031,0.717915340070214,4.7111903390816e-06,7.86373100260769e-07,0.0484191000637983,3.40309021168241e-06,0.0582330264870619,0.000290674652057448,0.0222312425488776
"TCGA-K4-A54R-01A-11R-A26T-07",0.427681803819647,0.112770497220244,3.82429025139293e-06,1.17871525215568e-06,1.46799432761697e-06,0.188092247422752,0.0297548559928147,0.152744613545587,0.000529189476515923,0.0884203215226077
"TCGA-K4-A5RH-01A-11R-A30C-07",1.801006181644e-06,0.429342214790407,7.83051465607553e-07,1.20196258903668e-06,1.21213791315154e-06,0.205759215624246,0.0539216197195441,0.188504518193246,0.000112319836068826,0.122355113678338
"TCGA-K4-A5RI-01A-11R-A28M-07",0.361685907670557,0.0725026028962505,0.257596761116142,2.54027982839523e-06,9.65419395517433e-07,0.160688861139497,0.00672758061078435,0.0811165783906721,0.00149134481887947,0.0581868576579947
"TCGA-K4-A5RJ-01A-11R-A28M-07",0.046364626048055,0.683301324797565,2.01986503061761e-06,1.76200364828908e-06,3.06650406287325e-06,0.0893808374106747,0.0585716102709123,0.0623381878598752,3.31487452066159e-05,0.0600034164949693
"TCGA-K4-A6FZ-01A-11R-A31N-07",0.320294282149553,0.106447446870646,0.384672635201437,0.0147242482430986,1.17763617414272e-06,0.119364891176478,2.08824256513764e-06,0.0119549203928089,0.000793254175903249,0.0417450559113366
"TCGA-K4-A6MB-01A-11R-A31N-07",0.686205519852172,0.00794824625270589,1.77694014934631e-06,0.00269485229568815,9.23786179394615e-07,0.129714030793011,3.60391347814175e-06,0.10597059275389,0.000282452720950893,0.0671780006917746
"TCGA-K4-A83P-01A-11R-A352-07",0.259244998556718,0.185910217964363,1.20444375947052e-06,8.27068698857639e-07,0.0193874043158081,0.0932718212079563,0.0032731162791044,0.24427484097183,0.00393634842011507,0.190699220771647
"TCGA-K4-AAQO-01A-11R-A38B-07",0.376318742045771,0.015751210567469,1.37549396845371e-06,6.13335108284597e-07,6.42701068746482e-06,0.0264316012609766,5.91720340470263e-06,0.450157754768385,0.00228612737528424,0.129040230938945
"TCGA-KQ-A41N-01A-11R-A33J-07",0.825326323183224,1.80433985883874e-06,1.5419808201203e-06,6.34400255885841e-07,1.74116710777857e-06,0.0834655982220399,0.0339662218827666,0.0502307630622516,0.000324505135032522,0.00668086662664367
"TCGA-KQ-A41O-01A-12R-A352-07",0.825984910029076,1.36327550941127e-06,4.28689982353132e-06,7.07786620936414e-07,2.60856059953925e-06,0.0295566616232853,0.133987092594141,0.00745574466244536,1.87465377652465e-05,0.00298787803073333
"TCGA-KQ-A41P-01A-12R-A33J-07",0.68509461497749,0.0394848545897284,6.32991435621957e-06,1.62295269991958e-06,4.15945053104333e-06,0.104509874421975,0.00048589729809938,0.127002920093094,0.000726655831321543,0.0426830704707047
"TCGA-KQ-A41Q-01A-11R-A33J-07",0.713094535990238,0.00162782634167768,1.69732063698883e-06,1.07670127883167e-06,5.62842534757851e-06,0.17374227337616,0.0644407409508883,0.036401797328516,9.83651107249155e-05,0.0105860584545311
"TCGA-KQ-A41R-01A-21R-A352-07",0.87558665542949,0.00240043167607785,1.07499731951652e-06,6.134533888672e-07,2.65701892077071e-06,0.0585425181615701,4.08189872688699e-06,0.0624983153600647,0.000917264207301149,4.63877971395269e-05
"TCGA-KQ-A41S-01A-12R-A33J-07",0.465468857148267,0.0742374659821395,1.35057515450602e-06,7.11249283795754e-07,1.44487701576133e-06,0.242508906041532,1.43260176044839e-06,0.0792379798494039,0.000931133082966703,0.137610718592476
"TCGA-LC-A66R-01A-41R-A30C-07",0.240557777723481,0.148321570671338,0.156645799718209,4.07987316626361e-06,1.82958985111313e-06,0.183534147159704,0.108740438143989,0.119168974966689,0.00083038861455124,0.0421949935390214
"TCGA-LT-A5Z6-01A-11R-A28M-07",0.762170150476969,0.0351258553941068,3.34499494499692e-06,0.00286652287213604,6.86830542087471e-06,0.101152716080884,0.0852489481869234,0.00984703426071429,0.000291179887383695,0.0032873795405165
"TCGA-LT-A8JT-01A-11R-A36F-07",0.812620771394955,0.00219493433711725,3.92527913871899e-06,8.48008880763805e-07,3.80938285392648e-06,0.0970192099169252,0.0393767678043399,0.00791433465894778,0.000150631852099795,0.0407147673647416
"TCGA-MV-A51V-01A-11R-A26T-07",0.837208769880979,0.025187960671329,6.75136549586475e-07,5.98195131608377e-07,7.73558447300562e-07,0.06112109503771,7.77915574832934e-07,0.0333387385597774,0.000267866827161788,0.0428727442173402
"TCGA-PQ-A6FI-01A-11R-A31N-07",1.90524450613002e-06,0.136560880866546,0.663764274289256,0.00390432023132987,1.33799134980386e-06,0.0719139252875468,0.0660412301123868,0.0384266143013049,8.0712860520981e-05,0.0193047988152524
"TCGA-PQ-A6FN-01A-11R-A31N-07",0.0467851571066552,0.083669852382963,0.545003415237611,7.63401725667648e-05,2.42993823243967e-06,0.0376631599448744,0.0874103309463876,0.175298429940249,0.000366507682728709,0.0237243766477319
"TCGA-R3-A69X-01A-22R-A30C-07",0.540182952360602,0.0990517006408555,1.96233133515782e-06,1.04032821649968e-06,1.86401027366957e-06,0.0866192911731428,1.43080281506241e-06,0.187322144629418,0.00127686015291268,0.0855407535704289
"TCGA-S5-A6DX-01A-11R-A31N-07",0.567109432864744,0.119279719779938,0.0482277596185178,0.0419239081730779,0.000172427720812455,0.0160229401784476,1.12145205246462e-06,0.177488473661446,0.00049921710461315,0.0292749994463517
"TCGA-S5-AA26-01A-11R-A38B-07",0.755417206739519,1.85034923305225e-06,0.0242763110488283,7.22502529982431e-07,1.59960855033982e-05,0.115596808860964,0.0619483341315862,0.0343371018083301,1.50349858611855e-06,0.0084041649749196
"TCGA-SY-A9G0-01A-12R-A38B-07",0.190269306805987,0.00784268157870673,1.5071385242881e-06,9.20721720024026e-07,4.84652498635329e-06,0.0904411503439537,0.0114202266735796,0.415807762085984,0.00369961320280669,0.280511984923751
"TCGA-SY-A9G5-01A-11R-A38B-07",0.29492268054776,0.146112677406276,0.0511910533105969,0.0191484759118379,9.19999134734589e-07,0.129098478339122,9.47000854305703e-07,0.237408342069064,0.00133245602183349,0.120783969393521
"TCGA-UY-A78K-01A-11R-A33J-07",0.690294617917406,0.105797035077972,8.6760299653518e-07,1.45371772200317e-06,3.48270397510358e-06,0.0683613413193489,0.0535528877034533,0.0694808936133941,0.000134460635632269,0.0123729597080997
"TCGA-UY-A78L-01A-12R-A33J-07",0.0847159109843081,0.0512838073849307,0.183877610587132,0.375004742519361,9.55471699073416e-07,0.0576997099352041,1.41828767134212e-06,0.211779152299123,6.73035599973829e-05,0.0355693889705726
"TCGA-UY-A78M-01A-21R-A352-07",0.638188036459698,0.0137894978700959,0.059474179686596,2.08796257135052e-06,1.7674871332534e-06,0.0400266794461385,0.0301330703186358,0.179004056061357,0.000304215466451878,0.0390764092413221
"TCGA-UY-A78N-01A-12R-A33J-07",0.521323946977465,5.29581859400117e-06,1.61428569865959e-06,6.51916116899867e-07,1.71718547946944e-06,0.0919815912328373,0.290265632363315,0.0809479562838782,0.000205668604180269,0.015265925332435
"TCGA-UY-A78O-01A-12R-A33J-07",0.878687557868607,0.00140983034256551,2.83426365044953e-06,5.55819270631143e-07,3.6657101378566e-06,0.055525609605755,0.0050824396491778,0.0415427899959648,0.000314264195644041,0.0174304525492268
"TCGA-UY-A78P-01A-12R-A36F-07",0.212826675600131,0.26495242700715,0.285816861555359,0.000477461169730387,4.90807812197088e-06,0.103653276949727,5.91667315386063e-06,0.0904585768114186,0.00230756970811424,0.0394963264470939
"TCGA-UY-A8OB-01A-12R-A42T-07",0.158792631458817,0.263579829163234,0.323892334607782,0.000294157921759043,8.8995448652971e-07,0.152938119485439,0.0104630241646096,0.0451480545345405,3.10549130902309e-05,0.0448599037962418
"TCGA-UY-A8OC-01A-11R-A36F-07",0.0978345850195128,0.0261664193583552,0.278079316881036,1.28487665041147e-06,5.32639626380333e-06,0.14924888071148,0.00330637785508328,0.346799467948746,0.000235851941405646,0.0983224890114667
"TCGA-UY-A8OD-01A-11R-A36F-07",0.497526381206055,0.0468430151044885,1.09007507818708e-06,8.28491378395855e-07,1.37716277106789e-05,0.0199506357662326,0.00662779905834883,0.33372441125944,0.00150449548380075,0.0938075719274664
"TCGA-UY-A9PA-01A-11R-A38B-07",0.49085401475425,0.159024425569382,0.0775884820301709,9.32892797691446e-07,1.03436518461783e-06,0.17886251472265,7.01561562550798e-07,3.570951141449e-06,0.000242932884647648,0.093421390268213
"TCGA-UY-A9PB-01A-11R-A38B-07",0.0697468717550354,0.323811527817349,0.0650816948803178,5.70963552747812e-06,2.01818453975632e-06,0.190870451172623,0.0235243613540036,0.194592409629811,0.000873002083518272,0.131491953487274
"TCGA-UY-A9PD-01A-11R-A38B-07",0.697303080592915,0.00455786108410938,1.01433194447017e-06,1.15720915036295e-06,3.10832562280058e-06,0.0873698932625194,0.0522673052614019,0.114527989565313,0.000283241187944118,0.0436853491790795
"TCGA-UY-A9PE-01A-11R-A38B-07",0.579921520571692,0.00526362556476734,2.22725224187958e-06,1.0362876844899e-06,2.23386642451342e-06,0.0884238638102199,0.163065043806011,0.127616523831504,0.000307864489771451,0.0353960605196827
"TCGA-UY-A9PF-01A-11R-A38B-07",0.757542736302914,0.00890770231986575,1.40048989239549e-06,7.44773835270139e-07,1.92761672057881e-06,0.0433770636933505,1.8182441858582e-06,0.106380013478544,0.00163786267230947,0.0821487304083829
"TCGA-UY-A9PH-01A-11R-A38B-07",0.605247916271103,0.210349013560944,1.4731823630904e-06,1.44412911778946e-05,3.59452091339868e-06,0.0906249222681589,1.81798669023546e-06,0.0599147726502801,0.000408954900696555,0.0334330933676723
"TCGA-XF-A8HB-01A-11R-A36F-07",0.581020798770805,0.0629551271992883,0.0156705088727991,1.08425182734259e-06,2.68022279168458e-06,0.128215822461362,0.194398992017501,0.0135772644444966,7.69131816283986e-07,0.00415695262731321
"TCGA-XF-A8HC-01A-11R-A36F-07",0.915727298827735,0.00271940422185679,1.91809914989762e-06,1.04592151646676e-06,4.15086080208474e-06,0.0422760692515656,0.0132680718424709,0.017296169049675,0.000163990852799052,0.00854188107242941
"TCGA-XF-A8HD-01A-11R-A36F-07",0.362579953919259,0.247548309143997,2.35202216135748e-06,1.24666276434013e-05,1.08454764031826e-06,0.248382978420819,1.84401802917168e-06,0.0945289866283468,0.000116481240272054,0.046825543431832
"TCGA-XF-A8HE-01A-11R-A36F-07",0.0943214031140645,0.0950288479919052,0.51386713143047,0.0744749542977494,1.26402990220385e-06,0.12211769412879,0.0216142641737539,0.0493350620231971,0.000614670826987565,0.0286247079831804
"TCGA-XF-A8HF-01A-11R-A36F-07",0.753637593459662,0.0302645968132096,8.86724164841629e-07,7.77469823226986e-07,2.71369448081332e-06,0.057947651695949,8.90513642989096e-06,0.112276526830553,0.000420580558097229,0.0454397676176304
"TCGA-XF-A8HG-01A-11R-A36F-07",0.937686338661026,0.00197586247262512,1.65008464513326e-06,7.65796526086873e-07,1.85027109431505e-06,0.047403844865844,4.48453759548034e-06,0.0016218094040112,3.23770950588972e-05,0.011271016811574
"TCGA-XF-A8HH-01A-11R-A38B-07",0.703915181849486,0.0171244802337618,1.24655887859825e-06,8.65826388764718e-07,1.2645979722306e-06,0.0277190223462651,1.2142202742475e-06,0.17148647710013,0.000268940161184224,0.0794813071056591
"TCGA-XF-A8HI-01A-11R-A38B-07",0.709088511103189,0.00973411361181006,0.0364530105586037,1.22955050257561e-06,4.44583453627554e-06,0.212619851613501,3.53121168179458e-05,0.024556610422712,0.000337147125674335,0.00716976806265239
"TCGA-XF-A9SH-01A-11R-A39I-07",0.625827867771279,0.0047989275144956,0.157030357385017,8.07646677684775e-07,2.67542154621192e-06,0.118845129972518,0.0374834953899732,0.018723038768905,0.000660704501716373,0.0366269956278725
"TCGA-XF-A9SI-01A-11R-A39I-07",0.155175402020133,0.303598392150399,1.71087696535779e-06,1.74094588513981e-06,6.21593404628333e-06,0.122718398101809,0.119091670515393,0.216539860178763,0.000791085195247612,0.0820755240813589
"TCGA-XF-A9SJ-01A-11R-A39I-07",0.374266690815958,0.176252819703521,1.31243069184849e-06,0.13867292320988,1.04517213387384e-06,0.0424339243761658,1.73646817784107e-06,0.225119788262085,0.000382014191917766,0.0428677453694688
"TCGA-XF-A9SK-01A-11R-A42T-07",0.387576340170692,0.134477516212366,1.59273866867076e-06,1.69307086532096e-06,1.02407482796828e-06,0.135398565145968,8.97036408619953e-07,0.2175958633144,0.000799702004589154,0.124146806231215
"TCGA-XF-A9SL-01A-11R-A39I-07",0.211101473200774,0.0668061745538782,9.42136647503571e-07,7.54495592651961e-07,0.00153418523770852,0.0315744715094358,3.98222678979902e-06,0.482896123056491,0.007152919494121,0.198928974088562
"TCGA-XF-A9SM-01A-11R-A42T-07",0.0788663276210223,0.427756310761231,0.0695291655113521,0.0133889959885533,1.2965257833955e-06,0.139297279949833,0.0500235739433265,0.159032017462592,0.000187169980050752,0.0619178622562558
"TCGA-XF-A9SP-01A-11R-A39I-07",0.302622887733378,0.0524350364045568,1.37819902804835e-06,1.11851512492777e-06,3.53312247260748e-06,0.0625871791961033,8.64347372893575e-06,0.409389940076555,0.00274841578463744,0.170201867494416
"TCGA-XF-A9ST-01A-11R-A42T-07",0.259963445701534,0.0345036218606831,1.45198140763818e-06,8.18264118038674e-07,2.07011872438822e-06,0.151695512978717,0.509526728545699,0.0354435301458007,5.97778241624926e-05,0.00880304257915334
"TCGA-XF-A9SU-01A-31R-A39I-07",0.501623372647824,0.0295185327141312,0.00596255742152673,9.50707564646065e-07,2.5755657727608e-06,0.0444443587590855,0.0381071654412623,0.308080296958577,0.00168445601700258,0.0705757337672534
"TCGA-XF-A9SV-01A-21R-A42T-07",0.72958724554434,0.00221617337839346,9.61615159231311e-07,5.38203026962405e-07,9.44235537631455e-07,0.0402445839602221,1.85616524381316e-06,0.14628929239124,0.000353592256795164,0.0813048122500415
"TCGA-XF-A9SW-01A-11R-A42T-07",0.000324457365647077,0.0388387553901009,1.24176954542967e-06,0.00631550529523054,1.84179972924314e-06,0.0433703210748822,2.79131621450057e-06,0.689904832099196,0.00277037997796553,0.218469873911488
"TCGA-XF-A9SX-01A-21R-A39I-07",0.12400673467663,0.282585879286911,1.47072012332912e-06,2.95283385674005e-06,1.54540322012268e-06,0.0884600392366775,3.60630841998108e-06,0.35876795928411,0.00127764890512622,0.144892163344924
"TCGA-XF-A9SY-01A-21R-A42T-07",0.0270401867438434,0.298277867493267,0.0295826964164485,4.84020489675642e-06,2.20873062272976e-06,0.238161394083061,0.0831630730923986,0.180185781303447,0.000317991819277887,0.143263960112737
"TCGA-XF-A9SZ-01A-11R-A39I-07",0.450677246596865,0.0874158609508378,8.55805634199202e-07,0.00905827967041427,9.3841675326231e-07,0.131219217880065,8.69030954098905e-07,0.243304781222003,0.000641688382786641,0.077680262043686
"TCGA-XF-A9T0-01A-11R-A39I-07",0.596341107971077,0.0299909478034389,1.85852783821214e-06,1.01060674889844e-06,3.23156083495475e-06,0.116380999054925,0.158177075997294,0.0600136680295559,0.000328755279924417,0.0387613451683614
"TCGA-XF-A9T2-01A-11R-A42T-07",0.183084010514344,0.0106386077230767,2.30913622113032e-05,8.72560070950178e-07,2.16087987672659e-06,0.173163505611429,0.323460097417522,0.245160529569278,0.00804825104206663,0.0564188733201251
"TCGA-XF-A9T3-01A-11R-A42T-07",0.200552304916955,0.103912346826879,3.65895996348916e-06,2.40824706702028e-06,2.23212481245425e-06,0.0954520136980943,0.0491944266070597,0.414061230993114,0.00109464220565531,0.135724735420399
"TCGA-XF-A9T4-01A-11R-A39I-07",0.26106761754332,0.0798763022419437,0.128851699489476,1.55799507758899e-06,8.45642794304149e-07,0.304360178090311,3.38649652070762e-06,0.0871046401043173,0.000128612267235596,0.138605160129004
"TCGA-XF-A9T5-01A-11R-A42T-07",0.0917975456875717,0.396125719847723,0.156800810001229,1.58263292168376e-06,1.95432839901978e-06,0.117807400550751,0.136673762028539,0.0718239761311534,0.00015122452121289,0.0288160242704981
"TCGA-XF-A9T6-01A-11R-A42T-07",0.316740995558166,0.102162222373742,0.145929835324974,1.28288241220665e-06,1.80666716712347e-06,0.131714700302287,0.206288980808471,0.0382207509671459,0.000161354751421887,0.0587780703642134
"TCGA-XF-A9T8-01A-11R-A39I-07",2.70660122550339e-06,0.21568632791206,0.420889126720726,0.13103082541855,9.90788257722386e-07,0.099119683679389,1.45811075401345e-06,0.087482786294641,0.00056647533042256,0.0452196191439737
"TCGA-XF-AAME-01A-12R-A42T-07",0.00127078384425307,0.136512236568462,0.109774117924734,0.00250750763285244,0.000755595927074652,0.0867750824079084,3.636998998734e-06,0.328638481894645,0.00334872524084697,0.330413831560224
"TCGA-XF-AAMG-01A-11R-A42T-07",0.34264416712741,0.0367233509528428,1.26127624911772e-06,1.16948113542163e-06,2.38065644345381e-06,0.201154033473875,0.256123777964739,0.127055110597054,3.23898715211636e-05,0.0362623585987307
"TCGA-XF-AAMH-01A-11R-A42T-07",0.425292265761871,0.103044936419791,6.78830863803077e-05,1.69787793812828e-06,7.04442159133944e-06,0.126368873250721,0.135979943591967,0.184028587417189,0.000244401537411628,0.0249643666351407
"TCGA-XF-AAMJ-01A-11R-A42T-07",0.212324533079766,0.0214018809967601,2.18730957843925e-06,1.36782049391319e-06,2.53267749887933e-06,0.103369251037838,3.63845434273997e-06,0.400485961276891,0.00137733007843806,0.261031317268393
"TCGA-XF-AAML-01A-11R-A42T-07",0.649185022466018,0.235891614817117,9.74990775403717e-07,2.08471156484504e-06,3.13386966923342e-06,0.0502422738202996,0.0591659953556662,0.00530002677504712,2.44844935458633e-05,0.000184388700297328
"TCGA-XF-AAMQ-01A-11R-A42T-07",0.61108632858168,0.0743346272742614,0.000163506331143347,1.33810473129815e-06,2.28151678374121e-06,0.192629238783579,0.0511466437149757,0.0214671047759274,0.000207706194309886,0.048961224722607
"TCGA-XF-AAMR-01A-31R-A42T-07",0.178874448485596,0.053414808747065,2.84031248550476e-06,1.01162556242718e-06,7.76270178862625e-07,0.0299357442012167,1.07340713027325e-06,0.583646938109741,0.00182758076994686,0.152294778071078
"TCGA-XF-AAMT-01A-11R-A42T-07",0.0592525635322197,0.0984527943206429,0.222026019742342,1.30339791473611e-06,1.59451471914551e-06,0.244851810097626,8.78189479323897e-06,0.231019252775595,0.00127905395216045,0.143106825771987
"TCGA-XF-AAMW-01A-11R-A42T-07",0.108162459758939,0.145020005401857,0.247661236924847,1.15533751092534e-06,1.02677740328705e-06,0.281957361946068,2.52323148602488e-06,0.0747990867353511,0.000184273859539998,0.142210870026997
"TCGA-XF-AAMX-01A-11R-A42T-07",0.78653904058198,0.0137633223735708,1.21586058387136e-06,9.71642147194219e-07,1.4402258258765e-06,0.0994102230962489,3.87881925288998e-06,0.0507848970601834,5.94596703456316e-05,0.0494355506698617
"TCGA-XF-AAMY-01A-11R-A42T-07",0.680733639985222,0.02083957892306,1.794025033648e-06,7.26834334296135e-07,1.43631418797951e-06,0.0968358789388407,2.27383201839706e-06,0.112007238750334,0.000780552425415708,0.0887968799715535
"TCGA-XF-AAMZ-01A-11R-A42T-07",0.72848802959037,0.00520192843671933,2.76317711579064e-06,1.05409960458322e-06,1.3207468920385e-06,0.0593358445596427,0.140354621178688,0.0515559388472838,0.000464275122514433,0.0145942242411696
"TCGA-XF-AAN0-01A-11R-A42T-07",0.624709551668636,0.0915020951879306,0.0103293352772278,0.0168898621907175,2.33631708392284e-06,0.0855938734719798,1.56113130754768e-06,0.066232333964216,0.000490191830804207,0.104248858960097
"TCGA-XF-AAN1-01A-31R-A42T-07",0.661854685381255,0.00586392030008679,0.00016082581845359,1.57165172865213e-06,3.49233292440996e-06,0.131707026837867,0.153614904258461,0.0450134769716159,9.23034228239259e-05,0.00168779302478319
"TCGA-XF-AAN2-01A-11R-A42T-07",0.458210194931375,0.166130959232691,0.060523799691051,0.102901414135235,1.15248545119681e-06,0.13603229801239,0.00706336557129419,0.0423808516831515,5.40516629258862e-05,0.0267019125944344
"TCGA-XF-AAN3-01A-11R-A42T-07",0.336412434087235,0.11052196987334,0.233638685905913,7.84344256088499e-07,7.4027953343928e-07,0.11747598507617,3.99973675214511e-06,0.093547637634654,0.000731408818524619,0.107666354243621
"TCGA-XF-AAN4-01A-11R-A42T-07",7.79557435430514e-07,0.0575698649745616,1.07098928809419e-06,7.14908785341551e-07,1.17414292284226e-06,0.0308712807948925,1.47392686267039e-06,0.643844225955164,0.00442043848994483,0.263288976260143
"TCGA-XF-AAN5-01A-11R-A42T-07",0.266899095266481,0.0948156188425569,0.170946848961094,3.18939500407556e-06,2.20403967000624e-06,0.259159542515955,0.111157487632767,0.0113966867685053,0.00154373338142306,0.0840755931965443
"TCGA-XF-AAN7-01A-11R-A42T-07",9.53622386463201e-06,0.0137376248575508,9.64658719948001e-07,7.51993628109698e-07,2.12390655676242e-06,0.253172027191418,0.337753052020889,0.217177721434827,0.000166757001272328,0.177979440711273
"TCGA-XF-AAN8-01A-11R-A42T-07",5.54715079905855e-07,0.0940023220074018,5.87838949623436e-07,8.28310527552354e-07,7.56877782250693e-07,0.140431167574705,8.048304627191e-07,0.129119292800885,0.00394842077232347,0.632495264271883
"TCGA-YC-A89H-01A-11R-A36F-07",0.570489267067575,0.0331487313663728,0.186150211983148,6.92975777265268e-07,1.08600173176136e-06,0.122635399572562,7.6082184861345e-06,0.054447202294483,6.04567540051407e-05,0.0330593437658584
"TCGA-YC-A8S6-01A-31R-A38B-07",0.358105218339076,0.0361134615590222,0.000611712916538103,1.00481333349469e-06,1.93725748571057e-06,0.313625898393879,4.86010292681771e-06,0.165947847659988,0.0043265990559013,0.121261459901848
"TCGA-YC-A9TC-01A-22R-A39I-07",0.261561242033973,0.0173089384693479,2.47454419484277e-06,8.80299090570053e-07,1.1335758565318e-06,0.10928996309157,0.516790914731628,0.0688888258442532,1.84472182216321e-05,0.0261371801918654
"TCGA-YF-AA3L-01A-11R-A38B-07",0.859278198041841,0.00724899492850448,1.78848697763599e-06,7.36108883636754e-07,1.73567867824668e-06,0.048296927051886,2.85630993733374e-06,0.0307954457681442,0.000546405489729524,0.0538269121354181
"TCGA-YF-AA3M-01A-11R-A42T-07",0.544582940576468,0.0500639508832966,0.0250365039847751,1.66313438737335e-06,1.5640000030708e-06,0.202593847893967,0.12124585930906,0.0357397440387681,0.000424119190626594,0.0203098069886475
"TCGA-ZF-A9R0-01A-11R-A38B-07",0.71039000868128,0.0105431221714141,1.22193239389698e-06,7.34345905820708e-07,1.53894384165301e-06,0.0881068291014177,2.13905820885604e-06,0.162198354975416,0.00012040727218224,0.0286356435179396
"TCGA-ZF-A9R1-01A-11R-A39I-07",0.734862119013937,0.000729467952675914,2.14661824418191e-06,1.15998679640784e-06,1.86872474245093e-06,0.107086733912349,2.52701332561193e-06,0.139424395396937,0.000331477306659067,0.017558104074333
"TCGA-ZF-A9R2-01A-11R-A39I-07",0.780169391383001,1.63053977598071e-05,0.00653004756701919,1.03562890938787e-06,1.56637080533512e-06,0.186008958644974,0.0222101877871965,0.00504389336551596,1.38908079533612e-05,4.72304686591094e-06
"TCGA-ZF-A9R3-01A-11R-A38B-07",0.759306123441882,0.0773216479526947,9.27809782182099e-07,1.36807964324949e-06,1.10926163123452e-06,0.121697937052968,1.05537426106528e-06,0.0146548343063269,0.000238658919053292,0.0267763378017566
"TCGA-ZF-A9R4-01A-11R-A38B-07",0.710302244100836,0.0414933012158872,1.4644489881738e-06,1.26607040857101e-06,1.47584050661632e-06,0.072375851192313,0.171827313964544,0.00248341443097108,5.3053874488575e-06,0.00150836334809599
"TCGA-ZF-A9R5-01A-12R-A42T-07",0.51054649352909,0.00412068237796965,0.0706918591522614,6.97137287425813e-07,4.41073342731268e-06,0.162186202599054,0.246759536408199,0.00450771367934249,3.52471068233871e-06,0.00117887967268601
"TCGA-ZF-A9R7-01A-11R-A38B-07",0.582958569254095,0.180582794099583,4.49683263171525e-06,0.00285437658260382,0.00421908143139002,0.195724408708268,2.62566501877739e-06,0.00698707501925811,0.00218155107539686,0.0244850213317548
"TCGA-ZF-A9R9-01A-11R-A38B-07",0.464064263550477,0.020168932328789,1.38593410899734e-06,6.9898244024418e-07,5.73934660890189e-06,0.0502874957242102,2.02070004181641e-06,0.334503234111811,0.00101197994920212,0.12995424937231
"TCGA-ZF-A9RC-01A-11R-A38B-07",0.507651932001729,0.00468561563971457,0.0721770520558296,1.77044588894945e-06,1.30394849373012e-06,0.0766565975362379,7.39322612348222e-06,0.255257632529941,0.00095803025376802,0.0826026723622735
"TCGA-ZF-A9RD-01A-11R-A42T-07",3.84276553314241e-06,0.142479892116003,0.574722359891054,0.109558262247445,0.000346892775186233,0.0893875451879849,9.57993671861332e-06,0.0429405503642303,0.00136762329925655,0.0391834514165873
"TCGA-ZF-A9RE-01A-11R-A38B-07",0.384844073944855,0.0037468751436916,0.340593194819931,0.140285392323034,9.8344189641393e-07,0.119486895715052,0.000224788113108539,0.00547921833346511,7.29926713664546e-06,0.00533127889782968
"TCGA-ZF-A9RF-01A-11R-A38B-07",0.0516499581307163,0.37430076545745,1.44281604826922e-06,1.4686214324727e-06,1.3053326907758e-06,0.0807709350725042,0.217627775148561,0.201623559637119,0.000203693513433574,0.0738190962700447
"TCGA-ZF-A9RL-01A-11R-A38B-07",0.878260924651722,4.87894505984126e-06,1.70195465808826e-06,7.98445661322421e-07,1.57227618821657e-06,0.10471795552059,0.011936899643554,0.00291353641832622,3.22938460600998e-06,0.00215850275963473
"TCGA-ZF-A9RM-01A-11R-A38B-07",0.835842230787132,4.45471823516376e-05,1.40814639224455e-06,1.06158935158982e-06,2.26717901233181e-06,0.0991621702244205,0.0588119133151271,0.00186406002094974,7.22857691403446e-06,0.0042631129783485
"TCGA-ZF-A9RN-01A-11R-A42T-07",0.273538740408674,0.182739279641268,2.08638198844679e-06,1.57671369906608e-06,1.83967203530539e-06,0.137622590818545,0.375426381958453,0.0304501715132007,0.000215232769143292,2.10012299362441e-06
"TCGA-ZF-AA4N-01A-11R-A38B-07",0.00693936445988829,0.173378161833395,0.319684563011328,1.21519912335252e-06,1.71568632938622e-06,0.284885158839189,0.0366249012931413,0.0234707989712453,0.000589671690690777,0.154424449015669
"TCGA-ZF-AA4R-01A-11R-A38B-07",0.288509125598025,0.0263023670035399,1.59781205729236e-06,4.68068295399005e-06,1.45648301349419e-06,0.235835862566286,0.0312912358984063,0.290945151135169,0.000102359600193787,0.127006163220355
"TCGA-ZF-AA4T-01A-11R-A38B-07",0.66851523827196,0.0441049760672655,1.92436141633483e-06,4.71741472516241e-05,2.70067754486937e-06,0.174387190133241,0.0914921675989867,0.017784484863775,4.64528692174069e-05,0.00361769100934132
"TCGA-ZF-AA4U-01A-11R-A38B-07",0.600342010941119,0.0275111886699882,0.208365952210225,9.3147083866355e-07,1.02017260143423e-06,0.154785376954521,4.85428595480057e-06,0.00895017979101029,3.66091226676061e-05,1.87638107316105e-06
"TCGA-ZF-AA4V-01A-11R-A38B-07",0.327461564559958,0.0740058285519216,0.0661605848738395,0.121409974366534,1.19922358016759e-06,0.0942720838904658,0.0519561152543742,0.216535549198662,0.000205736699728001,0.0479913633809377
"TCGA-ZF-AA4W-01A-12R-A38B-07",3.33458938230451e-06,0.038153001431204,0.842466550941248,2.33019419344297e-06,1.3156259788616e-06,0.0662014272550581,0.00160062890210961,0.00720891738792087,6.74563827991991e-06,0.0443557480346252
"TCGA-ZF-AA4X-01A-11R-A38B-07",0.803345615110979,0.0651110022403824,2.18545845389735e-06,8.92417505678871e-07,2.52852907018091e-06,0.0902316635382269,0.0335438065760005,0.00534456726249753,0.000181730855337235,0.00223600801154601
"TCGA-ZF-AA51-01A-21R-A39I-07",0.53769537248682,0.0889331767516309,1.78037335163111e-06,0.153367481123717,1.2464019319266e-05,0.0721117330818705,9.47001622231957e-06,0.0798275069118186,0.000525489246219999,0.0675155259890294
"TCGA-ZF-AA52-01A-12R-A39I-07",0.393413477464225,0.0806544613816856,1.12982593957992e-06,1.9211638663659e-06,1.62146281135902e-06,0.10192982663535,2.70047932878615e-06,0.291148595727145,0.000728811416793242,0.132117454442856
"TCGA-ZF-AA53-01A-11R-A39I-07",0.0544461425003554,0.295773465805496,0.303184484200985,0.00298033577812648,1.25558692418927e-06,0.0494142480536822,1.5647393866898e-06,0.237160481174347,0.000130798825177518,0.0569072233355203
"TCGA-ZF-AA54-01A-11R-A39I-07",2.0301878382652e-06,0.296583766776912,8.51244991635762e-07,9.95526810618599e-07,1.20989191651204e-06,0.22692929328638,0.199074964529321,0.172272109116853,0.000263532608493358,0.104871246830484
"TCGA-ZF-AA56-01A-31R-A39I-07",0.384735082142652,0.118976251840565,0.214420212289338,0.00109856686040817,2.46699947569217e-06,0.168885432140673,1.72347381092457e-06,0.0672212893486639,0.00186744176360551,0.0427915331408082
"TCGA-ZF-AA58-01A-12R-A42T-07",0.00142303381866711,0.393124620966718,0.0126293763026149,5.55126807215012e-06,1.41422028117057e-06,0.210681950289726,0.0644397358267038,0.222528720189146,0.000192903773149145,0.0949726933449221
"TCGA-ZF-AA5H-01A-11R-A39I-07",0.294282365352162,0.265313348336188,2.33787096620613e-06,4.10337152273935e-06,1.65319149315802e-06,0.221863824776614,0.0135122865593358,0.128829215561789,6.17465121411238e-05,0.0761291184677876
"TCGA-ZF-AA5N-01A-11R-A42T-07",0.535604304585011,0.05231719573085,0.0935010562802962,9.89912746663866e-07,1.08458237142365e-06,0.214700318445307,0.0349621669688109,0.00471902698502194,0.000102927194834043,0.064090929314751
"TCGA-ZF-AA5P-01A-11R-A39I-07",0.075557601949443,0.0146036622455865,6.94654348977313e-07,1.00113910782754e-06,0.000193591941372891,0.0492974546203334,1.21370488093633e-06,0.64786704247793,0.00202184065608763,0.210455896610909
