"","Normal_urothelial","Myeloid","Tumor_epithelial","NK_cell","B_plasma","Endothelial","T_cell","Myofibroblast","Fibroblast"
"TCGA-2F-A9KO-01A-11R-A38B-07",0.0766103396268324,0.138317306448078,0.173860167746693,0,0,0.2149622190348,0.0534912191555353,0.13750073415842,0.205258013829641
"TCGA-2F-A9KP-01A-11R-A38B-07",0,0,0.627007619950955,0,0,0.134490071867209,0.11392909615791,0.0209291766944044,0.103644035329521
"TCGA-2F-A9KQ-01A-11R-A38B-07",0.380448991754627,0,0.373261285786083,0,0,0.0846488227143691,0,0.0487606479798651,0.112880251765056
"TCGA-2F-A9KR-01A-11R-A38B-07",0.0194059752473386,0.0104857677273259,0.618751582236115,0,0,0.157751269953451,0,0.122944856349618,0.0706605484861512
"TCGA-2F-A9KT-01A-11R-A38B-07",0.0439172783391475,0,0.519484396020351,0,0,0.072984976340216,0.0850259512093886,0.0438484607581764,0.234738937332721
"TCGA-2F-A9KW-01A-11R-A38B-07",0.165066110073534,0.0384016035395627,0,0,0.000478653143216975,0.153014738410596,0.165288416729987,0.146089566267528,0.331660911835576
"TCGA-4Z-AA7M-01A-11R-A39I-07",0.132966569403117,0.0129771779111121,0.362430234276614,0,0,0.0852345826036217,0.156242081296932,0.0812942374953512,0.168855117013253
"TCGA-4Z-AA7N-01A-11R-A39I-07",0.0493683170896864,0.300282942421065,0,0,0,0.29819370916991,0,0.000355188641992184,0.351799842677346
"TCGA-4Z-AA7O-01A-31R-A39I-07",0.280524764632709,0.00744587421781623,0.186090992743516,0,0,0.177825477260461,0.130787672527036,0.0657069339507766,0.151618284667685
"TCGA-4Z-AA7Q-01A-11R-A39I-07",0,0.293100563622191,0.350672501120454,0.0590001906563104,0,0.0944756758429994,0.0415888453904074,0.0388202326673642,0.122341990700273
"TCGA-4Z-AA7R-01A-11R-A39I-07",0.179995287739397,0,0.000806435471027339,0.000799324830609032,0.0093648255455228,0.236041754100735,0.339327044769956,0.028766110333793,0.20489921720896
"TCGA-4Z-AA7S-01A-11R-A39I-07",0.200801145122766,0,0.561702153500177,0,0,0.122161609523003,0,0.0428868281248332,0.0724482637292213
"TCGA-4Z-AA7W-01A-11R-A39I-07",0.000280977065715306,0.371996873443765,0.17810532959997,0.225295633965326,0,0.0961279192520092,0.0766483374750217,0.0150626119967377,0.0364823172014543
"TCGA-4Z-AA7Y-01A-11R-A39I-07",0.256398445215287,0,0.481469466382546,0,0,0.136116219416009,0,0,0.126015868986157
"TCGA-4Z-AA80-01A-11R-A39I-07",0.485912991073178,0,0.057366997150595,0,0,0.259685530360696,0.079362228394362,0.0199074938072367,0.0977647592139317
"TCGA-4Z-AA81-01A-11R-A39I-07",0.292562302419745,0.126626031438172,0.0270289613159832,0.0149596678225232,0,0.0639948366807955,0.421019267920816,0.00340844877669097,0.0504004836252747
"TCGA-4Z-AA82-01A-11R-A39I-07",0,0.0371347028617201,0.100480804741596,0,0.0317272287501044,0.289637017833071,0.0215276530396564,0.164008845629762,0.35548374714409
"TCGA-4Z-AA83-01A-11R-A39I-07",0.0272161041586925,0.140394205581992,0.557045186776352,0,0,0.049549330164286,0,0.107550859293261,0.118244314025417
"TCGA-4Z-AA84-01A-11R-A39I-07",0.039297761276289,0.000134777646926192,0.483189409034977,0,0,0.0407889417404501,0.256348786993417,0.00697206177236248,0.173268261535577
"TCGA-4Z-AA86-01A-11R-A39I-07",0,0.229858668743686,0,0,0,0.175570032636001,0.0944307564527606,0.172923396992987,0.327217145174566
"TCGA-4Z-AA87-01A-11R-A39I-07",0.218018347218755,0.0426429573838458,0.255246597122517,0,0.00177487929648494,0.0310226075942665,0.325584984948922,0.0354446389081293,0.0902649875270806
"TCGA-4Z-AA89-01A-11R-A39I-07",0.0260356506147062,0,0.708476277128086,0,0,0.143070006368539,0.11105268631978,0.0104127605379101,0.000952619030978562
"TCGA-5N-A9KI-01A-31R-A42T-07",0.280189992322584,0.0733346632468537,0,0.00203359616147785,0,0.26597670319243,0,0.160555603655889,0.217909441420765
"TCGA-5N-A9KM-01A-11R-A42T-07",0.350755091133759,0.34115542817814,0,0,0,0.0403408705647499,0,0.0501636395559986,0.217584970567352
"TCGA-BL-A0C8-01A-11R-A10U-07",0.493047561622954,0,0,0,0,0.0637310935795935,0.136550428715556,0.102018618017524,0.204652298064372
"TCGA-BL-A13I-01A-11R-A13Y-07",0,0.415930970416313,0,0,0,0.148508080735959,0.171294143952018,0.0526817645239833,0.211585040371727
"TCGA-BL-A13J-01A-11R-A10U-07",0,0.0130649689752437,0.498542551062406,0,0,0.103788212850443,0.00567976357363088,0.0294581495813482,0.349466353956928
"TCGA-BL-A3JM-01A-12R-A21D-07",0.0227102868261937,1.80214128977547e-05,0,0.0172879914707144,0,0.195326669901173,0.469942995589029,0.0226675940107471,0.272046440789246
"TCGA-BL-A5ZZ-01A-31R-A30C-07",0,0.11786124875225,0,0,0,0.130811606404134,0.00262330911460717,0.118982960308277,0.629720875420733
"TCGA-BT-A0S7-01A-11R-A10U-07",0,0,0.286945017587897,0,0,0.0932375351680418,0.471859027209556,0,0.147958420034506
"TCGA-BT-A0YX-01A-11R-A10U-07",0,0.204566030247376,0.574342672039842,0,0,0.0853954529685465,0,0.000935204360747833,0.134760640383488
"TCGA-BT-A20J-01A-11R-A14Y-07",0.0202617263301966,0.304223385183221,0.0346583048043821,0.000769854875834718,0,0.170618385362862,0.30218758531297,0,0.167280758130534
"TCGA-BT-A20N-01A-11R-A14Y-07",0.000677657464284713,0,0.575302970825695,0,0,0.0212496860894537,0.197689196037881,0.000961706629851943,0.204118782952834
"TCGA-BT-A20O-01A-21R-A14Y-07",0,0.588406826703544,0,0,0,0.0841151733826291,0.160375028936799,0.0427639648803292,0.124339006096699
"TCGA-BT-A20P-01A-11R-A14Y-07",0.0221757254398586,0.0237216584635377,0.754032636292176,0,0,0.0207239488862059,0,0.0338492825085932,0.145496748409629
"TCGA-BT-A20Q-01A-11R-A14Y-07",0.278923733953277,0.16012826920825,0.000851753408571391,0,0,0.0137161334565566,0,0.179235157677293,0.367144952296052
"TCGA-BT-A20R-01A-12R-A16R-07",0.0718001845352385,0.150191799197028,0,0,0,0.0467303406058972,0.00126552921642005,0.064182585800499,0.665829560644917
"TCGA-BT-A20T-01A-11R-A14Y-07",0.327289474607334,0.0606056474402023,0,5.15467290271546e-05,2.02629463238443e-05,0.147582542641005,0.00204357424008273,0.200521878050205,0.26188507334582
"TCGA-BT-A20U-01A-11R-A14Y-07",0,0.112248701979163,0.367497709020868,0,0,0.107233884834315,0.108498310541926,0.0595899625019624,0.244931431121766
"TCGA-BT-A20V-01A-11R-A14Y-07",0.000340596551594358,0.00733336384851818,0.392875121539022,0.000196815801385176,0,0.0803655730627727,0.461628762115024,0.00121435903341934,0.0560454080482649
"TCGA-BT-A20W-01A-21R-A14Y-07",0.152364866492924,0,0.154149605970046,0,0,0.245567923186516,0.226732818562636,0.0231097147231795,0.198075071064697
"TCGA-BT-A20X-01A-11R-A16R-07",0,0,0.120063078041891,0,0,0.259174759774465,0.208035596709616,0.0487285187411504,0.363998046732877
"TCGA-BT-A2LA-01A-11R-A18C-07",0,0,0,0,0,0.0744299407548569,0.71128874895766,0.0217686414150139,0.192512668872469
"TCGA-BT-A2LB-01A-11R-A18C-07",0.22029894377468,0.0487666115235275,0,0,0,0.279842207192602,0.0121663185430479,0.131623064149603,0.307302854816539
"TCGA-BT-A2LD-01A-12R-A20F-07",0.154612743053936,0.0517018117653713,0.00197225471593682,0,0,0.216840893483251,0.0726137570183506,0.144025399002807,0.358233140960347
"TCGA-BT-A3PH-01A-11R-A220-07",0.807037341880754,0,0,0,0,0.0258700269828277,0,0.053592486766593,0.113500144369826
"TCGA-BT-A3PJ-01A-21R-A220-07",0.0109454179746376,0.285285399526039,0,0.0421532956432486,0,0.103149087886644,0.224974179174339,0.0633016013549995,0.270191018440093
"TCGA-BT-A3PK-01A-21R-A220-07",0.0179813643150011,0.108874217612345,0.0306348067246469,0,0,0.308429998037094,0.0250784761057178,0.113271394319055,0.39572974288614
"TCGA-BT-A42C-01A-11R-A23N-07",0.457816758564191,0.0160263986954254,0.328025124136563,0,0,0.0865836761284832,0,0,0.111548042475337
"TCGA-BT-A42E-01A-11R-A23W-07",0,0.202615906179366,0.200012428653422,0.0259250239392106,0,0.291435117494555,0.0641648933348119,0,0.215846630398635
"TCGA-BT-A42F-01A-11R-A23W-07",0,0.211949157859548,0.304148733724234,0,0,0.205771586572751,0.178360460064109,0.00104661261997014,0.098723449159388
"TCGA-C4-A0EZ-01A-21R-A24X-07",0,0,0,0,0.0599510940096189,0.0284385385885415,0.659067513618441,0.0674333529105751,0.185109500872823
"TCGA-C4-A0F0-01A-12R-A10U-07",0,0.0297222795947008,0,0,0,0.0374730703878162,0.6599921514678,0.0143625493743103,0.258449949175373
"TCGA-C4-A0F1-01A-11R-A034-07",0,0,0.168223785285362,0,0,0.150289663893991,0.295422845515454,0,0.386063705305192
"TCGA-C4-A0F6-01A-11R-A10U-07",0.166329985514589,0.0193484079318051,0.431752596313734,0,0.000165311119552035,0.0208446741756057,0.0275208391548534,0.115099192741785,0.218938993048076
"TCGA-C4-A0F7-01A-11R-A084-07",0,0,0.295940458873704,0,0,0.139390177762903,0.220956689583902,0.0402942111171664,0.303418462662324
"TCGA-CF-A1HR-01A-11R-A13Y-07",0.569554174476912,0.114064180059413,0,0,0,0.0246867374158421,0,0.103778396415517,0.187916511632315
"TCGA-CF-A1HS-01A-11R-A13Y-07",0.0103139286626952,0.0402641078634671,0.16769942601655,0,0,0.374427164092207,0.194592437396651,0.000401752185699038,0.212301183782729
"TCGA-CF-A27C-01A-11R-A16R-07",0,0,0.907907552160436,0,0,0.0502727351264486,0.0230278345403632,0.0125203870597228,0.0062714911130295
"TCGA-CF-A3MF-01A-12R-A21D-07",0.495828886911111,0,0.403843264809493,0,0,0.00275249665883658,0,0.085493702389508,0.0120816492310519
"TCGA-CF-A3MG-01A-11R-A20F-07",0.740797419175744,0,0.13561858666913,0,0,0.0507260716773493,0,0.0214586574844341,0.0513992649933428
"TCGA-CF-A3MH-01A-11R-A20F-07",0.290604973047754,0,0.556128878461401,0,0,0.0550008723128837,0.0255542094595627,0.0394549271622444,0.0332561395561545
"TCGA-CF-A3MI-01A-11R-A20F-07",0.276650887028985,0,0.595122187308016,0.0057578347591352,0,0.0454202503693004,0,0.021288612130102,0.0557602284044618
"TCGA-CF-A47S-01A-11R-A23W-07",0.351168069747134,0,0.512086127793371,0,0,0.0690722801011409,0,0,0.0676735223583542
"TCGA-CF-A47T-01A-11R-A23W-07",0,0,0.946393079740124,0,0,0,0.00428159034405879,0.0374625377883511,0.0118627921274662
"TCGA-CF-A47V-01A-11R-A23W-07",0.0854937767613539,0,0.60000804401689,0,0,0.218057063095001,0,0.0456772216822805,0.0507638944444749
"TCGA-CF-A47W-01A-11R-A23W-07",0.0130896865887627,0,0.889541205279742,0,0,8.44876464623641e-05,0.0561276512850125,0.0330045588317246,0.00815241036829619
"TCGA-CF-A47X-01A-31R-A23W-07",0.156555430128832,0,0.675438816444351,0,0,0.150890695579926,0,0.00063228976475142,0.0164827680821399
"TCGA-CF-A47Y-01A-11R-A23W-07",0,0,0.859335194909108,0,0,0.110387949996709,0,0.0100994056407182,0.0201774494534645
"TCGA-CF-A5U8-01A-11R-A28M-07",0.14527792119872,0,0.7865462070611,0,0,0.0283357903730723,0,0.0183565736797931,0.0214835076873147
"TCGA-CF-A5UA-01A-11R-A28M-07",0.143861482637383,0,0.583455471122464,0,0,0.0345616840192593,0.177317360852177,0.0204581993993249,0.0403458019693909
"TCGA-CF-A7I0-01A-22R-A352-07",0.0879353700162236,0,0.561003994328595,0,0,0.135570303995437,0,0.0468238632063727,0.168666468453372
"TCGA-CF-A8HX-01A-11R-A36F-07",0,0,0.869212801095825,0.00119259626477132,0,0.0546380088500927,0,0.0262405438139638,0.0487160499753469
"TCGA-CF-A8HY-01A-11R-A36F-07",0,0,0.81047707492459,0,0,0.00709257268720294,0.122905875367275,0,0.059524477020932
"TCGA-CF-A9FF-01A-11R-A38B-07",0.68657247575535,0.00721298186821759,0.00319088220284796,0,0,0.049369922771396,0,0.122678638094391,0.130975099307797
"TCGA-CF-A9FH-01A-11R-A38B-07",0.264223203246958,0.000166907607388401,0.46280037032138,0,0,0.212209558510227,0,0.0601667202721964,0.00043324004185086
"TCGA-CF-A9FL-01A-11R-A38B-07",0.156635788166657,0.0001113960263676,0.509929543640169,0,0,0.0300906061335005,0,0.0564016956176967,0.246830970415609
"TCGA-CF-A9FM-01A-11R-A38B-07",0,0.013259351189565,0.767971020237933,0,0,0.15646713101301,0,0.02527695480321,0.0370255427562826
"TCGA-CU-A0YN-01A-21R-A10U-07",0.00148111290710531,0.00864337261128312,0.23276791372121,0,0,0.288430439937021,0.0392289883476433,0,0.429448172475737
"TCGA-CU-A0YO-01A-11R-A10U-07",0,0.00994658350608382,0.39877882362115,0,0,0.256988379447207,0.00652236588413342,0.144093248915288,0.183670598626137
"TCGA-CU-A0YR-01A-12R-A10U-07",0.372041832436206,0.282829646856494,0,0,0,0.0116989334254111,0,0.0276574165351495,0.305772170746739
"TCGA-CU-A3KJ-01A-11R-A21D-07",0,0.106845986275327,0.0687834516990739,0,0,0.424778419707655,0.135269383632102,0.0294534693545869,0.234869289331256
"TCGA-CU-A3QU-01A-11R-A22U-07",0.490924195701145,0.209091470153614,0,0,0,0.268935857698011,0,0,0.0310484764472304
"TCGA-CU-A3YL-01A-11R-A22U-07",0.310608877828147,0,0.360614514322648,0,0,0.191663980717374,0,0.0598110412454628,0.0773015858863688
"TCGA-CU-A5W6-01A-11R-A28M-07",0.534896067657931,0.0300713443910015,0.0622055571091451,0,0,0.155840929061332,0,0.0313659926868437,0.185620109093747
"TCGA-CU-A72E-01A-12R-A33J-07",0.0393029637683302,0.0654565184476013,0.556771486565508,0,0,0.0326982719463433,0,0.098289116877804,0.207481642394413
"TCGA-DK-A1A3-01A-11R-A13Y-07",0.266206202462907,0.182725085415641,0,0,0,0.0824870551012102,0.0315626262478153,0.0831028003442632,0.353916230428163
"TCGA-DK-A1A5-01A-11R-A13Y-07",0.0713251792778544,0.121943786015733,0,0.00127874530129933,0,0.115666763912745,0.00272065648768097,0.25880959371701,0.428255275287678
"TCGA-DK-A1A6-01A-11R-A13Y-07",0.399061092972793,0.0389010430047879,0,0.0113341794802178,0,0.0874059304235232,0.352972312487701,0.0466717714097657,0.0636536702212125
"TCGA-DK-A1A7-01A-11R-A13Y-07",0.589912063031943,0,0.0872873265441751,0,0,0.166201460241489,0,0.011574466332592,0.145024683849801
"TCGA-DK-A1AA-01A-11R-A13Y-07",0,0,0.794042814859524,0,0,0.102207149057596,0,0.0675450731160681,0.0362049629668117
"TCGA-DK-A1AB-01A-11R-A13Y-07",0,0.187865838867668,0,0,0,0.0959768258879949,0.0106362575775362,0.215007965391252,0.490513112275549
"TCGA-DK-A1AC-01A-11R-A13Y-07",0.0123783025425215,0.083700384491809,0.0600475637938312,0,0,0.204011542305481,0.346056067780592,0,0.293806139085765
"TCGA-DK-A1AD-01A-11R-A13Y-07",0.100789760984386,0.0278051675664074,0.423490005950472,0,0,0.0563602546178368,0.112700671652833,0.127242224915412,0.151611914312652
"TCGA-DK-A1AE-01A-11R-A13Y-07",0,0.000619727847748107,0.324684806975828,0,0,0.0962152509830242,0.368679127012392,0.0408087616328072,0.1689923255482
"TCGA-DK-A1AF-01A-11R-A13Y-07",0.133492005227557,0.128501666304297,0.00190077033500933,0,0,0.107972283527659,0,0.0414135416227531,0.586719732982724
"TCGA-DK-A1AG-01A-11R-A13Y-07",0.000916509282559785,0,0.754738339309528,0,0.000575375001186562,0.0835540303491281,0.127435326006848,0.0194578800340494,0.0133225400167008
"TCGA-DK-A2HX-01A-12R-A18C-07",0.128484467149403,0.0271841732262986,0,0,0,0.09332390125904,0.000892690865111791,0.0431943592478755,0.706920408252271
"TCGA-DK-A2I1-01A-11R-A180-07",0.327466272557022,0.067722971254601,0.00144847727289249,0,0,0.0431684351281966,0.117809397615053,0.0122167095130537,0.430167736659181
"TCGA-DK-A2I2-01A-11R-A180-07",0,0.198139832234518,0.14820000329435,0.00665041033203285,0,0.122037880113245,0.172312277576294,0.0117915769642196,0.34086801948534
"TCGA-DK-A2I4-01A-11R-A21D-07",6.83928828103975e-05,0.477783714895198,0,0,0,0.067522532482627,0.0283460452605121,0.139978663373138,0.286300651105715
"TCGA-DK-A2I6-01A-12R-A18C-07",0,0,0.259895828729863,0,0,0.0499743615548862,0.533003049864677,0.00030640824497746,0.156820351605597
"TCGA-DK-A3IK-01A-32R-A21D-07",0.544930160308864,0.000426920413754438,0,0,0,0.065345931650933,0,0.118677498462037,0.270619489164412
"TCGA-DK-A3IL-01A-11R-A20F-07",0.651162646154226,0,0.039918160040124,0,0,0.0693090103874896,1.015441634241e-05,0.0711933773236295,0.168406651678188
"TCGA-DK-A3IM-01A-11R-A20F-07",0,0,0.349066640117583,0,0,0.0815634639490262,0.478607419794724,0.00226031311606724,0.0885021630225991
"TCGA-DK-A3IN-01A-11R-A20F-07",0.0491368889042043,0.168999656532137,0.00823896740566348,0,0,0.159793117292994,0.0690135717676691,0.141109414261068,0.403708383836264
"TCGA-DK-A3IQ-01A-31R-A32Y-07",0,0.0204531533741827,0,0,0,0,0,0.00572608968645635,0.973820756939361
"TCGA-DK-A3IS-01A-21R-A21D-07",0.332149335428925,0.0105345723816298,0.263008603642594,0,0,0.171556611040688,0.169562550953415,0.0418276380575924,0.0113606884951557
"TCGA-DK-A3IT-01A-31R-A20F-07",0.379205837893437,0.0505693220892094,0.0026824410377569,0,0,0.102616409057955,0.008965305838561,0.134117307709795,0.321843376373285
"TCGA-DK-A3IU-01A-11R-A20F-07",0,0.355392194280152,0,0,0,0.078065976984315,0.0872822306803898,0.246735954264216,0.232523643790928
"TCGA-DK-A3IV-01A-22R-A21D-07",0.293697789855416,0.178678487718159,0,0,0,0.304918419433925,0.0593195900262341,0.108648864582021,0.0547368483842452
"TCGA-DK-A3WW-01A-22R-A23N-07",0,0.197455840938544,0.008054614410979,0.130504165480714,0,0.221880608045441,0.340857842124953,0.0307518065768454,0.0704951224225247
"TCGA-DK-A3WX-01A-22R-A22U-07",0.00192151681718917,0.0654520716938456,0.0026743600211309,0.00223460287367522,0,0.29131775540661,0.135120580240488,0.0990457870716384,0.402233325875422
"TCGA-DK-A3WY-01A-11R-A22U-07",0,0.204966636830709,0,0,0,0.122493884435716,0.474680402573521,0.0290087546713392,0.168850321488715
"TCGA-DK-A3X1-01A-12R-A22U-07",0.389747464684985,0.0212058251976964,0.0897888689027963,0,0,0.140213211578882,0.177563790838362,0.0448176988418319,0.136663139955446
"TCGA-DK-A3X2-01A-11R-A22U-07",0,0,0.623110812267187,0,0,0.0215425646710973,0.317620515909121,0.00923004716782868,0.0284960599847659
"TCGA-DK-A6AV-01A-12R-A30C-07",0.448871753622397,0.0137455629255567,0.0511458058917261,0,0,0.181455549579132,0.168187266839985,0.0449305102300064,0.0916635509111964
"TCGA-DK-A6AW-01A-11R-A30C-07",0,0,0.572760076443131,0,0,0.151870922242362,0.0757327771792369,0.056599892521919,0.143036331613351
"TCGA-DK-A6B0-01A-11R-A31N-07",0,0,0.844022443258085,0,0,0.123330626011712,0,0.0256460602944615,0.00700087043574185
"TCGA-DK-A6B1-01A-12R-A30C-07",0.384361369630409,0.0538287076302634,0,0,0,0.349598806851945,0.00887597821071285,0.00129350014339491,0.202041637533275
"TCGA-DK-A6B2-01A-11R-A30C-07",0.229164451274695,0.229820920555037,0,0,0,0.00979940880336326,0.00226897220295254,0.040687500531354,0.488258746632598
"TCGA-DK-A6B5-01A-11R-A31N-07",0.0340155086779283,0.233434753262159,0.202250886756927,0.00161026954557838,0,0.357260536184974,0,0.058104928826572,0.113323116745861
"TCGA-DK-A6B6-01A-11R-A30C-07",0.414849264622584,0.14170731444707,0.102392313634088,0,0,0.2460807754674,0.0657765349850859,0,0.0291937968437724
"TCGA-DK-AA6L-01A-11R-A39I-07",0.36246985324586,0.347073055731314,0.000985843043675462,0,0,0.12636053145606,0,0.0656532945990533,0.0974574219240375
"TCGA-DK-AA6M-01A-11R-A39I-07",0,0.204889479969367,0.0487250509551551,0,0,0.157355028531191,0.273514019474537,0.024638991468278,0.290877429601473
"TCGA-DK-AA6P-01A-11R-A39I-07",0.338864598213039,0,0.344368922458418,0,0,0.0300448534232445,0.153560807659183,0.0387334737634281,0.0944273444826865
"TCGA-DK-AA6Q-01A-11R-A39I-07",0.00929672581417518,0.25684072794419,0.333912673655029,0.0504274026747887,0,0.121498520753031,0.0426941795764515,0.156528466631759,0.0288013029505758
"TCGA-DK-AA6R-01A-11R-A42T-07",0.0386835451719339,0,0.34319890202763,0,0,0.316777198631562,0.112289276739061,0.0706655998840836,0.118385477545729
"TCGA-DK-AA6S-01A-21R-A39I-07",0.00564322446342234,0.0630826488458821,0,0.00071273313950404,0,0.145181860660833,0.104034057362213,0.14865254729113,0.532692928237016
"TCGA-DK-AA6T-01A-11R-A39I-07",0,0.0686889625091484,0,0.00921525393643421,0,0.00136145762433952,0.872003792571327,0.00616884142429346,0.042561691934457
"TCGA-DK-AA6U-01A-11R-A39I-07",0.343264571847922,0,0.112196784238709,0,0.0519104905178285,0.0944722909232833,0.287170487593529,0.00424510115130456,0.106740273727424
"TCGA-DK-AA6W-01A-12R-A39I-07",0,0.0935061129932719,0.0547120141473517,0.0170149656940532,0,0.0141320960859633,0.628145115758284,0.0050165007668152,0.187473194554261
"TCGA-DK-AA6X-01A-12R-A42T-07",0.114198136052725,0.258716057906356,0.00691624002488268,0,0,0.255338891274739,0,0.176855933750852,0.187974740990445
"TCGA-DK-AA71-01A-31R-A39I-07",0.271903296171285,0,0.578913200206744,0,0,0.0255452988654678,0.0441125388610477,0.0174726572573559,0.0620530086380992
"TCGA-DK-AA74-01A-11R-A39I-07",0,0.325386021485971,0,0.0025169551446511,0,0.0986075532158807,0.0169321233066242,0.121089318507744,0.435468028339129
"TCGA-DK-AA75-01A-11R-A39I-07",0.369111287233439,0,0.0315505280784683,0,0,0.0546148443955818,0.486793052354832,0.0335124837965667,0.0244178041411123
"TCGA-DK-AA76-01A-11R-A39I-07",0.382128026794014,0,0.351827283953759,0,0,0.00157922107334248,0.204139780867212,0,0.0603256873116718
"TCGA-DK-AA77-01A-11R-A39I-07",0.167699207720013,0.0644040063587588,0.303151559416104,0,0,0.203710667837473,0.197922778523267,0.0488254738600048,0.01428630628438
"TCGA-E5-A2PC-01A-11R-A206-07",0.266012451960049,0.272252453855132,0.201665193617793,0.000815077582069282,0,0.099910006077145,0.0507196310366711,0.101239012768914,0.00738617310222795
"TCGA-E5-A4TZ-01A-11R-A31N-07",0.00229633274957913,0.00349334838160692,0.648475738718073,0,0,0.102578056222327,0.221823675781361,0.00882922363291724,0.0125036245141349
"TCGA-E5-A4U1-01A-11R-A31N-07",0.12875475595328,0,0.723815254867929,0.00824657793436447,0,0.0355318102199451,0.0666459363167816,0.0267436723855779,0.0102619923221215
"TCGA-E7-A3X6-01A-12R-A22U-07",0.274624403086498,0.167689779912801,0.0586930085028139,0.000893345610991221,0,0.219315278868189,0.0140794958194358,0.17938804542358,0.0853166427756908
"TCGA-E7-A3Y1-01A-11R-A22U-07",0,0,0.900202166497534,0,0,0.0317969865236193,0,0.0322173540610737,0.0357834929177729
"TCGA-E7-A4IJ-01A-31R-A26T-07",0.546626272559993,0.0848150516410083,0,0,0.000195068671596388,0.10853106420129,0.149870947880032,0.0260392940456702,0.0839223010004096
"TCGA-E7-A4XJ-01A-11R-A26T-07",0.137062790301389,0,0.692150233155844,0,0,0.0566895222169916,0.00732517236339565,0.0495914996429626,0.0571807823194171
"TCGA-E7-A519-01A-11R-A26T-07",0.576391872626563,0.014052567476845,0.320295992514899,0.00688114514042624,0,0,0.00250909962346307,0.00761104623645957,0.0722582763813449
"TCGA-E7-A541-01A-11R-A26T-07",0.395740271786134,0.162833171569544,0,0.0194801659238772,0,0.119761325090605,0.109547807480108,0.108823730727792,0.0838135274219394
"TCGA-E7-A5KE-01A-11R-A28M-07",0.113204306149672,0,0.742231276753708,0,0,0.00142602925469678,0.0658874955318176,0.0172727109855057,0.0599781813246004
"TCGA-E7-A5KF-01A-11R-A28M-07",0.000280890367458992,0,0.955786740629731,0,0,0.0374768156120237,0,0.00645555339078591,0
"TCGA-E7-A677-01A-11R-A30C-07",0,0.0351156633469256,0.388204395940838,0,0,0.253581903828704,0,0.0564836001249707,0.266614436758562
"TCGA-E7-A678-01A-11R-A30C-07",0,0,0.922507965084361,0,0,0.0460871754177272,0.0154426439399826,0.0103359688077802,0.00562624675014896
"TCGA-E7-A6MD-01A-41R-A352-07",0.265898938278133,0.0485482667162601,0.111484666050446,0.00040358389039363,0,0.138843256593941,0,0.0629800300491006,0.371841258421726
"TCGA-E7-A6ME-01A-22R-A32O-07",0.241556976348227,0.219955666011754,0,0,0.000755576431500977,0.319702904440379,0.110776214301878,0.0582021944150776,0.0490504680511839
"TCGA-E7-A6MF-01A-12R-A32O-07",0,0,0.594005165715315,0,0,0.230158107997932,0.137800466379453,0.0113482571618006,0.0266880027455
"TCGA-E7-A7DU-01A-11R-A32O-07",0.0511505255193582,0,0.845461356875696,0,0,0.0310490798581505,0,0.0541764838264824,0.0181625539203131
"TCGA-E7-A7DV-01A-11R-A33J-07",0.066398802613659,0.492977499581284,0,0,0,0.115476999148567,0.0195405083497187,0.0392448834183263,0.266361306888445
"TCGA-E7-A7PW-01A-11R-A352-07",0.649997107434891,0.0109247799563599,0,0,0,0.0649189521269324,0.200576015084861,0.021450608425375,0.0521325369715799
"TCGA-E7-A7XN-01A-11R-A352-07",0.111818947744843,0.349200548250857,0.00498801909106102,0.0608739830827275,0,0.182728381682331,0.200531575076551,0.0791375459503358,0.0107209991212936
"TCGA-E7-A85H-01A-11R-A352-07",0.258639319186403,0.035661426700721,0.0548840607539133,0,0.00187433374271879,0.0981145915596904,0.400505414843845,0.0346761712751616,0.115644681937548
"TCGA-E7-A8O7-01A-11R-A36F-07",0.0991220233070008,0.0125174079799791,0.519888729202765,0,0,0.229151763993069,0,0.0467188923144794,0.092601183202707
"TCGA-E7-A8O8-01A-11R-A36F-07",0.00141790866844672,0,0.752472265540356,0,0,0.00258093299286979,0.19786185063499,0.0422156298825552,0.0034514122807822
"TCGA-E7-A97P-01A-11R-A38B-07",0.0644819692366393,0.160251691142472,0,0,0,0.232164505974739,0.126095246066633,0.195673165498624,0.221333422080893
"TCGA-E7-A97Q-01A-11R-A38B-07",0.260236868841697,0.0331449980256718,0,0,0,0.183367364489864,0,0.18188669718729,0.341364071455477
"TCGA-FD-A3B3-01A-12R-A206-07",0,0.215666540547991,0,0,0,0.138959502990492,0.0722657053324815,0.149718236369184,0.423390014759852
"TCGA-FD-A3B4-01A-12R-A206-07",0,0.0691172102050422,0,0.0290349274203978,0,0.304512745615901,0.0700459156191928,0.272198600914704,0.255090600224762
"TCGA-FD-A3B5-01A-11R-A20F-07",0.000629918477433366,0,0.446409084427741,0,0,0.219663701941351,0,0.0740123413845067,0.259284953768967
"TCGA-FD-A3B6-01A-21R-A20F-07",0,0.364922585355133,0.0374654235939529,0.0235935687097038,0,0.115034198830524,0.301147025574555,0,0.157837197936132
"TCGA-FD-A3B7-01A-31R-A20F-07",0,0.241292667072013,0,0,0,0.0728111973540325,0.11062247731379,0.0840074579102562,0.491266200349908
"TCGA-FD-A3B8-01A-31R-A20F-07",0,0.318306783475096,0,0,0,0.0117141641714847,0.00325476814700436,0.274585820994587,0.392138463211828
"TCGA-FD-A3N5-01A-11R-A21D-07",0.00182094329722878,0.0447303403177206,0.178729262743127,0.017430594544367,0,0.404871571127486,0.067472218645365,0.131348984404823,0.153596084919882
"TCGA-FD-A3N6-01A-11R-A21D-07",0,0.129249748667121,0.347118746761333,0,0,0.0858970815785123,0.328009388160697,0,0.109725034832336
"TCGA-FD-A3NA-01A-11R-A21D-07",0.439631634900246,0.16144604008236,0,0,0,0.113114502757767,0,0.106952808970038,0.178855013289589
"TCGA-FD-A3SJ-01A-12R-A22U-07",0.452310286252808,0.104124215007147,0,0,0,0.0894162128828521,0,0.127533873632899,0.226615412224294
"TCGA-FD-A3SL-01A-21R-A22U-07",0.0879302478373138,0.187804847011106,0,0,0,0.0233493172075882,0,0.181680770474923,0.519234817469069
"TCGA-FD-A3SM-01A-11R-A22U-07",0.304897320726754,0.18094791270845,0,0,0,0,0,0.0961655091319225,0.417989257432874
"TCGA-FD-A3SN-01A-12R-A22U-07",0.315459104946781,0.043087906030824,0.022017702649698,0.000878818577696844,0,0.0752256547807951,0.211665737275923,0.066664099156715,0.265000976581567
"TCGA-FD-A3SO-01A-11R-A22U-07",0.000113494431599926,0.23448429915125,0.124466157490467,0,0,0.236642490835167,0.00253698074307509,0,0.401756577348441
"TCGA-FD-A3SP-01A-31R-A22U-07",0,0.193297104889888,0,0,0,0.0316674623811037,0,0.0563253064660726,0.718710126262935
"TCGA-FD-A3SQ-01A-21R-A22U-07",0.0611398778636936,0.204580173694473,0,0,0,0.0505797733268811,0,0.107346096916435,0.576354078198518
"TCGA-FD-A3SR-01A-11R-A22U-07",0.0917103980348812,0.145622056925361,0,0,0,0.0941873871534298,0.00312673101278813,0.127063825196463,0.538289601677076
"TCGA-FD-A3SS-01A-12R-A22U-07",0.313861067103157,0.0145907995927539,0.00186154119448953,0,0,0.202902180207407,0,0.0889984428422822,0.37778596905991
"TCGA-FD-A43N-01A-11R-A23W-07",0.454942095053657,0.00993644105301044,0,0,0,0.165099981961119,0.00343990291863021,0.00020990600749381,0.366371673006089
"TCGA-FD-A43P-01A-31R-A23W-07",0.156306292468883,0.279106712013639,0,0.0468230165410248,0,0.171648451166506,0.118323146009555,0.0223913723486425,0.205401009451749
"TCGA-FD-A43S-01A-21R-A23W-07",0.148591536797259,0.15633344637818,0.126164327223027,0,0,0.125665241677638,0,0.064482511355929,0.378762936567966
"TCGA-FD-A43U-01A-11R-A23W-07",0.221984075400232,0.41626820118731,0,0,0,0.00565208652867642,0,0.0732912229164018,0.28280441396738
"TCGA-FD-A43X-01A-11R-A23W-07",0,0,0.8798836704686,0,0,0.0587920701254573,0,0.0498874809052548,0.0114367785006882
"TCGA-FD-A43Y-01A-21R-A26T-07",0.00523172888279606,0.220112258395933,0.0574337520255715,0.00989965936808833,0,0.229770477672235,0,0.155701127799239,0.321850995856136
"TCGA-FD-A5BR-01A-11R-A26T-07",0.00302959296383772,0.0455960429560712,0.328580705800462,0,0,0.280130785357596,0,0.0603865823679525,0.28227629055408
"TCGA-FD-A5BS-01A-21R-A26T-07",0,0.462259652104813,0,0,0,0.066417595223983,0.0626413861248982,0.115320614567237,0.293360751979069
"TCGA-FD-A5BT-01A-11R-A26T-07",0,0.405174206693075,0,0,0,0.0459350410210422,0,0.00665813106118359,0.5422326212247
"TCGA-FD-A5BU-01A-31R-A26T-07",0.00162047365158064,0.234311738277572,0.0621217819870649,0,0,0.207920253440843,0,0.147600560756812,0.346425191886128
"TCGA-FD-A5BV-01A-11R-A26T-07",0.0752500099114382,0,0.40420673666977,0,0,0.150394286935706,0.140116540615487,0.0199683540188421,0.210064071848757
"TCGA-FD-A5BX-01A-11R-A26T-07",0,0.16395325363756,0,0,0,0.128535983519942,0.0561671104680197,0.151998773095152,0.499344879279326
"TCGA-FD-A5BY-01A-31R-A28M-07",0.116062162445259,0.138272063136832,0.178338433562487,0,0,0.0998920986565592,0,0.139714914733511,0.32772032746535
"TCGA-FD-A5BZ-01A-11R-A28M-07",0.205432710058415,0.0375547662810596,0,0,0,0,0,0.0701396262528828,0.686872897407642
"TCGA-FD-A5C0-01A-11R-A28M-07",0.362327569990468,0.021010052900143,0,0,0,0.2511648345261,0,0.0638425965595771,0.301654946023713
"TCGA-FD-A5C1-01A-11R-A28M-07",0.0172313618579595,0.375798682573746,0.0429076654895855,0,0,0.150796647203019,0,0.133677900346679,0.279587742529011
"TCGA-FD-A62N-01A-11R-A30C-07",0,0.438555146623433,0,0,0,0.0576577473360569,0.152033080746716,0.124522839133622,0.227231186160173
"TCGA-FD-A62O-01A-11R-A30C-07",0.082616381339212,0,0.616862808373156,0,0,0.0308583486017058,0.0154582358744286,0.0369796008875574,0.217224624923941
"TCGA-FD-A62P-01A-32R-A30C-07",0.287864500166984,0.15164622220021,0,0.000810068752920545,0.000419536683273213,0.101856184869821,0,0.0764629313198458,0.380940556006945
"TCGA-FD-A62S-01A-11R-A30C-07",0,0.170885707235117,0,0,0,0.107385199036642,0,0.0531852710608337,0.668543822667406
"TCGA-FD-A6TA-01A-12R-A33J-07",0.332145994770701,0.0766799376577694,0,0,0,0.0493612759192465,0,0.126352262630075,0.415460529022208
"TCGA-FD-A6TB-01A-12R-A33J-07",0.0496915435991695,0.393222878543533,0,0,0,0.0531221903210502,0,0.165637439144189,0.338325948392057
"TCGA-FD-A6TC-01A-21R-A33J-07",0.180330941579395,0.00309747672247395,0.00329900518122943,0,0,0.167427478405927,0,0.0724014929501247,0.573443605160849
"TCGA-FD-A6TD-01A-51R-A33J-07",0.0455624777682367,0.252162186524625,0.0382648174410927,0.00957697979371901,0,0.251545576568529,0.0659827012564993,0.0670005413471749,0.269904719300123
"TCGA-FD-A6TE-01A-12R-A33J-07",0.381089934081813,0.17595210913839,0,0.0041530689325736,0,0.38995527203012,0,0.0344870393216555,0.0143625764954471
"TCGA-FD-A6TF-01A-52R-A32O-07",0,0.0188940500767044,0.125598640768154,0,0,0.245974997903565,0.023802031621774,0.0968019690561573,0.488928310573646
"TCGA-FD-A6TG-01A-11R-A32O-07",0.214012032077781,0.198893295975968,0,0,0,0,0.00117441093726664,0.140065254286267,0.445855006722717
"TCGA-FD-A6TH-01A-11R-A32O-07",0.176435714186509,0.0683030819001811,0.00367622250901581,0,0,0.0949206868056892,0.13413937478765,0.0470519060746592,0.475473013736296
"TCGA-FD-A6TI-01A-11R-A32O-07",0.433941814643961,0.0642697646578032,0,0,0,0.187019339413063,0,0.0349116001417468,0.279857481143426
"TCGA-FD-A6TK-01A-42R-A33J-07",0,0.199468891691485,0,0,0,0.0953605317605677,0.0551815296616515,0.233515749034956,0.416473297851339
"TCGA-FJ-A3Z7-01A-12R-A23N-07",0.1174698318793,0,0,0,0,0.479597671005976,0.0307174191758443,0,0.37221507793888
"TCGA-FJ-A3Z9-01A-11R-A26T-07",0.244789771864562,0,0.703431911710259,0,0,0.0015291389145417,0.0123937058698315,0,0.0378554716408057
"TCGA-FJ-A3ZE-01A-11R-A23N-07",0.345468741668905,0,0.504618069376794,0,0,0.0597078548644639,0.0100523374019363,0.0139212602401241,0.0662317364477762
"TCGA-FJ-A3ZF-01A-11R-A23N-07",0.402129646796081,0,0,0,0,0.0449195138500902,0.498108168441163,0,0.0548426709126656
"TCGA-FJ-A871-01A-11R-A352-07",0,0,0,0,0,0.0102822299335483,0.389190824962084,0.0136898761484172,0.58683706895595
"TCGA-FT-A3EE-01A-11R-A206-07",0,0,0.41901520204793,0,0,0.144905772659022,0.184406871805447,0,0.251672153487602
"TCGA-FT-A61P-01A-11R-A30C-07",0.0582848787005238,0.304564155417675,0,0,0,0.0790993708432135,0.00221247245477386,0.216508572324343,0.339330550259471
"TCGA-G2-A2EC-01A-11R-A180-07",0.124768866098888,0.0367406671042634,0.132424370558752,0,0,0.051316039820149,0,0.0984776730296828,0.556272383388265
"TCGA-G2-A2EF-01A-12R-A18C-07",0,0.099742611655597,0,0.00281276573667675,0,0.262249747309382,0.353009709036685,0,0.282185166261659
"TCGA-G2-A2EJ-01A-11R-A180-07",0.0172984890950769,0,0.269611900135329,0.00209686192796417,0,0.312773158762433,0.206899227636663,0.0863581028503056,0.104962259592229
"TCGA-G2-A2EK-01A-22R-A18C-07",0.490544478734027,0.00689576220768613,0.082541200950143,0,0,0.132847741159796,0.0177717313391949,0.143152893805272,0.126246191803881
"TCGA-G2-A2EL-01A-12R-A18C-07",0,0.000246747967697948,0.0204447889705116,0,0,0.104082366260247,0.811953524477303,0.0430754701824409,0.0201971021417991
"TCGA-G2-A2EO-01A-11R-A180-07",0.156667260708314,0.162028140170254,0.1358513442959,0,0,0.057980383015474,0.0894554506962531,0.146360096041851,0.251657325071953
"TCGA-G2-A2ES-01A-11R-A180-07",0,0.0593289954494151,0.311696778591474,0.000737904602224208,0,0.255322714876654,0.173954184216005,0.103262961767463,0.095696460496765
"TCGA-G2-A3IB-01A-11R-A20F-07",0.0002324378412125,0.00407377525592629,0.709736971184512,0,0,0.131912177256617,0,0.00238616033249432,0.151658478129238
"TCGA-G2-A3IE-01A-11R-A20F-07",0.497198275584623,0.0232107940766422,0.286299510636924,0,0,0.0597670367223576,0.00461825060698091,0.0112885780397993,0.117617554332674
"TCGA-G2-A3VY-01A-11R-A22U-07",0.609794218642829,0.015561443742727,0,0,0.0130168734932688,0.104270857173266,0.144042638880827,0.0158944135683127,0.0974195544987697
"TCGA-G2-AA3B-01A-11R-A39I-07",0.587793980135598,0.0718554698495558,0,0.00165413540006344,0,0.137176889405211,0.180458321087688,0.0146067859615764,0.00645441816030769
"TCGA-G2-AA3C-01A-21R-A39I-07",0.000425666417627672,0.372883600741711,0,0.00107916301757338,0,0.027672008403717,0.24745652947142,0.105840259215745,0.244642772732206
"TCGA-G2-AA3D-01A-11R-A39I-07",0.151946798776946,0,0.516419341676614,0,0,0.0452749164708736,0.242442582731646,0,0.0439163603439205
"TCGA-G2-AA3F-01A-12R-A42T-07",0.488179366596195,0,0.0434278240498016,0,0,0.0982250507815686,0.167986641655593,0.0420127039608632,0.160168412955979
"TCGA-GC-A3BM-01A-11R-A22U-07",0,0,0.479401532564586,0,0,0.360045339097656,0,0.03406199125443,0.126491137083329
"TCGA-GC-A3I6-01A-11R-A20F-07",0,0.148889578102367,0.197477475192332,0,0,0.324993001090719,0.0224423257356953,0.102546224170854,0.203651395708032
"TCGA-GC-A3OO-01A-11R-A22U-07",0.259131722694637,0.0159666849577271,0.0027208362579247,0,0,0.149869862942814,0.00125323990217786,0.173604969315887,0.397452683928832
"TCGA-GC-A3RB-01A-12R-A220-07",0,0.00241954051425329,0.474862365389163,0,0,0.0831917442541159,0.377501645895972,0.0130785704547899,0.0489461334917058
"TCGA-GC-A3RC-01A-11R-A22U-07",0,0.245916274559568,0,0,0,0.283439329417127,0.332874566870392,0.00465502818488719,0.133114800968025
"TCGA-GC-A3RD-01A-12R-A22U-07",0.166720444107843,0.0146707025188478,0.542118413320864,0,0.000705812334286612,0.112882475789895,0,0.0499719788644129,0.11293017306385
"TCGA-GC-A3WC-01A-31R-A22U-07",0,0.430018975335405,0.00690843494600192,0,0,0.199978264555166,0.0814893259949205,0.115985008638603,0.165619990529903
"TCGA-GC-A3YS-01A-11R-A23N-07",0.0200821609591293,0.091154397927625,0.0266324610066858,0.000500677806554061,0,0.180200484756609,0,0.0997708182431209,0.581658999300276
"TCGA-GC-A4ZW-01A-11R-A26T-07",0.070168408125095,0,0.115805136947104,0,0.0657077825656252,0.322279850709975,0.319553286836249,0.0118283855322111,0.094657149283741
"TCGA-GC-A6I1-01A-12R-A31N-07",0,0.353370795037091,0.000759937592373596,0.102568736340893,0.0284148587908452,0.140880550376727,0.168344121951996,0.0246230501005074,0.181037949809566
"TCGA-GC-A6I3-01A-11R-A31N-07",0.184072547396816,0.186208499346618,0.183181894810247,0.0846001491787531,0,0.0164357581704945,0.233071369721183,0.00127568380073944,0.111154097575149
"TCGA-GD-A2C5-01A-12R-A180-07",0.490359443332316,0,0,0,0,0.143235885054877,0,0.111224124663796,0.255180546949011
"TCGA-GD-A3OP-01A-21R-A220-07",0.436949729188104,0,0,0,0,0.176746913458003,0,0.013559172592026,0.372744184761867
"TCGA-GD-A3OQ-01A-32R-A220-07",0.09717493578007,0,0.358252847831005,0,0,0.102179147541258,0.0688086584417432,0.0615974521697505,0.311986958236174
"TCGA-GD-A3OS-01A-12R-A220-07",0,0.0931268540625887,0,0,0,0.109751931912118,0,0.139154404041166,0.657966809984127
"TCGA-GD-A6C6-01A-21R-A31N-07",0.277891923693234,0.00045300559212762,0.343610880755994,0.263723115089872,0.00242229515131453,0,0.0941128591999812,0.00491236697952039,0.0128735535379556
"TCGA-GD-A76B-01A-11R-A32O-07",0.448467835501927,0.182035705145785,0,0,0,0.242497130691494,0,0.101160906814651,0.0258384218461435
"TCGA-GU-A42P-01A-11R-A23W-07",0.254498101154803,0,0.0371855396319538,0,0,0.27194884132625,0.30159937807109,0.0237185883085158,0.111049551507387
"TCGA-GU-A42Q-01A-11R-A23W-07",0,0.0298990647590719,0.47612122334225,0,0,0.0879452178867239,0.107627399284268,0.0168185946848713,0.281588500042815
"TCGA-GU-A42R-01A-11R-A23N-07",0.110440688621716,0,0.682712322485554,0,0,0.0983697026332355,0,0.0149239416343874,0.0935533446251066
"TCGA-GU-A762-01A-11R-A33J-07",0,0.270513749887809,0,0.0700622628540489,0,0.13387252170223,0.244464521634831,0.0160527191131286,0.265034224807953
"TCGA-GU-A763-01A-11R-A32O-07",0,0,0.941443467135123,0,0,0.00949295577488584,0.0390993595581344,0.00818186805868837,0.00178234947316899
"TCGA-GU-A764-01A-11R-A352-07",0.0894106812752993,0.145545231879428,0.00166116271136189,0.0559657034679526,0,0.214267854000175,0.0353477246025071,0.0825295883676553,0.375272053695621
"TCGA-GU-A766-01A-11R-A32O-07",0,0.346749938117781,0,0.000307343809517448,0,0.273216456166393,0.081818473758528,0.123729683020882,0.174178105126898
"TCGA-GU-A767-01A-11R-A32O-07",0.0759763771629141,0,0.447727546432882,0,0,0.149170575817666,0.0889913525885822,0.080513873024646,0.157620274973309
"TCGA-GU-AATO-01A-11R-A39I-07",0.307681404088828,0.26949000078912,0,0,0,0.140499275170729,0.0315130025295529,0.0681169450295502,0.18269937239222
"TCGA-GU-AATP-01A-11R-A39I-07",0.186395787343427,0.166891911541451,0,0.00128140248894083,0,0.0395620583590957,0.00287272653730054,0.222535747741864,0.380460365987921
"TCGA-GU-AATQ-01A-11R-A39I-07",0.0422971242003752,0.143409769117567,0.442246028000248,0,0,0.0740532090063905,0,0.118369025422485,0.179624844252934
"TCGA-GV-A3JV-01A-11R-A220-07",0.51259679670569,0.0509941958385226,0.0799723892293028,0,0,0.0731857465478039,0.0205985257857629,0,0.262652345892918
"TCGA-GV-A3JW-01A-11R-A20F-07",0.375587093735644,0,0.443362228305806,0,0,0,0,0.0422491172493814,0.138801560709168
"TCGA-GV-A3JX-01A-11R-A20F-07",0.286173325772892,0.177704783950289,0,0.00383311029769709,0,0.370332439552001,0.0764561552315478,0.0371700888373697,0.048330096358204
"TCGA-GV-A3JZ-01A-11R-A21D-07",0.194954714642947,0.0530028985799189,0,0,0,0.152275320589889,0.261781429442123,0.0686501609196148,0.269335475825508
"TCGA-GV-A3QF-01A-31R-A22U-07",0.703003530268551,0,0,0,0,0.0892392586669612,0,0.0569532693567675,0.15080394170772
"TCGA-GV-A3QG-01A-11R-A220-07",0.0325725785073973,0.235036819975709,0,0,0,0.131501566030953,0.136346701436448,0.0544833728128327,0.410058961236659
"TCGA-GV-A3QH-01A-11R-A220-07",0.548286905296351,0,0,0,0.00166714355916108,0.242086591345169,0.154798928814573,0.000237343665421677,0.0529230873193243
"TCGA-GV-A3QI-01A-11R-A220-07",0,0,0.434403535615018,0.0122280673518002,0.0173618402081386,0.138668224414185,0.285221775163552,0.0319598883571489,0.0801566688901576
"TCGA-GV-A40E-01A-12R-A23N-07",0.0341673544168603,0,0.2252397015958,0.0486405729312592,0,0.135600183299618,0.213421096443478,0,0.342931091312984
"TCGA-GV-A40G-01A-11R-A23N-07",0.541308505254067,0,0.134077771854552,0,0.010805184989177,0.231230298286184,0,0.0779903434895778,0.00458789612644231
"TCGA-GV-A6ZA-01A-12R-A33J-07",0.295655449512853,0.0364076171321197,0.252445378466236,0,0,0.112786677027973,0.234460740934585,0.0403037802153909,0.0279403567108429
"TCGA-H4-A2HO-01A-11R-A180-07",0.623644175546826,0,0,0,0,0.234994295500093,0.0157381192490889,0,0.125623409703992
"TCGA-H4-A2HQ-01A-11R-A180-07",0.0181468535175034,0,0.515642548818806,0,0,0.264754458227989,0.0792937356859095,0.043326805882086,0.078835597867707
"TCGA-HQ-A2OE-01A-11R-A206-07",0.016590077345414,0,0.545392224281643,0,0,0.189536187143449,0.157422111910779,0.0101203444616631,0.0809390548570512
"TCGA-HQ-A2OF-01A-11R-A26T-07",0,0.0412544316909003,0.289008169412891,0,0,0.188775668417296,0.288673158680253,0.0530326997450786,0.139255872053581
"TCGA-HQ-A5ND-01A-11R-A26T-07",0.0722483249958748,0,0.301307857004998,0.00778337450773217,0.000699787553508726,0.0943240458911743,0.380917359862923,0.117289866337425,0.0254293838463636
"TCGA-HQ-A5NE-01A-12R-A28M-07",0.175263601019863,0.00102279467248852,0.154807506102811,0,0,0.324446576009014,0,0.0250522770507404,0.319407245145084
"TCGA-K4-A3WS-01A-11R-A22U-07",0.093984339968783,0.0885402513394184,0,0.000504705490481421,0,0.115475785495592,0.000701701978111827,0.139853997577952,0.560939218149662
"TCGA-K4-A3WV-01A-11R-A22U-07",0.178209051613859,0.147758590359735,0.00165810088043078,0,0,0.187157906141523,0.107091990591831,0.0398109765258177,0.338313383886803
"TCGA-K4-A4AC-01A-21R-A26T-07",0,0.201315441725207,0.231348577766028,0,0.0182947473797663,0.120989878332438,0.222564072763515,0.000864529740977027,0.204622752292068
"TCGA-K4-A54R-01A-11R-A26T-07",0.14791332700317,0.102823334455242,0,0,0,0.175503017797146,0.0407347350059011,0.0955245607882314,0.43750102495031
"TCGA-K4-A5RH-01A-11R-A30C-07",0,0.41220797558353,0,0,0,0.209182115746753,0.0696320328728988,0.0805364820911236,0.228441393705694
"TCGA-K4-A5RI-01A-11R-A28M-07",0,0.0516672705473046,0.477596607584866,0,0,0.110001261069491,0.00117975789970367,0.130966610147697,0.228588492750938
"TCGA-K4-A5RJ-01A-11R-A28M-07",0,0.647488793046401,0,0,0,0.0577556667841177,0.233646604267474,0.0446753615783586,0.0164335743236492
"TCGA-K4-A6FZ-01A-11R-A31N-07",0.119811124569055,0.115633978745101,0.283700529190469,0,0,0.290823101695065,0.0231842232288732,0.0238393290936554,0.143007713477781
"TCGA-K4-A6MB-01A-11R-A31N-07",0.370021195109607,0,0.0303993451824581,0,0,0.11151342955975,0,0.0354626371275636,0.452603393020621
"TCGA-K4-A83P-01A-11R-A352-07",0.0614262029505214,0.309522441721123,0.000758328919988817,0,0,0.162416894033761,0.00319319730321269,0.0677291568089069,0.394953778262487
"TCGA-K4-AAQO-01A-11R-A38B-07",0.177617644390971,0.0201861682264625,0.00262947294721179,0,0,0.18677554235579,0.0240524875589702,0.156103570463576,0.432635114057019
"TCGA-KQ-A41N-01A-11R-A33J-07",0.385166606033772,0,0.349836442954301,0,0,0.0133960731165895,0.100016552219067,0.0227242320273156,0.128860093648955
"TCGA-KQ-A41O-01A-12R-A352-07",0,0,0.928852923028643,0,0,0,0.0543656865313272,0.0130324247985353,0.00374896564149486
"TCGA-KQ-A41P-01A-12R-A33J-07",0.16354426520627,0.0732814123734412,0.414128451252039,0,0,0.0458519519471952,0,0.0729711983257721,0.230222720895282
"TCGA-KQ-A41Q-01A-11R-A33J-07",0.509340062735748,0,0.026449044806111,0,0,0.147934538563285,0.00194069534101236,0.0555139033597322,0.258821755194111
"TCGA-KQ-A41R-01A-21R-A352-07",0.748599931091272,0,0.0153343706034831,0,0,0.0383910637960754,0.1029046458906,0.0734635709070203,0.0213064177115491
"TCGA-KQ-A41S-01A-12R-A33J-07",0.17677411932003,0.107315007912785,0,0,0,0.14012490922471,0,0,0.575785963542475
"TCGA-LC-A66R-01A-41R-A30C-07",0,0.120672264350094,0.0530077881271639,0,0,0.194289090201156,0.422100906534408,0.0455271689511277,0.164402781836051
"TCGA-LT-A5Z6-01A-11R-A28M-07",0.410004856878388,0.0378269233219491,0.254298211091138,0.00095415049379424,0,0.12291670878397,0.130965179380972,0.0221513373593586,0.0208826326904303
"TCGA-LT-A8JT-01A-11R-A36F-07",0.00911808024027888,0,0.674026887729008,0,0,0.147643217888878,0.0706426660655849,0.0325461491920684,0.0660229988841811
"TCGA-MV-A51V-01A-11R-A26T-07",0.808300635602995,0.00939685271230854,0,0,0,0.100859195999589,0,0,0.0814433156851077
"TCGA-PQ-A6FI-01A-11R-A31N-07",0,0,0.159513723645281,0.0293425428989511,0,0.152523415633591,0.471093247307923,0.0325869500716038,0.15494012044265
"TCGA-PQ-A6FN-01A-11R-A31N-07",0.136390063214788,0.106124749045999,0.0898132433928464,0,0.0116190542161161,0.0676798704811571,0.254156881818906,0.065799163230102,0.268416974600086
"TCGA-R3-A69X-01A-22R-A30C-07",0.218869031066211,0.282492610203255,0.00161530338986838,0.000186411502649147,0,0.0188068389439999,0,0.146730979681253,0.331298825212763
"TCGA-S5-A6DX-01A-11R-A31N-07",0.366955294992863,0.238694768957641,0,0.0365223089936814,0,0.019232516699505,0.0660858842127349,0.140602436377227,0.131906789766347
"TCGA-S5-AA26-01A-11R-A38B-07",0,0,0.946974366642228,0,0,0,0,0.0162197495335614,0.0368058838242104
"TCGA-SY-A9G0-01A-12R-A38B-07",0.0282464037319892,0.0120063987130884,0.0911029608000402,0,0,0.250385735478769,0.000980643803160772,0.0627798735845172,0.554497983888435
"TCGA-SY-A9G5-01A-11R-A38B-07",0.008256825423563,0.250763599690938,0,0.0019368708759451,0,0.209988477724601,0,0.177762536946112,0.351291689338841
"TCGA-UY-A78K-01A-11R-A33J-07",0.169852216642942,0.176304629205895,0,0.000123054387406774,0.00155588824249916,0.157223517069442,0.350398882038747,0.109766064644904,0.0347757477681644
"TCGA-UY-A78L-01A-12R-A33J-07",0.196888160513008,0.24900018467033,0.00338659962368185,0,0,0.10862873742252,0.000267719195581883,0.0964448668921286,0.34538373168275
"TCGA-UY-A78M-01A-21R-A352-07",0.190659411166785,0,0.324882219970122,0,0,0,0.236484704895256,0.0663186044032535,0.181655059564583
"TCGA-UY-A78N-01A-12R-A33J-07",0,0,0.497688260217661,0,0,8.00178746459417e-05,0.340188464374799,0.031314492494364,0.13072876503853
"TCGA-UY-A78O-01A-12R-A33J-07",0.176574791007163,0,0.663098853998004,0,0,0.043912491831015,0.000750524871462838,0.0518085248956279,0.0638548133967275
"TCGA-UY-A78P-01A-12R-A36F-07",0,0.299879054285164,0.195611117092401,0.0407289207392113,0,0.216726049540057,0.00412336537381583,0.123123352728964,0.119808140240386
"TCGA-UY-A8OB-01A-12R-A42T-07",0,0.331415747458363,0.0176468773886641,0.0514542096189194,0,0.166449442420563,0.255497762988369,0.0725757532320633,0.104960206893059
"TCGA-UY-A8OC-01A-11R-A36F-07",0,0,0.148622327299938,0,0,0.159329035272288,0.0805314270385796,0.137690949905838,0.473826260483356
"TCGA-UY-A8OD-01A-11R-A36F-07",0.268288135681739,0.138740727194103,0,0,0,0.0868918558256536,0.0199907532171994,0.0750735131127353,0.411015014968569
"TCGA-UY-A9PA-01A-11R-A38B-07",0.0943690075486268,0.157669972208018,0.319012602540571,0.00057145989025242,0,0.403230863359348,0.000174409786841036,0.0120052412727308,0.0129664433936116
"TCGA-UY-A9PB-01A-11R-A38B-07",0.000731645916741842,0.320582544478701,0.00203927604679038,0.000664281620101344,0,0.0831306718313994,0.0353265721287378,0.0815233714689584,0.47600163650857
"TCGA-UY-A9PD-01A-11R-A38B-07",0.312522381508069,0,0.27237894067738,0,0,0.127365324519816,0.0412130674633544,0.0358335230238516,0.210686762807529
"TCGA-UY-A9PE-01A-11R-A38B-07",0.306078771930474,0,0.182363731871481,0,0,0.0493969434991242,0.179165305040566,0.078953859226154,0.204041388432201
"TCGA-UY-A9PF-01A-11R-A38B-07",0.358833812516061,0.0255601611615523,0.210694283504598,0,0,0.14319829746407,0.000964944964378492,0.108221521768551,0.152526978620789
"TCGA-UY-A9PH-01A-11R-A38B-07",0.27906365194657,0.419298113879752,0,0.000708393964648369,0,0.170788493488992,0.00456981622884325,0.106311701513454,0.0192598289777406
"TCGA-XF-A8HB-01A-11R-A36F-07",0,0.0420184703565169,0.776998754862066,0,0,0.0859923483188204,0.0671336913590445,0.0200252540460717,0.00783148105748073
"TCGA-XF-A8HC-01A-11R-A36F-07",0.854380835955441,0,0.00440190979763541,0,0,0.0541102569735684,0,0.0187972972064921,0.0683097000668632
"TCGA-XF-A8HD-01A-11R-A36F-07",0.113766456735188,0.223214111165867,0,0.0320114262054901,0,0.302463784458546,0.0489867490594679,0.130512508664277,0.149044963711164
"TCGA-XF-A8HE-01A-11R-A36F-07",0,0.0677733918948372,0.305300316837115,0.0147159260208121,0,0.205809930272849,0.235006897414934,0.0296281199094226,0.14176541765003
"TCGA-XF-A8HF-01A-11R-A36F-07",0.527860281162954,0.103328321777668,0,0,0,0.000240642596000778,0,0.178741157652074,0.189829596811304
"TCGA-XF-A8HG-01A-11R-A36F-07",0.397399523408725,0.00949279552471931,0.532278925702058,0,0,0.0209383635901666,0,0,0.0398903917743307
"TCGA-XF-A8HH-01A-11R-A38B-07",0.482479882681462,6.74597764924642e-05,0,0,0,0.137048669608393,0,0.0246786546248225,0.35572533330883
"TCGA-XF-A8HI-01A-11R-A38B-07",0,0,0.772973388711718,0,0,0.145906191424375,0.0013201650318648,0.0507786007003584,0.0290216541316836
"TCGA-XF-A9SH-01A-11R-A39I-07",0,0.00569529458073715,0.775669641000268,0,0,0.0819065257685706,0.015503511757728,0.0138283772156985,0.107396649676998
"TCGA-XF-A9SI-01A-11R-A39I-07",0,0.240530382782847,0,0,0,0.117464788587087,0.214246836821798,0.209529955497566,0.218228036310702
"TCGA-XF-A9SJ-01A-11R-A39I-07",0.303715707951389,0.231408026762019,0,0.0494395678413155,0,0.165898602507951,0.0171221541312501,0.0226221683100134,0.209793772496062
"TCGA-XF-A9SK-01A-11R-A42T-07",0.14800518005179,0.293542701759452,0,0,0,0.0502814746925881,0,0.0659239258501755,0.442246717645994
"TCGA-XF-A9SL-01A-11R-A39I-07",0.0670812668491372,0.0864533112933785,0,0,0,0.135117848850947,0.0144870792967101,0.112770013353907,0.58409048035592
"TCGA-XF-A9SM-01A-11R-A42T-07",0,0.536690021233608,0,0,0,0.115258023958655,0.0984870325583466,0.071107160744725,0.178457761504665
"TCGA-XF-A9SP-01A-11R-A39I-07",0.12452168163774,0.0862679825233184,0,0,0,0.0237218842590224,0,0.125933355785189,0.639555095794729
"TCGA-XF-A9ST-01A-11R-A42T-07",0,0,0.134794091910281,0,0,0.00227207555254695,0.759572080049898,0.0167063329255029,0.0866554195617708
"TCGA-XF-A9SU-01A-31R-A39I-07",0.38367042324115,0.0317296636141638,0.109444408899947,0,0,0.0503526048940965,0.0634163823936996,0.0786628113445572,0.282723705612386
"TCGA-XF-A9SV-01A-21R-A42T-07",0.403387346844662,0,0,0,0,0.128384039469394,0,0,0.468228613685944
"TCGA-XF-A9SW-01A-11R-A42T-07",0.00078079035625396,0.077504846980489,0,0,0,0.11538124711759,0,0.324143772276348,0.482189343269319
"TCGA-XF-A9SX-01A-21R-A39I-07",0.0137561256516021,0.288907522632249,0.00100709522637136,0,0,0.122588053191116,0.0186343561879001,0.153043194513576,0.402063652597185
"TCGA-XF-A9SY-01A-21R-A42T-07",0,0.270934897443317,0,0,0,0.146669877094381,0.0906297530295076,0.0909836370224838,0.400781835410311
"TCGA-XF-A9SZ-01A-11R-A39I-07",0.131246125318149,0.189568571893011,0,0.000515936266816942,0,0.152561852996087,0.000386901517181521,0.066057087859381,0.459663524149373
"TCGA-XF-A9T0-01A-11R-A39I-07",0.208685838887551,0.0321541709126627,0.214352210093687,0,0.0252636853574004,0.131549257693744,0.225806881818534,0.0247650868151456,0.137422868421276
"TCGA-XF-A9T2-01A-11R-A42T-07",0,0,0.0927873394326232,0,0,0.181582181726027,0.310690387184364,0.0427311958310056,0.372208895825981
"TCGA-XF-A9T3-01A-11R-A42T-07",0.0373499579001242,0.132756259019923,0,0,0,0.157389991701657,0.00258049970046951,0.13910077569474,0.530822515983086
"TCGA-XF-A9T4-01A-11R-A39I-07",0.0704231350692475,0.0294078148803449,0.0230218704608541,0.000766304315392561,0,0.341817665469103,0.0155428585212247,0.143549581521355,0.375470769762478
"TCGA-XF-A9T5-01A-11R-A42T-07",0,0.510562839107848,0,0.000314905183932252,0,0.118395791623475,0.272035627274323,0.0313312509445677,0.0673595858658539
"TCGA-XF-A9T6-01A-11R-A42T-07",0,0.0381206245737989,0.199694728629203,0.1796980144537,0,0.120620768045475,0.418773412855867,0.00285824735261822,0.0402342040893385
"TCGA-XF-A9T8-01A-11R-A39I-07",0,0.267781703020101,0.037441931420111,0.0219502629762933,0,0.356130705354141,0.067521686140233,0.0854451349516212,0.163728576137499
"TCGA-XF-AAME-01A-12R-A42T-07",0,0.240858583072514,0,0,0,0.020072620507956,0,0.0751907454694175,0.663878050950113
"TCGA-XF-AAMG-01A-11R-A42T-07",0.0407939731124898,0.0470515000957987,0,0,0,0.0623956980151224,0.424558732088778,0.0806239569000919,0.34457613978772
"TCGA-XF-AAMH-01A-11R-A42T-07",0,0,0.347632978567288,0,0.000171663970025211,0.0967610461857046,0.258340729005681,0.0548894998932865,0.242204082378015
"TCGA-XF-AAMJ-01A-11R-A42T-07",0.0599815953433487,0.0863717892936335,0,0,0,0.00218089835555117,0,0,0.851465717007467
"TCGA-XF-AAML-01A-11R-A42T-07",0.27353703359343,0.162035718573039,0,0,0,0.103551976409002,0.452213325019126,5.87170873804259e-06,0.00865607469666515
"TCGA-XF-AAMQ-01A-11R-A42T-07",0.0121751630649463,0.0536014273190117,0.524698790522175,0,0,0.189733821643488,0.0774293860574872,0.0292326875454129,0.113128723847479
"TCGA-XF-AAMR-01A-31R-A42T-07",0.0574041755006412,0.144760242534382,0.00217928448145892,0,0,0.127639004216857,0.000975481852135745,0.220537926052693,0.446503885361832
"TCGA-XF-AAMT-01A-11R-A42T-07",0,0.0634287815999753,0,0,0,0.189331180159688,0.00290585881075485,0.123989427153704,0.620344752275877
"TCGA-XF-AAMW-01A-11R-A42T-07",0,0.0492878569134044,0.0816989352870843,0.000439905334225116,0,0.303882455389609,0.0259560988307692,0.0724016175766229,0.466333130668285
"TCGA-XF-AAMX-01A-11R-A42T-07",0.545317625112261,0.0596585478959816,0,0,0,0.0439650128163305,0,0.0716926027919437,0.279366211383483
"TCGA-XF-AAMY-01A-11R-A42T-07",0.31668284558004,0.0321705221654523,0.0929165371771785,0,0,0.129496889321601,0.000369424741401267,0.0156749380098729,0.412688843004453
"TCGA-XF-AAMZ-01A-11R-A42T-07",0.178991036908221,0,0.542013621788348,0,0,0.0665451780095114,0.0770613020621446,0.0659554051115439,0.0694334561202317
"TCGA-XF-AAN0-01A-11R-A42T-07",0,0.147704987791548,0.422905132535706,0,0,0.200736747153147,0,0.05185108696147,0.176802045558128
"TCGA-XF-AAN1-01A-31R-A42T-07",0,0.000909336102433902,0.763354325355815,0,0,0.0700624527707268,0.0919692136642202,0.0611409680695074,0.0125637040372965
"TCGA-XF-AAN2-01A-11R-A42T-07",0.201362923951915,0.196468978326905,0.17184677518287,0.0126616714422999,0,0.169302367649762,0.175531174869626,0.0295802085233402,0.0432459000532816
"TCGA-XF-AAN3-01A-11R-A42T-07",0.0419703493315017,0.175297458795485,0.317070785897209,0,0,0.0220912990329618,0,0.0398330268180126,0.403737080124829
"TCGA-XF-AAN4-01A-11R-A42T-07",0,0.145055501135249,0,0,0,0.159502019203545,0.00117308191941598,0.277356542682826,0.416912855058965
"TCGA-XF-AAN5-01A-11R-A42T-07",0,0.140250766815306,0.188928598956836,0,0,0.181390987010366,0.336250865969585,0.0224996976720098,0.130679083575898
"TCGA-XF-AAN7-01A-11R-A42T-07",0,0.00613298938034483,0,0,0,0.19996610117158,0.251428933803721,0.0821643544591075,0.460307621185246
"TCGA-XF-AAN8-01A-11R-A42T-07",0,0.243135519712164,0,0,0,0,0,0,0.756864480287836
"TCGA-YC-A89H-01A-11R-A36F-07",0.214683488603298,0.0365931461843122,0.364840543144504,0,0,0.0145453605315599,0.116151131390396,0.0431433775778999,0.21004295256803
"TCGA-YC-A8S6-01A-31R-A38B-07",0.124421105752487,0.0728348035313644,0.113839476885905,0,0,0.272795660998311,0.00194548695597001,0.0778478872626546,0.336315578613307
"TCGA-YC-A9TC-01A-22R-A39I-07",0,0.00372388946320063,0.126302804656748,0.0307747275857045,0,0.0436949071416574,0.611701337847161,0.052794673034972,0.131007660270557
"TCGA-YF-AA3L-01A-11R-A38B-07",0.820147292676673,0.0063238605703338,0,0,0,0.0757971706010396,0,0.0367968559873105,0.0609348201646434
"TCGA-YF-AA3M-01A-11R-A42T-07",0,0.000521751819775641,0.599207211832578,0,0,0.108267855016072,0.189205728690112,0.0455282866332038,0.0572691660082589
"TCGA-ZF-A9R0-01A-11R-A38B-07",0.051949023818133,0.00788713604094794,0.672321891242041,0,0,0.125313221566708,0,0.0492972845840908,0.0932314427480796
"TCGA-ZF-A9R1-01A-11R-A39I-07",0.421256070025143,0.00320029416999966,0.122396361086362,0,0,0.0459268362259383,0.0818353399455143,0.17422574015269,0.151159358394353
"TCGA-ZF-A9R2-01A-11R-A39I-07",0.0625730455909341,0,0.859243974525842,0,0,0.065320440104977,0,0.00842317074579577,0.00443936903245122
"TCGA-ZF-A9R3-01A-11R-A38B-07",0.55985676355214,0.0722222539290606,0,0.000279670597796836,0,0.177021156611275,0,0.0521216497417153,0.138498505568013
"TCGA-ZF-A9R4-01A-11R-A38B-07",0.243661635345954,0.0172620464639104,0.248634730276688,0,0,0.078578379497027,0.396752092440808,0.00906375811244836,0.00604735786316471
"TCGA-ZF-A9R5-01A-12R-A42T-07",0.0309433866286707,0,0.506692391476483,0,0.000631890012246064,0.141128139550662,0.295803963515116,0.0182739004151732,0.00652632840164938
"TCGA-ZF-A9R7-01A-11R-A38B-07",0.173544324546365,0.302277630833902,0.124749551712085,0.0692775207635146,0,0.269053411340353,0,0.0125670901236835,0.048530470680098
"TCGA-ZF-A9R9-01A-11R-A38B-07",0.191673680599258,0.05099580479399,0.002648491166064,0.00104542390976622,0,0.0640773781498234,0,0.0394535423479675,0.65010567903313
"TCGA-ZF-A9RC-01A-11R-A38B-07",0.314169739171832,0.00123201555424921,0,0,0,0.0684309220665657,0.0705125719745575,0.0800008619657,0.465653889267096
"TCGA-ZF-A9RD-01A-11R-A42T-07",0,0.242953234832328,0.146892880976019,0,0,0.320372435508909,0.0938554305369627,0.0941385174736309,0.10178750067215
"TCGA-ZF-A9RE-01A-11R-A38B-07",0,0.0113333935814742,0.742297016078462,0,0,0.127057961941999,0.0721045100943302,0.0068043916663724,0.0404027266373627
"TCGA-ZF-A9RF-01A-11R-A38B-07",0,0.395696539345354,0.00228756808791191,0.0395526993020358,0,0.203569833374431,0.297075481269035,0.00182662638715592,0.0599912522340771
"TCGA-ZF-A9RL-01A-11R-A38B-07",0.0179326236535811,0,0.907756170355206,0,0,0.0491990082933345,0,0.0143352098270413,0.0107769878708366
"TCGA-ZF-A9RM-01A-11R-A38B-07",0.195842003601557,0,0.46718470334964,0,0,0.0964098509823699,0.199161539515132,0.00212425943903033,0.0392776431122711
"TCGA-ZF-A9RN-01A-11R-A42T-07",0,0.167389381419577,0,0.0374797105422046,0,0.0636264055044193,0.72295503257264,0,0.00854946996115885
"TCGA-ZF-AA4N-01A-11R-A38B-07",0,0.158044589734282,0.192509378535975,0,0,0.256950177991488,0.0252588076370048,0,0.367237046101251
"TCGA-ZF-AA4R-01A-11R-A38B-07",0.0462968902648745,0.0235347637830472,0,0,0,0.132705098640811,0,0.105750983493526,0.691712263817741
"TCGA-ZF-AA4T-01A-11R-A38B-07",0.335507708495791,0.124434591180409,0.0498477807772041,0,0.0107786596033659,0.223473928693272,0.179037232656076,0.0120131070649589,0.0649069915289225
"TCGA-ZF-AA4U-01A-11R-A38B-07",0.0233140500204536,0.0337721805398662,0.768460831876232,0,0,0.135812634435881,0.0278024421393082,0.0071794655377334,0.00365839545052561
"TCGA-ZF-AA4V-01A-11R-A38B-07",0.211647619168143,0.0550122735524947,0.00940925941339217,0.122469319078551,0,0.138574575002103,0.193173761951206,0.0157102260181706,0.254002965815939
"TCGA-ZF-AA4W-01A-12R-A38B-07",0,0,0.478244576411043,0,0,0.0933774623618339,0.26873494346968,0,0.159643017757444
"TCGA-ZF-AA4X-01A-11R-A38B-07",0.293104092638002,0.00850332954756165,0.549271449257265,0,0,0.124975633292089,0,0,0.0241454952650827
"TCGA-ZF-AA51-01A-21R-A39I-07",0.134120840383425,0.189831315949631,0.166137362839495,0.00444680396820936,0,0.123613650138043,0.0521170300444934,0.0310162584228207,0.298716738253882
"TCGA-ZF-AA52-01A-12R-A39I-07",0.099924949749035,0.186809142810446,0,0,0,0.0620612437350243,0,0.0398968489490646,0.611307814756431
"TCGA-ZF-AA53-01A-11R-A39I-07",0.00503604030264962,0.329056367911483,0,0.0090070812434601,0,0.164328425547387,0.0289992132292911,0.248742421098261,0.214830450667468
"TCGA-ZF-AA54-01A-11R-A39I-07",0,0.265007609972584,0,0,0,0.0588103547024868,0.242115713724836,0.037590779640846,0.396475541959247
"TCGA-ZF-AA56-01A-31R-A39I-07",0.238994162247662,0.221153086784308,0.0279908486046613,0,0,0.101346852010765,0,0.147553697010607,0.262961353341997
"TCGA-ZF-AA58-01A-12R-A42T-07",0,0.299980029007682,0,0,0,0.12682256815774,0.236148605902596,0.133542546045801,0.203506250886182
"TCGA-ZF-AA5H-01A-11R-A39I-07",0.0122194769342201,0.172766326615271,0,0.0568966778820493,0,0.120883699273407,0.243685238138892,0.102249426866288,0.291299154289872
"TCGA-ZF-AA5N-01A-11R-A42T-07",0.139750540674385,0,0.335564008961401,0,0.000447323630416296,0.0535567265696042,0.326109890294122,0,0.144571509870072
"TCGA-ZF-AA5P-01A-11R-A39I-07",0.0314721082213023,0.061271708503009,0,0,0,0.183030961639323,0,0.28613272243143,0.438092499204935
