pmid,model,coef,hr,pvalue,qvalue_global
26802582,m1_clinical,-0.03758125314887902,0.9631161583208536,0.8523620255076736,0.9328175381752927
26802582,m1_plus_tumor,-0.08010559620902745,0.9230188739464168,0.6991450026642289,0.8552232448492096
26802582,m1_plus_normal,-0.0955239721433488,0.9088965731935724,0.6473667282321189,0.811745113770682
26802582,m1_plus_both,-0.13712805864485414,0.8718585699560197,0.5217380008730614,0.7225940552223583
28400426,m1_clinical,0.2710743909741916,1.3113726210429064,0.08316827334941054,0.24919332838774697
28400426,m1_plus_tumor,0.261788869194794,1.2992522013060424,0.09868773766324698,0.2829755918659412
28400426,m1_plus_normal,0.3801561257407436,1.4625129075216294,0.11247652336458783,0.30399060368807523
28400426,m1_plus_both,0.3663488866116217,1.4424584093021855,0.13066915638832527,0.33291504812312167
29147616,m1_clinical,-0.14971849830623857,0.8609503012840843,0.20303171529420416,0.4274351900930614
29147616,m1_plus_tumor,-0.2412380263159827,0.785654597660833,0.06989361430621009,0.22365956577987228
29147616,m1_plus_normal,-0.4026405628639615,0.6685523586870031,0.009656759306809619,0.06437839537873079
29147616,m1_plus_both,-0.6544831196098606,0.5197106214034267,0.0003767356896214921,0.006278928160358201
30642841,m1_clinical,-0.5354120628836067,0.5854280072835267,0.010506811062307754,0.06825003976268057
30642841,m1_plus_tumor,-0.5269040082973947,0.5904301096318123,0.013048568461160722,0.08092135479789594
30642841,m1_plus_normal,-0.5336013992906198,0.5864889807057372,0.016306024438340134,0.0912225143403644
30642841,m1_plus_both,-0.5254156660729562,0.591309525968453,0.019360156291626514,0.10122957538105366
30846479,m1_clinical,0.43937662989903914,1.5517396088765614,0.03886400583713063,0.1570262862106288
30846479,m1_plus_tumor,0.5445341459009921,1.7238051536005572,0.03845802132882431,0.15617470590385507
30846479,m1_plus_normal,0.4392469110653715,1.5515383320793201,0.06445479138801463,0.21803122345514322
30846479,m1_plus_both,0.5713835840187098,1.7707152907487487,0.059386323779584776,0.2065611261898601
31894276,m1_clinical,-0.039574985625931106,0.9611978752638775,0.7759789342472914,0.9031791752702345
31894276,m1_plus_tumor,-0.06796922970369954,0.934289221491096,0.6385692157714729,0.8032317179515381
31894276,m1_plus_normal,-0.15523907866182302,0.8562104513628145,0.35306809818381935,0.5730064691616044
31894276,m1_plus_both,-0.18380157180750462,0.8321008997237958,0.28033319223008,0.501714885422962
32096345,m1_clinical,-0.18577467418476717,0.8304606981353819,0.21518758199298724,0.4383906215743282
32096345,m1_plus_tumor,-0.31329777758691296,0.7310321951517792,0.07293379576826274,0.22836617561898426
32096345,m1_plus_normal,-0.4804245180984093,0.6185207628066499,0.014238193304288927,0.0837540782605231
32096345,m1_plus_both,-0.7566647765916461,0.46922880301279746,0.0007932277991852252,0.011051841735207986
32117435,m1_clinical,0.037644148531358605,1.0383616646033609,0.8763545323918505,0.94058854865109
32117435,m1_plus_tumor,-0.05309343810032537,0.9482914017954169,0.8474282840600624,0.9311514058664638
32117435,m1_plus_normal,-0.11634805065388026,0.8901653467432366,0.6817125712647675,0.8410389382329709
32117435,m1_plus_both,-0.2728704705707457,0.7611913779283602,0.40522574495561847,0.625773391248673
32467671,m1_clinical,-0.1793029953688892,0.8358526015575913,0.21457270059922132,0.4383906215743282
32467671,m1_plus_tumor,-0.16522316088819478,0.8477045084871312,0.2771630368141945,0.4995523616533748
32467671,m1_plus_normal,-0.16988039606485758,0.8437657282629857,0.24062806342091497,0.4627462758094519
32467671,m1_plus_both,-0.15883440078793165,0.8531376261906214,0.2969165715345944,0.5130307931483272
32695477,m1_clinical,0.20210150685916148,1.223972243384012,0.14928473396431816,0.3554398427721861
32695477,m1_plus_tumor,0.20358238217793306,1.2257861364133222,0.20080640786712034,0.42431061128238545
32695477,m1_plus_normal,0.18460388173972822,1.2027419177183098,0.2659837701118784,0.4869268102734616
32695477,m1_plus_both,0.18182809769682115,1.1994079951605394,0.34636440981442396,0.5701471766492575
32763782,m1_clinical,0.24127714742359782,1.2728737601107663,0.2400241585570828,0.4627462758094519
32763782,m1_plus_tumor,0.2472782535024974,1.2805353766637628,0.3316165109924368,0.5504008481202269
32763782,m1_plus_normal,0.1936705243174832,1.2136963336451692,0.401127715287519,0.6231110140388644
32763782,m1_plus_both,0.17881949070024886,1.1958048707850286,0.543820238989305,0.735368603734152
32929335,m1_clinical,-0.3263921743655344,0.7215221694401234,0.13896636468500675,0.34312682638273273
32929335,m1_plus_tumor,-0.4235177039404876,0.6547395840931941,0.06738529097149971,0.22122419830237722
32929335,m1_plus_normal,-0.31783066009722993,0.7277260110329995,0.15223335468097793,0.35819612866112455
32929335,m1_plus_both,-0.406276006092891,0.6661262871361292,0.08162800479713063,0.24549775878836277
33208770,m1_clinical,0.008559765233718148,1.0085965047766163,0.9621235881816916,0.9797137270459693
33208770,m1_plus_tumor,0.004870893363832182,1.0048827754492033,0.9786152651924614,0.9885002678711732
33208770,m1_plus_normal,0.01694197104979116,1.01708630016249,0.9255773957008049,0.9597760107461486
33208770,m1_plus_both,0.01438561531532486,1.014489586242999,0.937228014229464,0.9642009257683329
33292266,m1_clinical,0.4574463689536452,1.5800340049912611,0.0364824943439061,0.15122277448251234
33292266,m1_plus_tumor,0.4473763852170857,1.5642029313631503,0.04659576627517257,0.17750768104827644
33292266,m1_plus_normal,0.43227063507797336,1.5407520402898613,0.053884989869805694,0.1933093806988545
33292266,m1_plus_both,0.42349398575393116,1.527288568446143,0.06525966594636087,0.21844239647317445
33313125,m1_clinical,0.021808046416402823,1.0220475799443827,0.9155450985475939,0.9586859670655434
33313125,m1_plus_tumor,-0.04323812227295665,0.957683317185231,0.8485117185958152,0.9311514058664638
33313125,m1_plus_normal,-0.07809614687341855,0.9248754983810547,0.7309906201831715,0.8778842644068373
33313125,m1_plus_both,-0.1651289629223776,0.8477843642885127,0.5107010162669353,0.7142671556180914
33391264,m1_clinical,-0.44379739038347493,0.6415954010574254,0.02887847587269336,0.12906581395617145
33391264,m1_plus_tumor,-0.4334744079299216,0.6482528825365373,0.035507716788834874,0.14844819322594668
33391264,m1_plus_normal,-0.4394498213185926,0.6443908536837611,0.030848944677635142,0.1371064207894895
33391264,m1_plus_both,-0.43196031486597947,0.6492351411574985,0.0367081138877782,0.15137366551661113
33392066,m1_clinical,-0.23589125530634605,0.7898665630601521,0.22709417648647376,0.45215387013996344
33392066,m1_plus_tumor,-0.35810446041451344,0.6990000533573376,0.09624270813016947,0.27795727979832335
33392066,m1_plus_normal,-0.34061880368810965,0.7113300129085283,0.09072309325625272,0.26677358961184333
33392066,m1_plus_both,-0.47348528507580767,0.6228277488160266,0.031024458897990825,0.13712468021211413
33456631,m1_clinical,0.0955540871484195,1.1002683308011003,0.6367656085630293,0.8032317179515381
33456631,m1_plus_tumor,0.04394180238875855,1.0449215411812232,0.8451081147982891,0.9311514058664638
33456631,m1_plus_normal,0.041539677690326196,1.0424145216315186,0.8456399136473551,0.9311514058664638
33456631,m1_plus_both,-0.015371515772331692,0.9847460229560995,0.9478470929888828,0.969664545257169
33459039,m1_clinical,0.18154851268514532,1.1990727055353694,0.3820352153824522,0.6016302604448066
33459039,m1_plus_tumor,0.16445418362691167,1.1787495622846846,0.43450230001134615,0.6502413024058659
33459039,m1_plus_normal,0.09127584483871261,1.0955711712341143,0.7425708308262429,0.8893063842230454
33459039,m1_plus_both,0.07235015048740498,1.0750317010432746,0.7954632099654226,0.9182836478677318
33535616,m1_clinical,-0.06274174835239982,0.9391859887018198,0.6504286283214245,0.8143081418734579
33535616,m1_plus_tumor,-0.0481297370186974,0.9530101383626308,0.7319360054492006,0.8778842644068373
33535616,m1_plus_normal,-0.08094881103474735,0.922240898793673,0.5567774182446028,0.7461003929575918
33535616,m1_plus_both,-0.06810752175663529,0.9341600256502052,0.6273846063549087,0.7989548177611926
33545950,m1_clinical,0.25028694920674155,1.284393919630781,0.2112374518326683,0.43629573556966533
33545950,m1_plus_tumor,0.25368853887021026,1.2887703398846746,0.20734757954467617,0.4349852702032053
33545950,m1_plus_normal,0.2101950845174006,1.233918754922865,0.3268463182511903,0.5485384940725566
33545950,m1_plus_both,0.218417325573007,1.244106156611662,0.3090891689723759,0.5294889404237704
33837006,m1_clinical,-0.2623884583172699,0.769212158802223,0.1938211602874242,0.41647306469940326
33837006,m1_plus_tumor,-0.3195375722021631,0.7264849062254373,0.12520416266308323,0.32502351980774974
33837006,m1_plus_normal,-0.4635601040600437,0.629040205846349,0.042975871649341094,0.16757863345293642
33837006,m1_plus_both,-0.5357481712273052,0.5852312731094946,0.023688080391459594,0.11147331948922162
33925460,m1_clinical,-1.0306476562711768,0.3567758176309473,0.0005802356793444263,0.009101736146579236
33925460,m1_plus_tumor,-1.0706729283817442,0.34277777489745864,0.00041366715649169015,0.006753749493741881
33925460,m1_plus_normal,-1.0229491414764638,0.3595330612640129,0.0009782502760010744,0.012844147585698568
33925460,m1_plus_both,-1.0697419549916813,0.3430970404754126,0.0006500512724442627,0.009812094678403965
33937319,m1_clinical,-0.0330476911318032,0.9674924176803507,0.8324990159338667,0.9311514058664638
33937319,m1_plus_tumor,-0.13720227961126685,0.8717938621717491,0.4712228985768463,0.678018559103376
33937319,m1_plus_normal,-0.26839618698056894,0.7646047946222678,0.21915020831135085,0.44272769355828456
33937319,m1_plus_both,-0.6888133933157435,0.502171595840421,0.020204714351269727,0.10295395847780753
33962639,m1_clinical,-0.2487922558986583,0.779741943349265,0.36060262964821976,0.5746655452561271
33962639,m1_plus_tumor,-0.22255982024294335,0.8004671211803226,0.42243747711953117,0.6376414748974055
33962639,m1_plus_normal,-0.27578826877388957,0.7589736121634948,0.3109286231085514,0.5303686534900663
33962639,m1_plus_both,-0.25344569465540356,0.7761218913474969,0.36308155656529906,0.5762417423010731
33985530,m1_clinical,-0.10999180185263294,0.8958414795068903,0.5235424203289742,0.7233746740296708
33985530,m1_plus_tumor,-0.1708325172025937,0.8429627434078972,0.3538314947072907,0.5730064691616044
33985530,m1_plus_normal,-0.1472958600594101,0.863038600988578,0.40081796040841944,0.6231110140388644
33985530,m1_plus_both,-0.20979034854150128,0.810754203954938,0.26503904496764885,0.4863101742525667
34095228,m1_clinical,-0.029859904124121345,0.9705814984893646,0.8743466443657553,0.94058854865109
34095228,m1_plus_tumor,-0.03221257251478338,0.9683007260798997,0.8648445920634167,0.9370830476091454
34095228,m1_plus_normal,0.0387815903553163,1.0395434125464333,0.8484333962153956,0.9311514058664638
34095228,m1_plus_both,0.03275220739310476,1.0332944647868174,0.8721932892927724,0.9403701232267088
34112144,m1_clinical,-0.016858985076459238,0.9832823323418961,0.9029033543652824,0.9567187860824184
34112144,m1_plus_tumor,-0.08832541846071566,0.9154629197114242,0.5847516503582136,0.7643812422983185
34112144,m1_plus_normal,-0.19809245401633402,0.8202940101560773,0.29393030456137437,0.5100742812344891
34112144,m1_plus_both,-0.4220421302275637,0.6557064137510822,0.07309063134119022,0.22836617561898426
34266411,m1_clinical,-0.13169139451659823,0.8766114804502722,0.2434061313391202,0.46696619921174143
34266411,m1_plus_tumor,-0.21700412234528527,0.8049266511125769,0.09136995444205635,0.26677358961184333
34266411,m1_plus_normal,-0.37483690691783694,0.68740138005901,0.013163154615192891,0.08100402840118702
34266411,m1_plus_both,-0.5973145128141945,0.5502874434541144,0.0005672239670443764,0.009075583472710022
34329197,m1_clinical,0.2827534985770161,1.3267780688224204,0.25108265585021833,0.471516724601349
34329197,m1_plus_tumor,0.25724631660097225,1.293363664468833,0.3277775006217904,0.5485815909988123
34329197,m1_plus_normal,0.22417114264212096,1.251285149350966,0.46956803507024814,0.6774088879071126
34329197,m1_plus_both,0.18162139350564008,1.1991600981225647,0.5860829830391987,0.7648717560054795
34339395,m1_clinical,0.12557682255446778,1.1338022672013568,0.5051817470591193,0.7077852848464019
34339395,m1_plus_tumor,0.11475114117358189,1.1215942842012054,0.5433688303231736,0.735368603734152
34339395,m1_plus_normal,0.05910880390871812,1.0608906635117334,0.7767340907324016,0.9031791752702345
34339395,m1_plus_both,0.05161167653385814,1.0529667714055606,0.8046337788622517,0.9194269540738111
34368227,m1_clinical,0.08529493572331344,1.0890382156107645,0.6345166252140675,0.8019167459261516
34368227,m1_plus_tumor,0.0385419247706965,1.0392942996198178,0.8484684773960393,0.9311514058664638
34368227,m1_plus_normal,0.030846917201757352,1.031327613284717,0.8705301647332913,0.9398436326405304
34368227,m1_plus_both,-0.027004274762030312,0.9733570806455532,0.8998540452938689,0.9547523026990652
34404901,m1_clinical,-0.3234313480658592,0.7236616369881235,0.09223153049734754,0.2683099069013747
34404901,m1_plus_tumor,-0.3884024764192755,0.678139353233105,0.05317122308982558,0.19197695026478767
34404901,m1_plus_normal,-0.7552337262517135,0.46990077374815203,0.0027128023996425897,0.02523537115946595
34404901,m1_plus_both,-0.8487702677114282,0.4279408612009756,0.0009793662534095158,0.012844147585698568
34418989,m1_clinical,0.5462937515684522,1.7268410411175574,0.003274625480922895,0.028168821341272212
34418989,m1_plus_tumor,0.5783272592024823,1.7830533487312985,0.0023620199686974603,0.022928405783684127
34418989,m1_plus_normal,0.5451411253216932,1.7248517854639587,0.006264642929005174,0.04556103948367399
34418989,m1_plus_both,0.5878724859784187,1.8001544845662605,0.004329310940321278,0.03318933156360809
34422642,m1_clinical,-0.3761665584648195,0.6864879831350049,0.2505749205419921,0.471516724601349
34422642,m1_plus_tumor,-0.49086313199838133,0.6120978448772664,0.15204695000510776,0.35819612866112455
34422642,m1_plus_normal,-0.3741342533921188,0.6878845547946283,0.24948770035235723,0.471516724601349
34422642,m1_plus_both,-0.478500633605047,0.6197118707206687,0.15980983027773166,0.37165076808774805
34426176,m1_clinical,-0.18677834987684733,0.8296276030680056,0.14617282125305414,0.3500890477130396
34426176,m1_plus_tumor,-0.305764504926615,0.7365600552979302,0.037660152005521495,0.1537149061449857
34426176,m1_plus_normal,-0.39679394070505924,0.6724725805827212,0.012961543342370645,0.08092135479789594
34426176,m1_plus_both,-0.6028731298685316,0.5472370920081269,0.0006947568187662798,0.010292693611352292
34490263,m1_clinical,0.648739698754646,1.9131281911661502,0.004277229489662731,0.03318933156360809
34490263,m1_plus_tumor,0.6485675744610114,1.9127989236658942,0.005464421401626927,0.04085548711496768
34490263,m1_plus_normal,0.6700100350047441,1.9542569315151206,0.006609943369949467,0.04686551793764844
34490263,m1_plus_both,0.6705681806434416,1.9553479959564453,0.008314972280747828,0.05685451132135268
34512654,m1_clinical,0.5197677326976317,1.681637015041767,0.08919658101951575,0.2633109402790133
34512654,m1_plus_tumor,0.5018556437046421,1.6517835503180351,0.11404003529295369,0.3051238402487055
34512654,m1_plus_normal,0.49033570905076795,1.6328642952759087,0.1119750358893417,0.30399060368807523
34512654,m1_plus_both,0.47676701756680473,1.610858098692135,0.13628540907379447,0.33965210984123234
34512722,m1_clinical,-0.01063974201623328,0.9894166598279294,0.9565199276857566,0.9760407425364863
34512722,m1_plus_tumor,-0.141221132446081,0.8682972817645839,0.5588811048522857,0.7463113363879091
34512722,m1_plus_normal,-0.058578970901292444,0.9431037597048854,0.768699114603024,0.9011632683133366
34512722,m1_plus_both,-0.1953585724413854,0.8225396651151529,0.4179243922710094,0.6344203298231642
34521394,m1_clinical,-0.014292501183089999,0.9858091517441555,0.9261838503700334,0.9597760107461486
34521394,m1_plus_tumor,-0.017044825275542373,0.9830996159360513,0.9119861853883858,0.9586859670655434
34521394,m1_plus_normal,-0.021296586406268882,0.9789285845993121,0.8897635114374505,0.9476956068280062
34521394,m1_plus_both,-0.02393441930130808,0.9763497373563426,0.876256431185154,0.94058854865109
34530089,m1_clinical,-0.07022491760390219,0.9321841317042497,0.618522315765718,0.7904438540136972
34530089,m1_plus_tumor,-0.12158102957414256,0.8855192971901747,0.4254459779039379,0.6401140185910856
34530089,m1_plus_normal,-0.3878301902010336,0.6785275541094185,0.06486428897790511,0.21803122345514322
34530089,m1_plus_both,-0.5481762160970668,0.5780030022627336,0.018534744690180908,0.09885197168096484
34644219,m1_clinical,-0.6330647926454513,0.5309620163239062,3.879986248840131e-05,0.0010703410341627948
34644219,m1_plus_tumor,-0.6290106352254772,0.5331189893217844,4.631062043615549e-05,0.0012349498782974798
34644219,m1_plus_normal,-0.6931460357771779,0.5000005723917114,5.304052509982609e-06,0.00026520262549913044
34644219,m1_plus_both,-0.6910663749007273,0.5010414860188287,6.312461367565784e-06,0.00026578784705540143
34706720,m1_clinical,-0.12031082070726674,0.8866448063177647,0.27275704551389446,0.4936779104323882
34706720,m1_plus_tumor,-0.17315969616458687,0.8410032991187814,0.14659978872983534,0.3500890477130396
34706720,m1_plus_normal,-0.3953793814070076,0.6734245060430429,0.010386074086521181,0.06810540384604054
34706720,m1_plus_both,-0.5274601280311646,0.5901018510804232,0.0016392072798236844,0.01795433662327639
34803395,m1_clinical,-0.3444009816303086,0.7086447175575699,0.0183110685266281,0.0983144618879361
34803395,m1_plus_tumor,-0.33966404529078825,0.7120094855260979,0.022507737972245347,0.10979384376705048
34803395,m1_plus_normal,-0.6379332250106282,0.5283833457937127,0.00021310557505715096,0.004191445713438467
34803395,m1_plus_both,-0.6859407600206487,0.5036162246374483,0.0001605439681409189,0.003471220932776625
34849009,m1_clinical,-0.131908699342484,0.8764210092410495,0.26280571702407074,0.4844345014268585
34849009,m1_plus_tumor,-0.19350280336850603,0.8240675260269235,0.13354863379939974,0.3350381806470252
34849009,m1_plus_normal,-0.4599509079503582,0.6313146372757078,0.007477514027422417,0.051569062258085635
34849009,m1_plus_both,-0.6369299041299916,0.5289137498757792,0.000801258525802579,0.011051841735207986
34901008,m1_clinical,0.19983614099187516,1.2212026367119955,0.2907061793370927,0.5100742812344891
34901008,m1_plus_tumor,0.18683580337484482,1.2054293413698114,0.32959915318941413,0.5496320107047974
34901008,m1_plus_normal,0.14847111266509308,1.160059286269286,0.4910180848627216,0.6923404159042359
34901008,m1_plus_both,0.13686489544776914,1.1466732172831,0.5300885817970853,0.7236704188356112
35023971,m1_clinical,-0.2950757627282396,0.7444751818583307,0.11220550251701901,0.30399060368807523
35023971,m1_plus_tumor,-0.34912622147609107,0.7053041001267034,0.06875083029001491,0.22267475397575678
35023971,m1_plus_normal,-0.4201925717210044,0.6569203033603213,0.03476009542129879,0.14713267903195257
35023971,m1_plus_both,-0.48412810482375623,0.6162342542750746,0.01957036296204142,0.10161420093004753
35027921,m1_clinical,0.3003932983664663,1.3503898092541844,0.25483804130644355,0.47411728615152293
35027921,m1_plus_tumor,0.29770172900671055,1.3467600285145227,0.2596524993103409,0.4797274814047869
35027921,m1_plus_normal,0.28105954130038535,1.3245324659728865,0.293278271841529,0.5100742812344891
35027921,m1_plus_both,0.27997637986409796,1.3230985602005447,0.29534379643139014,0.5114178293184245
35125116,m1_clinical,0.9199603077376526,2.5091907925004713,0.0016607761376530661,0.01795433662327639
35125116,m1_plus_tumor,0.9849853820013238,2.677772740456572,0.0019019143963995224,0.019506814322046383
35125116,m1_plus_normal,0.909707233428918,2.483595313253322,0.0025971719376869412,0.024443971178230037
35125116,m1_plus_both,0.9754869086010545,2.652458401420823,0.002866817026881628,0.02575939918068157
35127296,m1_clinical,0.3660565091190959,1.4420367285773814,0.1685506277838975,0.38895716549435616
35127296,m1_plus_tumor,0.3432467012801873,1.409516448549622,0.21160343175128768,0.43629573556966533
35127296,m1_plus_normal,0.32746906958731437,1.387452136167131,0.23301250006612784,0.4547900828015726
35127296,m1_plus_both,0.3059984732372575,1.3579802332326847,0.277251560717623,0.4995523616533748
35169299,m1_clinical,-0.718023634342198,0.4877152076614026,0.0024664517337163803,0.023490016511584576
35169299,m1_plus_tumor,-0.8393575997875409,0.431987943458854,0.0010294725291147006,0.013283516504705816
35169299,m1_plus_normal,-0.7353012881282637,0.4793610114339246,0.0039002722826895534,0.03183895740971064
35169299,m1_plus_both,-0.8822883419608639,0.41383483171943,0.0013164425716809217,0.015693843991955343
35205125,m1_clinical,0.17897761645841678,1.1959939732874367,0.23640904187252626,0.4601635851533358
35205125,m1_plus_tumor,0.18399098159921037,1.2020049828847341,0.2272073197453316,0.45215387013996344
35205125,m1_plus_normal,0.15579093719287815,1.1685818705441273,0.4673852049864985,0.6761449620057844
35205125,m1_plus_both,0.1763023192216238,1.1927986100944652,0.41433167166744567,0.6325674376602224
35265613,m1_clinical,-0.6270732533897149,0.5341528455317401,0.0487854097389463,0.18237536351007963
35265613,m1_plus_tumor,-0.730849274258907,0.48149989093306383,0.026297972796860927,0.12160912276005054
35265613,m1_plus_normal,-0.5902145036236077,0.5542083922751544,0.06562727187859264,0.21875757292864215
35265613,m1_plus_both,-0.6958357248223094,0.49865753331800816,0.03699738836017817,0.15178415737508993
35281080,m1_clinical,-0.38837527498708035,0.6781577998456269,0.21091769460477403,0.43629573556966533
35281080,m1_plus_tumor,-0.569609386185558,0.5657463838976255,0.09129084081648356,0.26677358961184333
35281080,m1_plus_normal,-0.3427381977923052,0.7098240207322242,0.279131189585328,0.5006837481351175
35281080,m1_plus_both,-0.5254879689506723,0.5912667741336635,0.1329952210853153,0.3350381806470252
35299749,m1_clinical,-1.168275447138157,0.3109026472561461,6.989717843587576e-07,6.213082527633401e-05
35299749,m1_plus_tumor,-1.217504001287695,0.29596798144949366,3.6564367301414145e-07,4.990702865071853e-05
35299749,m1_plus_normal,-1.162534289866681,0.3126927218832749,9.204069113686105e-07,6.693868446317168e-05
35299749,m1_plus_both,-1.2150923281784565,0.29668262086350794,4.600963494573532e-07,4.990702865071853e-05
35300137,m1_clinical,0.17347670239756638,1.189432975510222,0.4154970974816776,0.6331384342577945
35300137,m1_plus_tumor,0.14344902749303598,1.1542479743946876,0.5191780882127945,0.7210806780733258
35300137,m1_plus_normal,0.10540578144064733,1.1111614075637022,0.6565214848732357,0.8206518560915446
35300137,m1_plus_both,0.07082573325482874,1.0733941526632411,0.7738870984126153,0.9031791752702345
35309900,m1_clinical,0.11299347096320181,1.1196246228543594,0.5794283286641438,0.7615036352285459
35309900,m1_plus_tumor,0.09556259827797507,1.100277695367261,0.644573808362777,0.8095118472373966
35309900,m1_plus_normal,0.0093795921853916,1.0094237184142814,0.9690005445880953,0.985006906823985
35309900,m1_plus_both,-0.007090333353021834,0.992934743757147,0.9768016320116159,0.9885002678711732
35480865,m1_clinical,0.05053438752465558,1.0518330326674576,0.8455237183938226,0.9311514058664638
35480865,m1_plus_tumor,0.06460954935895143,1.0667424327935404,0.8051998072708851,0.9194269540738111
35480865,m1_plus_normal,0.05986113676650224,1.0616891067262821,0.8179678496009937,0.9268757502560835
35480865,m1_plus_both,0.07501365452346599,1.0778988689795475,0.7755099103275626,0.9031791752702345
35593896,m1_clinical,0.13879755264421484,1.1488914864148878,0.41364655594108735,0.6325674376602224
35593896,m1_plus_tumor,0.11243976756775229,1.1190048544988118,0.5380429447947456,0.7332782893284437
35593896,m1_plus_normal,0.07253425915073854,1.0752296419135503,0.7217082853317951,0.8708395599780333
35593896,m1_plus_both,0.03188602221741559,1.0323998279558133,0.8842065310362363,0.9444128502389706
35626146,m1_clinical,0.31768709830435105,1.3739462838387986,0.4034406028421218,0.6254893067319718
35626146,m1_plus_tumor,0.29242804494544977,1.3396763366118212,0.44689461202104486,0.6584082681709685
35626146,m1_plus_normal,0.26652652339082233,1.3054222130997135,0.4924271208118878,0.6923404159042359
35626146,m1_plus_both,0.24597716654901022,1.2788703721843901,0.5299616887569232,0.7236704188356112
35646934,m1_clinical,-0.24234585679124088,0.784784707488906,0.10414532253685718,0.2913155875156844
35646934,m1_plus_tumor,-0.3662124916785826,0.6933554532910827,0.02776032665357857,0.12547040295402745
35646934,m1_plus_normal,-0.32672653542189906,0.721280960852985,0.035627566374227204,0.14844819322594668
35646934,m1_plus_both,-0.4645884112657414,0.6283936917345331,0.006851214764405385,0.04807870010109042
35669725,m1_clinical,-0.07255264223339083,0.9300167872108527,0.7622237213173751,0.8993790222033925
35669725,m1_plus_tumor,-0.05924108420921974,0.942479524834741,0.8060005447962366,0.9194269540738111
35669725,m1_plus_normal,-0.34946096245116137,0.7050680454552956,0.2482850210303327,0.471516724601349
35669725,m1_plus_both,-0.32656863545560816,0.7213948600844957,0.29048437095392843,0.5100742812344891
35730624,m1_clinical,0.33961959638827593,1.4044132450657827,0.06719381391411693,0.22122419830237722
35730624,m1_plus_tumor,0.3850872923002221,1.4697426130550557,0.04301434172591757,0.16757863345293642
35730624,m1_plus_normal,0.3137492787843201,1.3685465698698775,0.10716822597768783,0.29563648545569055
35730624,m1_plus_both,0.36738977825572633,1.4439606338982787,0.06821605860664408,0.22267475397575678
35804889,m1_clinical,-0.024151912340108387,0.9761374111756032,0.898932021365416,0.9547523026990652
35804889,m1_plus_tumor,-0.07665263437881584,0.9262115317773758,0.7042123086548181,0.8600065688975982
35804889,m1_plus_normal,-0.0969135118888073,0.9076345023324898,0.6326024588885546,0.8007626061880437
35804889,m1_plus_both,-0.1471216086463323,0.863188999787562,0.4861503767403873,0.6907998248531259
35846128,m1_clinical,-0.07229460760308849,0.9302567947125073,0.7555990552315016,0.895609631053056
35846128,m1_plus_tumor,-0.11443460769052773,0.8918702579671975,0.6320757232708798,0.8007626061880437
35846128,m1_plus_normal,-0.09079243049258305,0.9132072452058709,0.6979004509320283,0.855008209411367
35846128,m1_plus_both,-0.12565762302807876,0.8819167430832799,0.5997702011439908,0.7751965694361255
35918812,m1_clinical,-0.2110275624870342,0.8097517478016434,0.23054653966413788,0.4536249588564986
35918812,m1_plus_tumor,-0.21447851790527983,0.8069621467829761,0.22013675992808765,0.4436005237845595
35918812,m1_plus_normal,-0.2397430512456373,0.7868300100854586,0.17722159744318045,0.399372613956463
35918812,m1_plus_both,-0.23770450902189508,0.788435632292223,0.1778998387608513,0.3996884389022581
35949618,m1_clinical,0.35183012537739533,1.4216669980598533,0.18482340966115088,0.40598882669617153
35949618,m1_plus_tumor,0.3287183481776204,1.3891865335631137,0.22989013776508166,0.4536249588564986
35949618,m1_plus_normal,0.3389629100666176,1.4034912888489424,0.2010171520950301,0.42431061128238545
35949618,m1_plus_both,0.3207060077353064,1.3781003704834158,0.2391007417941478,0.4627462758094519
35958598,m1_clinical,0.5629684802388734,1.7558770580095058,0.006619754408692841,0.04686551793764844
35958598,m1_plus_tumor,0.5979927647869868,1.8184650475694781,0.008687208524907356,0.05889632898242275
35958598,m1_plus_normal,0.5511560026517573,1.7352578215081202,0.010578756163215488,0.06825003976268057
35958598,m1_plus_both,0.5862028949911635,1.7971514704633857,0.013305478967703288,0.08125483339055443
36158580,m1_clinical,0.2855319245739079,1.3304695493789704,0.14506076105497503,0.3487993390276951
36158580,m1_plus_tumor,0.2705081614830939,1.3106302933747962,0.17358553824916798,0.3945125869299272
36158580,m1_plus_normal,0.2533646420941202,1.2883529789210495,0.21861203019786027,0.44272769355828456
36158580,m1_plus_both,0.2398447892988018,1.2710518541610194,0.24865767818596846,0.471516724601349
36211359,m1_clinical,0.6968816379550942,2.0074828783390157,0.0028906573516660943,0.02575939918068157
36211359,m1_plus_tumor,0.7021632586607673,2.0181136907222803,0.0027574095140838703,0.025355489784679268
36211359,m1_plus_normal,0.6859122756454978,1.9855824080139624,0.004809724188404046,0.03629980519550224
36211359,m1_plus_both,0.6939937922598236,2.00169394035344,0.004356099767723562,0.03318933156360809
36211821,m1_clinical,-0.3451843418712665,0.708089810835179,0.07194024276816438,0.2265834417894941
36211821,m1_plus_tumor,-0.433203941135176,0.6484282371285899,0.025253576238545135,0.11745849413276807
36211821,m1_plus_normal,-0.3509304377904479,0.7040327262243212,0.06338394546965183,0.21706257366651793
36211821,m1_plus_both,-0.43406473533273926,0.6478703140274676,0.022986392077148508,0.11078159394478038
36300085,m1_clinical,0.18009050452965078,1.1973257216195428,0.3586878658214331,0.5746655452561271
36300085,m1_plus_tumor,0.1539355070698409,1.16641565878901,0.46098600085092667,0.6729722640159513
36300085,m1_plus_normal,0.10428498677638585,1.1099167214360528,0.6822928386414977,0.8410389382329709
36300085,m1_plus_both,0.057313458370733095,1.0589877069361506,0.8338282435737175,0.9311514058664638
36358715,m1_clinical,-0.09700859950476895,0.9075482016346272,0.5803320085468391,0.7615036352285459
36358715,m1_plus_tumor,-0.09644895918434479,0.9080562443483242,0.5806465218617662,0.7615036352285459
36358715,m1_plus_normal,-0.156563487688922,0.8550772291024736,0.3949981112743467,0.6183923464177639
36358715,m1_plus_both,-0.15132944947803773,0.8595644689411934,0.40868473802139216,0.627323847162072
36428492,m1_clinical,0.3075382867637938,1.3600728802942343,0.18623453243625018,0.4070700162540987
36428492,m1_plus_tumor,0.3028692782719336,1.3537374899712986,0.19418056641609677,0.41647306469940326
36428492,m1_plus_normal,0.2628270281236578,1.3006017319721221,0.32277101550697174,0.5436143419064787
36428492,m1_plus_both,0.26432356481265573,1.3025495873367634,0.3206100348412891,0.5411139828544963
36455365,m1_clinical,0.11317098481106244,1.1198233893707044,0.5298135703952496,0.7236704188356112
36455365,m1_plus_tumor,0.06824606089977096,1.0706287159354713,0.7491269000652218,0.8931468257111437
36455365,m1_plus_normal,0.07503024324636896,1.0779167500935145,0.6844296029508057,0.8423748959394531
36455365,m1_plus_both,0.023499964302553897,1.0237782642003592,0.9145419504920835,0.9586859670655434
36468020,m1_clinical,-0.5697743236409122,0.5656530788236519,8.419564584406887e-05,0.0021048911461017217
36468020,m1_plus_tumor,-0.5879976791829981,0.5554383377672603,4.793681904511334e-05,0.0012370792011642151
36468020,m1_plus_normal,-0.635602462576886,0.5296163181713816,6.182018384415415e-06,0.00026578784705540143
36468020,m1_plus_both,-0.643864690429624,0.5252585347659333,4.372791905836657e-06,0.0002332155683112884
36505302,m1_clinical,-0.5573434635367127,0.5727285189053809,0.06945513318793392,0.22314902229055072
36505302,m1_plus_tumor,-0.5469393283655294,0.5787183694082443,0.07364809163712242,0.22836617561898426
36505302,m1_plus_normal,-0.5765242578742292,0.5618478148313822,0.0591831769944429,0.2065611261898601
36505302,m1_plus_both,-0.5652017096488929,0.5682455145934887,0.06386804052991894,0.2174231166975964
36527532,m1_clinical,0.05566577309381823,1.0572442651990732,0.784651710270909,0.9097411133575756
36527532,m1_plus_tumor,0.04891395544839205,1.0501299888884874,0.8113173154478204,0.9226062993547538
36527532,m1_plus_normal,-0.05156345441453467,0.9497433826398023,0.8242573254668536,0.9311514058664638
36527532,m1_plus_both,-0.05113784803394737,0.9501476855142129,0.8257675323396527,0.9311514058664638
36568387,m1_clinical,0.024015738660549724,1.024306438975101,0.8669550048997665,0.9372486539456935
36568387,m1_plus_tumor,-0.02923244128928535,0.9711906934114453,0.8582619411881612,0.9331154501958107
36568387,m1_plus_normal,-0.03029506001768119,0.9701592361117612,0.8433508241613603,0.9311514058664638
36568387,m1_plus_both,-0.09775347247672746,0.9068724452160705,0.5777845800469659,0.7615036352285459
36620542,m1_clinical,0.39258571853081475,1.4808047922521803,0.29285168478542817,0.5100742812344891
36620542,m1_plus_tumor,0.3618463163680295,1.4359782386503968,0.4059704875725767,0.625773391248673
36620542,m1_plus_normal,0.31338330241781975,1.3680458058083453,0.425675822363072,0.6401140185910856
36620542,m1_plus_both,0.2657334913277332,1.3043873818102865,0.5621977277410845,0.7463113363879091
36973645,m1_clinical,0.10347630285732044,1.1090195124600566,0.46488698328408196,0.6742683920307323
36973645,m1_plus_tumor,0.07247585148916363,1.075166842098523,0.6964596477813427,0.8545517150691322
36973645,m1_plus_normal,0.04216790113082395,1.0430695966139079,0.8038641696044296,0.9194269540738111
36973645,m1_plus_both,-0.06166995580780617,0.9401931408751797,0.8013544161967985,0.9194269540738111
37138324,m1_clinical,-0.14119415472437605,0.8683207067629837,0.40932881027325196,0.627323847162072
37138324,m1_plus_tumor,-0.11230586962289582,0.8937708383379032,0.5625321698023865,0.7463113363879091
37138324,m1_plus_normal,-0.1779417608811811,0.8369911676974103,0.2998360156843707,0.5167151713551783
37138324,m1_plus_both,-0.16996750324481627,0.8436922334108621,0.39167533805725097,0.614392687148629
37152941,m1_clinical,0.21217614940706733,1.2363656509746113,0.19519787408596484,0.41711796316826516
37152941,m1_plus_tumor,0.2779834092970508,1.3204642895965808,0.10880193033255078,0.29911183596577534
37152941,m1_plus_normal,0.17842266110394917,1.1953304341623745,0.3119229261075698,0.5309326401830975
37152941,m1_plus_both,0.2565045377438088,1.2924046303874837,0.17840653770909398,0.3996884389022581
37244876,m1_clinical,-0.2407816803010132,0.7860132098250106,0.24058150086347801,0.4627462758094519
37244876,m1_plus_tumor,-0.2745339738046203,0.7599261862265803,0.18827486062287285,0.40749092945911447
37244876,m1_plus_normal,-0.4269219356858802,0.6525144883357136,0.055659523192911654,0.19687720109330184
37244876,m1_plus_both,-0.45597681856347755,0.6338285299840812,0.04234437428630585,0.16757863345293642
37301098,m1_clinical,0.6053708259047994,1.8319314105680553,0.00024264646614560178,0.004621837450392415
37301098,m1_plus_tumor,0.6098278837620433,1.8401146579119672,0.0002915452676130585,0.005300823047510154
37301098,m1_plus_normal,0.6271005677574717,1.8721744592510543,0.00027860322981298265,0.0051833159034973516
37301098,m1_plus_both,0.6329891135886075,1.8832313669623282,0.0003434035214213932,0.0058451663220662675
37379131,m1_clinical,0.14923124840527693,1.1609414240232534,0.47220039514592405,0.6782052353980955
37379131,m1_plus_tumor,0.13261434906401928,1.1418095734805005,0.5280743027217462,0.7236704188356112
37379131,m1_plus_normal,0.0234954654934467,1.0237736584277406,0.9351531878780087,0.9640754514206276
37379131,m1_plus_both,0.004879525174446957,1.0048914494444472,0.9866133447089255,0.9915712007124879
37423913,m1_clinical,-0.02131776164589181,0.9789078557714291,0.908711657390945,0.9586859670655434
37423913,m1_plus_tumor,-0.0389438633575699,0.9618047001174547,0.8356191676936137,0.9311514058664638
37423913,m1_plus_normal,0.0041678675092193815,1.0041765651483443,0.9824833151347399,0.9899076223020048
37423913,m1_plus_both,-0.012798429170794658,0.9872831224422352,0.9468337609015771,0.969664545257169
37455996,m1_clinical,-0.13173276685417365,0.8765752137344051,0.5619673813522652,0.7463113363879091
37455996,m1_plus_tumor,-0.18009921106843219,0.8351873474717463,0.4450875253979697,0.6569557570449738
37455996,m1_plus_normal,-0.18348080677289452,0.8323678514097893,0.42216311741670975,0.6376414748974055
37455996,m1_plus_both,-0.23241820510759836,0.7926145785195603,0.3297792064228784,0.5496320107047974
37578544,m1_clinical,-0.6158361344844285,0.5401890357470626,1.4044424862011457e-05,0.00044942159558436663
37578544,m1_plus_tumor,-0.6376367792029383,0.528540006040916,8.076695238908089e-06,0.0003230678095563235
37578544,m1_plus_normal,-0.7547563378609061,0.4701251524760094,7.22402407122241e-08,2.8896096284889637e-05
37578544,m1_plus_both,-0.7643149562258994,0.4656528142986525,4.843645159069283e-08,2.8896096284889637e-05
37588995,m1_clinical,-0.06079026760081311,0.9410205815850609,0.5601495423831055,0.7463113363879091
37588995,m1_plus_tumor,-0.15447347880732581,0.8568662169547867,0.23011932736251878,0.4536249588564986
37588995,m1_plus_normal,-0.18054211840589407,0.8348175187733634,0.15385455214523294,0.36094909594189545
37588995,m1_plus_both,-0.40911666327052953,0.6642367357718032,0.01443657817526081,0.08430118642488063
37594617,m1_clinical,0.1099102376311903,1.1161778751919662,0.34896329292405326,0.5709624825186217
37594617,m1_plus_tumor,0.09421222413542912,1.0987929115502806,0.4790621830484446,0.6855988308385612
37594617,m1_plus_normal,0.07384872454668787,1.0766439233789324,0.581832354648496,0.7618099569865742
37594617,m1_plus_both,0.04656139009003717,1.0476623931830351,0.7620975991521047,0.8993790222033925
37701108,m1_clinical,0.10836844677224634,1.1144582883093466,0.43924747203527914,0.6534256351409009
37701108,m1_plus_tumor,0.17102639082554394,1.1865220619052632,0.2583646683692507,0.4791977265253035
37701108,m1_plus_normal,0.08620514109829093,1.090029915304899,0.5428617104998077,0.735368603734152
37701108,m1_plus_both,0.14800732867509647,1.1595213940874,0.3405500891482677,0.5628927093359797
37740761,m1_clinical,-0.07743929912869658,0.9254832003282922,0.5989941965927891,0.7751965694361255
37740761,m1_plus_tumor,-0.04886156426074913,0.9523129547215321,0.755670626201016,0.895609631053056
37740761,m1_plus_normal,-0.10280475850583196,0.9023031232950651,0.4839239196371896,0.6907195023375775
37740761,m1_plus_both,-0.08175651850091792,0.9214962986841243,0.6060980787774635,0.7782960883177701
37745978,m1_clinical,0.01550730227969047,1.0156281644321508,0.9248960640912205,0.9597760107461486
37745978,m1_plus_tumor,-0.06388420779989774,0.9381136194818822,0.7449941525545035,0.8908749208424556
37745978,m1_plus_normal,-0.08195464405611162,0.9213137448032303,0.6672554811539191,0.8301778925709724
37745978,m1_plus_both,-0.2157228781341176,0.8059586196854374,0.34971452054265584,0.5709624825186217
37747262,m1_clinical,0.014775421429425152,1.0148851175716644,0.9155022023537991,0.9586859670655434
37747262,m1_plus_tumor,-0.04462479296463003,0.9563562461153121,0.7831608121345801,0.9093304059617766
37747262,m1_plus_normal,-0.1345945199242023,0.8740702579174444,0.4731572480162284,0.6783616459014027
37747262,m1_plus_both,-0.307905043765961,0.7349851061133598,0.17948966400163235,0.3996884389022581
37780567,m1_clinical,-0.031943389525234886,0.9685614112485602,0.8584662141801458,0.9331154501958107
37780567,m1_plus_tumor,-0.0541820604393738,0.9472596322970529,0.7650404776089601,0.9000476207164236
37780567,m1_plus_normal,0.001315099296231564,1.0013159644185101,0.9942804090532532,0.9942804090532532
37780567,m1_plus_both,-0.01885761240678304,0.9813190799575084,0.9193992711749033,0.9597760107461486
37807731,m1_clinical,-0.12749737117941054,0.8802957299707191,0.5687800706664572,0.75335108697544
37807731,m1_plus_tumor,-0.11757728052329512,0.8890718011574468,0.5998083456012021,0.7751965694361255
37807731,m1_plus_normal,-0.11546371175401784,0.8909529027685597,0.6050482682436493,0.7782960883177701
37807731,m1_plus_both,-0.10744710668284327,0.8981240259534334,0.6309091534714084,0.8007626061880437
37845668,m1_clinical,0.13221408249170613,1.141352636730643,0.6595466357143077,0.8231471272565463
37845668,m1_plus_tumor,0.032568916826436076,1.0331050890147575,0.927634546881942,0.9600357535647523
37845668,m1_plus_normal,0.0535010834789136,1.0549581347918657,0.8645229334639217,0.9370830476091454
37845668,m1_plus_both,-0.06685942578446116,0.9353266749092608,0.8583898665032504,0.9331154501958107
37849225,m1_clinical,-1.5853302652611312,0.20488011715650983,1.795781745183575e-06,0.00011971878301223835
37849225,m1_plus_tumor,-1.6715743579361733,0.18795093054947784,8.631187296778617e-07,6.693868446317168e-05
37849225,m1_plus_normal,-1.6399113105293501,0.19399724704108814,4.141791740102066e-07,4.990702865071853e-05
37849225,m1_plus_both,-1.7141705105462852,0.18011306065088387,2.23536532758323e-07,4.990702865071853e-05
37876438,m1_clinical,0.25192627672589324,1.286501188708836,0.13890073417149507,0.34312682638273273
37876438,m1_plus_tumor,0.2674401203544678,1.3066153878272895,0.11708179935877112,0.3122181316233897
37876438,m1_plus_normal,0.28379410847630465,1.3281594458276351,0.10099813559586485,0.2875054927192775
37876438,m1_plus_both,0.29952316677387236,1.3492153034802297,0.0851093131333459,0.2521757426173212
37919060,m1_clinical,0.20765327293954344,1.2307863486252528,0.19645517485341943,0.41798973373067966
37919060,m1_plus_tumor,0.19350603795602178,1.2134967135691688,0.2587667723236639,0.4791977265253035
37919060,m1_plus_normal,0.17768738315146218,1.1944518570869571,0.29120019425894317,0.5100742812344891
37919060,m1_plus_both,0.16315018533959616,1.1772134766184954,0.3625589574516447,0.5762417423010731
37965307,m1_clinical,-0.4389200506904967,0.6447323234734026,0.13004405282054152,0.3323809656755055
37965307,m1_plus_tumor,-0.45934007306173424,0.6317003840836648,0.11340391336062801,0.30444003586745777
37965307,m1_plus_normal,-0.5968811200241682,0.5505259857520717,0.052547555257544905,0.19197695026478767
37965307,m1_plus_both,-0.6086907863181744,0.5440626973322958,0.04768448083716158,0.18079424014089698
37968767,m1_clinical,0.4038434931215019,1.497569548680748,0.040637912167369124,0.1625516486694765
37968767,m1_plus_tumor,0.3930902341844852,1.4815520699406965,0.048255023881027835,0.18209442973972767
37968767,m1_plus_normal,0.6139271505296381,1.8476732605574742,0.039413290262446846,0.15844538798973606
37968767,m1_plus_both,0.600299152791153,1.8226639738564743,0.04527735621981642,0.17331045442991933
38017469,m1_clinical,-0.017461044077236774,0.9826905165352973,0.9332364565967275,0.9640754514206276
38017469,m1_plus_tumor,-0.05531964698726209,0.9461826551754804,0.7973368110808985,0.9191202433209203
38017469,m1_plus_normal,-0.040947128100408216,0.9598798792787777,0.8445468065336982,0.9311514058664638
38017469,m1_plus_both,-0.07521000124730343,0.9275486794948012,0.7272950789665094,0.876259131284951
38049825,m1_clinical,0.5209011893711073,1.683544158366815,0.074548760580823,0.2293808017871477
38049825,m1_plus_tumor,0.5020941091578368,1.6521774905996485,0.09303942504535069,0.2696794928850745
38049825,m1_plus_normal,0.4826369174242156,1.6203414804368161,0.1062566782107283,0.2951574394742453
38049825,m1_plus_both,0.4658904410973247,1.5934324150781456,0.12594661392550302,0.32502351980774974
38073378,m1_clinical,0.7404924507464636,2.096967913685029,0.004018596155508348,0.03247350428693614
38073378,m1_plus_tumor,0.7626138120521831,2.1438725833870333,0.004342809685441322,0.03318933156360809
38073378,m1_plus_normal,0.7156753678593734,2.045567726546282,0.006058597547321361,0.044878500350528594
38073378,m1_plus_both,0.7392336476314688,2.094329904658574,0.006179735644920786,0.04535585794437273
38172584,m1_clinical,-0.05872558199647197,0.9429655003652313,0.6697508901565375,0.8319886834242702
38172584,m1_plus_tumor,-0.02695393934527366,0.9734060762129563,0.8572174082755958,0.9331154501958107
38172584,m1_plus_normal,-0.13674944284401402,0.8721887318850204,0.35239217970700787,0.5730064691616044
38172584,m1_plus_both,-0.12429260046767743,0.8831214013397812,0.46387450828226495,0.6742683920307323
38183115,m1_clinical,-0.5923073502953722,0.5530497319580233,0.0007826961715325424,0.011051841735207986
38183115,m1_plus_tumor,-0.5877796789807322,0.555559436636549,0.0008671531132871457,0.011758008315757908
38183115,m1_plus_normal,-0.5859453243866983,0.556579464902149,0.0013924897840638809,0.015914168960730068
38183115,m1_plus_both,-0.5845631440986653,0.5573492899632155,0.0014520222836790892,0.016360814463989737
38217031,m1_clinical,0.3447446972493227,1.411629480769718,0.06747338048222505,0.22122419830237722
38217031,m1_plus_tumor,0.37435840966410544,1.4540582055887321,0.05300733194557142,0.19197695026478767
38217031,m1_plus_normal,0.31978691883572935,1.3768343556096296,0.10134568618354531,0.2875054927192775
38217031,m1_plus_both,0.35356208326612637,1.4241313989355264,0.07729260312666357,0.23511057985296904
38273010,m1_clinical,-0.5023460382246459,0.6051093834366431,0.013842034708236564,0.0832603591472876
38273010,m1_plus_tumor,-0.5216031868250491,0.5935681840730749,0.011852126058900255,0.07525159402476353
38273010,m1_plus_normal,-0.5139862910952416,0.5981065933928835,0.02240466923148038,0.10979384376705048
38273010,m1_plus_both,-0.5420522462236601,0.5815535358192966,0.017649920023670378,0.09642249607246406
38282152,m1_clinical,0.14741721709653782,1.1588373489384944,0.43822892073235586,0.6534256351409009
38282152,m1_plus_tumor,0.17551446726736913,1.1918592314727017,0.36375259982755237,0.5762417423010731
38282152,m1_plus_normal,0.12201958629543841,1.12977622969463,0.5255055963801907,0.7236704188356112
38282152,m1_plus_both,0.15120533308006556,1.163235484286351,0.4404436377166703,0.6534256351409009
38305808,m1_clinical,0.2335561080332706,1.263083695044771,0.17200878777715625,0.3920428211445157
38305808,m1_plus_tumor,0.24890921565307947,1.2826255854579618,0.23078169781824368,0.4536249588564986
38305808,m1_plus_normal,0.2138038792807522,1.2383797590467405,0.21499746765040006,0.4383906215743282
38305808,m1_plus_both,0.22821355633706078,1.2563535990582262,0.2717388846774089,0.49295035769144474
38332160,m1_clinical,0.003552930931666806,1.0035592500723767,0.990324150060534,0.994051844477324
38332160,m1_plus_tumor,0.045959736679171505,1.0470322531127105,0.8782745573029552,0.94058854865109
38332160,m1_plus_normal,-0.03163801934756321,0.9688572261830299,0.9149730181526339,0.9586859670655434
38332160,m1_plus_both,0.006993724106497401,1.0070182373078043,0.9816552578582587,0.9899076223020048
38333832,m1_clinical,0.3128603133020501,1.367330519801735,0.10216933282217469,0.28780093752725266
38333832,m1_plus_tumor,0.31136138836775484,1.3652825292676676,0.10673910388742909,0.295471567854475
38333832,m1_plus_normal,0.28673445341396975,1.3320704397484249,0.14164092217959928,0.34758508510331115
38333832,m1_plus_both,0.2872200368285944,1.33271742813178,0.14401545227246268,0.3487993390276951
38356551,m1_clinical,0.3118677595890242,1.3659740441162236,0.050951645440132774,0.1895875179167731
38356551,m1_plus_tumor,0.3138677892820915,1.368708766615915,0.06634038197042276,0.22021703558646558
38356551,m1_plus_normal,0.4049991367740424,1.499301205820489,0.06863867189739219,0.22267475397575678
38356551,m1_plus_both,0.42612049721263356,1.5313052820349167,0.08487015933991156,0.2521757426173212
38387404,m1_clinical,-0.23882321938029227,0.7875540943681897,0.18846455487484046,0.40749092945911447
38387404,m1_plus_tumor,-0.22954102098981718,0.7948983604514855,0.20814948498220975,0.4349852702032053
38387404,m1_plus_normal,-0.42265520467133333,0.6553045401080131,0.042963415897918474,0.16757863345293642
38387404,m1_plus_both,-0.4132784142434173,0.6614780922658049,0.0515939131174582,0.19108856710169703
38507521,m1_clinical,-0.31751589434547745,0.7279551103123441,0.13192707497397793,0.3339925948708302
38507521,m1_plus_tumor,-0.3034155955167691,0.7382922016737885,0.15539119410235774,0.36348817333884853
38507521,m1_plus_normal,-0.3436187000247071,0.7091992941742831,0.10596085748909598,0.2951574394742453
38507521,m1_plus_both,-0.3325674115709717,0.7170803277232232,0.12300513925089113,0.32501636712699744
38570787,m1_clinical,-0.0026156291581334607,0.9973877886192841,0.9845095734939759,0.990701457604001
38570787,m1_plus_tumor,0.006360456828302909,1.0063807274879313,0.9625687368226649,0.9797137270459693
38570787,m1_plus_normal,0.019466902874436365,1.019657618565942,0.8868952787225919,0.9460216306374314
38570787,m1_plus_both,0.026322892486399237,1.0266723997628737,0.8481240897918896,0.9311514058664638
38714517,m1_clinical,0.15489592320384457,1.167536441329332,0.20824919810978454,0.4349852702032053
38714517,m1_plus_tumor,0.1630850886808088,1.177136846448699,0.2835645056935656,0.50636518873851
38714517,m1_plus_normal,0.13723642762066263,1.1470993224260992,0.39902974191472573,0.6231110140388644
38714517,m1_plus_both,0.13939316470915036,1.1495759838727346,0.5421501998297971,0.735368603734152
38735911,m1_clinical,0.14680925013417634,1.1581330282391418,0.4890453303714506,0.6923404159042359
38735911,m1_plus_tumor,0.14854677198970864,1.160147058891766,0.48508740476511736,0.6907195023375775
38735911,m1_plus_normal,0.1080743486686075,1.114130576432253,0.6169434082176926,0.7896875625186465
38735911,m1_plus_both,0.11324019341723786,1.1199008934685897,0.6009664235281952,0.7754405464879938
39033098,m1_clinical,-0.26348464689738055,0.7683694192032124,0.08389713164217852,0.25043919893187616
39033098,m1_plus_tumor,-0.3449480648909386,0.708257135924239,0.035585983272994746,0.14844819322594668
39033098,m1_plus_normal,-0.601352838608204,0.5480696845076208,0.001948105657365346,0.019727652226484517
39033098,m1_plus_both,-0.7292673773503147,0.48226217689195744,0.00031148314537221956,0.005518221269559428
39033778,m1_clinical,0.38257559314476836,1.466055693929223,0.016126588434993552,0.09085401935207636
39033778,m1_plus_tumor,0.39530704851923737,1.484840038868853,0.019261725806110894,0.10122957538105366
39033778,m1_plus_normal,0.4675653992125243,1.596103584056388,0.01771763365331527,0.09642249607246406
39033778,m1_plus_both,0.49832078508696337,1.6459550365557523,0.019687751430196708,0.10161420093004753
39115575,m1_clinical,0.139289660848724,1.1494570044780699,0.4078965836864272,0.627323847162072
39115575,m1_plus_tumor,0.161713117542801,1.175522956028577,0.34319682383019867,0.5660978537405339
39115575,m1_plus_normal,0.10467126340255731,1.1103455391383361,0.5484848184829276,0.7399457922198012
39115575,m1_plus_both,0.12997443055740357,1.138799264489925,0.4642005676078724,0.6742683920307323
39160525,m1_clinical,0.4380175796572852,1.5496321491821585,0.027730098516786504,0.12547040295402745
39160525,m1_plus_tumor,0.445352866059596,1.5610409370223306,0.03416769412777424,0.14617195348780423
39160525,m1_plus_normal,0.42352852560563664,1.5273413216778478,0.043146036827467114,0.16757863345293642
39160525,m1_plus_both,0.43004284995327346,1.5373233963726485,0.05239030242569236,0.19197695026478767
39269596,m1_clinical,0.005482122802303351,1.0054971771348407,0.9726647395102579,0.9874768929038151
39269596,m1_plus_tumor,0.06484774974465114,1.0669965615180526,0.7158464755213605,0.8684002768586166
39269596,m1_plus_normal,-0.015430962015550788,0.9846874852444506,0.923198207305672,0.9597760107461486
39269596,m1_plus_both,0.035954223795473444,1.0366083934069905,0.842344445414055,0.9311514058664638
39343809,m1_clinical,0.5682017172941098,1.7650900647919643,0.015210297821212533,0.0875412824242448
39343809,m1_plus_tumor,0.6026199567928548,1.8268989320538875,0.01830116113722819,0.0983144618879361
39343809,m1_plus_normal,0.5907422423455826,1.8053279090436618,0.02386435309977047,0.11164609637319518
39343809,m1_plus_both,0.6331114363336233,1.8834617430824674,0.02695427246489479,0.12321953126809047
39368544,m1_clinical,0.5111178463230952,1.6671537754304588,0.013479614760402417,0.0816946349115298
39368544,m1_plus_tumor,0.5434211015631949,1.7218875494220844,0.010233596472386261,0.06766014196619016
39368544,m1_plus_normal,0.5357703244975119,1.7087640381933105,0.021212403386066964,0.10586100546006523
39368544,m1_plus_both,0.5847029415564934,1.7944578476020958,0.014216766549117545,0.0837540782605231
39380003,m1_clinical,-0.5912936459000593,0.5536106451541892,0.03376152384277327,0.14521085523773447
39380003,m1_plus_tumor,-0.6561123176681718,0.5188645992241305,0.019992678921484392,0.10252655857171483
39380003,m1_plus_normal,-0.7895286304983954,0.45405877430494457,0.00632393184360852,0.045577887161142486
39380003,m1_plus_both,-0.8500966486054179,0.42737362488778613,0.0035808311563094255,0.030475158777101496
39432593,m1_clinical,-0.6447808401260853,0.5247775396841358,0.02130452734883813,0.10586100546006523
39432593,m1_plus_tumor,-0.6378772805754189,0.5284129067284443,0.0231256577359729,0.11078159394478038
39432593,m1_plus_normal,-0.6561605099006926,0.5188395945832375,0.0193433130497021,0.10122957538105366
39432593,m1_plus_both,-0.6510536622028454,0.5214960065447996,0.020615649249520696,0.10438303417478832
39503984,m1_clinical,0.19982166894569223,1.221184963538922,0.2893446958494824,0.5100742812344891
39503984,m1_plus_tumor,0.18131738872461142,1.1987956031264346,0.34812846749792237,0.5709624825186217
39503984,m1_plus_normal,0.15594436810066611,1.1687611808768714,0.44106230372010813,0.6534256351409009
39503984,m1_plus_both,0.13808700250153316,1.1480754313636408,0.5028657846337874,0.7057765398368946
39507864,m1_clinical,-0.33754842025525905,0.7135174251742019,0.31012106874461687,0.5301214850335332
39507864,m1_plus_tumor,-0.3991243028479985,0.6709073004818775,0.23760410311101246,0.4613671905068203
39507864,m1_plus_normal,-0.37312236724826664,0.6885809679301738,0.26368358086384586,0.48493532112891197
39507864,m1_plus_both,-0.4233953570445461,0.6548196943494786,0.21004131343899274,0.43629573556966533
39695796,m1_clinical,0.1082500313837437,1.114326327111439,0.6669436840012235,0.8301778925709724
39695796,m1_plus_tumor,0.10404437670268774,1.109649696417652,0.6803553285061363,0.8410389382329709
39695796,m1_plus_normal,0.05557229725325744,1.0571454430215206,0.8302560966408226,0.9311514058664638
39695796,m1_plus_both,0.055203619622866164,1.0567557689810732,0.8317656086006152,0.9311514058664638
39708127,m1_clinical,-0.0010397231765849019,0.9989608171482781,0.9927376744894396,0.9942804090532532
39708127,m1_plus_tumor,-0.05587769568842799,0.9456547864756142,0.6768207663921317,0.8381681317549619
39708127,m1_plus_normal,-0.10326545255548863,0.9018875333524337,0.4652451905012053,0.6742683920307323
39708127,m1_plus_both,-0.23218556256100276,0.7927989958444022,0.18385323509177118,0.40598882669617153
39739621,m1_clinical,-0.1545055593921113,0.856838728626387,0.18732186851541588,0.40749092945911447
39739621,m1_plus_tumor,-0.3183514939592083,0.7273470853714348,0.028103175884855818,0.1263064084712621
39739621,m1_plus_normal,-0.30149130168222077,0.7397142605963605,0.031708050869086575,0.1380959061645882
39739621,m1_plus_both,-0.5771499451518125,0.5614963837561456,0.0006349887142910673,0.009769057142939496
39749345,m1_clinical,0.8045323661688729,2.235650788391019,0.0558639058102244,0.19687720109330184
39749345,m1_plus_tumor,0.8086159882423148,2.2447990075208377,0.055789310646776745,0.19687720109330184
39749345,m1_plus_normal,0.7630502691214047,2.144808495959535,0.07357183215205085,0.22836617561898426
39749345,m1_plus_both,0.7718631460052424,2.163793964594444,0.07120321675809925,0.2251485114880609
39769061,m1_clinical,0.1763982867637984,1.1929130855382608,0.4010724165725762,0.6231110140388644
39769061,m1_plus_tumor,0.1993958530380395,1.2206650742516807,0.3495617267359733,0.5709624825186217
39769061,m1_plus_normal,0.11740223174044012,1.1245716771532484,0.6059413694934428,0.7782960883177701
39769061,m1_plus_both,0.14680146001759353,1.1581240062829745,0.5281400207067626,0.7236704188356112
39867879,m1_clinical,-0.18905391913750014,0.8277418743635376,0.20082719264527915,0.42431061128238545
39867879,m1_plus_tumor,-0.24420653776619258,0.7833258311868405,0.11875546387927505,0.3156291398784719
39867879,m1_plus_normal,-0.39397135644942305,0.6743733724116014,0.02352963547832562,0.11138288983822779
39867879,m1_plus_both,-0.49020293340396115,0.6125020844386143,0.00904455968546801,0.06080376259138158
39991573,m1_clinical,0.1755014447873797,1.1918437106107698,0.31945960143345936,0.5403122222976057
39991573,m1_plus_tumor,0.16000827237543438,1.1735205787544645,0.45905303656095,0.6713755562134552
39991573,m1_plus_normal,0.1545452291613826,1.1671270650421088,0.3837200987580648,0.6030964224095321
39991573,m1_plus_both,0.1406430731904518,1.151013746993856,0.5164898408432363,0.7185945611731984
40018511,m1_clinical,-0.26732480396922503,0.7654244181966037,0.24957590077675104,0.471516724601349
40018511,m1_plus_tumor,-0.2838657791954524,0.7528676884318186,0.22315150264488756,0.44742155918774446
40018511,m1_plus_normal,-0.3536324042934325,0.7021330210067424,0.1383376864064658,0.34312682638273273
40018511,m1_plus_both,-0.3552646346830601,0.7009879129466126,0.13393427252828916,0.3350381806470252
40097551,m1_clinical,0.14228189891413154,1.1529016044428875,0.35541534367523475,0.5732801318723602
40097551,m1_plus_tumor,0.15356062991805397,1.1659784781586782,0.32706607709076185,0.5485384940725566
40097551,m1_plus_normal,0.0880458903941965,1.0920382349434172,0.637615338953138,0.8032317179515381
40097551,m1_plus_both,0.11041744231577187,1.1167441494354244,0.5603781215816375,0.7463113363879091
40319103,m1_clinical,0.1468858559965139,1.158221751416786,0.29335911854458413,0.5100742812344891
40319103,m1_plus_tumor,0.14875580471716335,1.1603895929436288,0.4164618461915327,0.6334020474395935
40319103,m1_plus_normal,0.10891785846554179,1.115070752956847,0.4923579755107663,0.6923404159042359
40319103,m1_plus_both,0.08518168049598146,1.0889148833242273,0.6959779107857789,0.8545517150691322
40330458,m1_clinical,0.018143683892581332,1.0183092805200453,0.918718945000771,0.9597760107461486
40330458,m1_plus_tumor,-0.019831481992256674,0.9803638683531527,0.9153299051826552,0.9586859670655434
40330458,m1_plus_normal,-0.11987052746007125,0.88703527599292,0.5795398741073476,0.7615036352285459
40330458,m1_plus_both,-0.1686922174998078,0.8447688684520498,0.4484522411334291,0.6594885899021016
40348840,m1_clinical,0.1816744473809762,1.1992237199005946,0.3602313264321435,0.5746655452561271
40348840,m1_plus_tumor,0.15373745747704498,1.1661846735167807,0.4852304503921482,0.6907195023375775
40348840,m1_plus_normal,0.18714525611656152,1.2058024225069572,0.3531370791490014,0.5730064691616044
40348840,m1_plus_both,0.16789307799111172,1.1828101354506244,0.45035719504178673,0.6604735376907214
40376515,m1_clinical,-0.8213349164097126,0.43984410731348755,0.002378822100057228,0.022928405783684127
40376515,m1_plus_tumor,-0.8145090726059451,0.44285668448175575,0.0028979324078266767,0.02575939918068157
40376515,m1_plus_normal,-0.8529404133603686,0.42616000128403064,0.0036259131383583666,0.030534005375649403
40376515,m1_plus_both,-0.8459170455450689,0.42916361511680945,0.004285065721353081,0.03318933156360809
40427675,m1_clinical,-0.035890840694336734,0.9647455986951918,0.865630465228948,0.9370830476091454
40427675,m1_plus_tumor,-0.0507932893666976,0.9504751235419899,0.8123856815266982,0.9226062993547538
40427675,m1_plus_normal,-0.06732280330045835,0.9348933659585613,0.7520157091983253,0.895256796664673
40427675,m1_plus_both,-0.07849901407705331,0.9245029714197976,0.7144810191393971,0.8684002768586166
40442298,m1_clinical,0.45294940719864346,1.572944604827125,0.034700603410678384,0.14713267903195257
40442298,m1_plus_tumor,0.4666949507508683,1.5947148626398966,0.04315149811413113,0.16757863345293642
40442298,m1_plus_normal,0.4669732964893705,1.5951588065081141,0.05783379637801896,0.20292560132638235
40442298,m1_plus_both,0.4856546334823962,1.6252385962782798,0.0692835132434825,0.22314902229055072
40500142,m1_clinical,-0.4415774302210124,0.6430212994213785,0.00012301033378924283,0.0028943607950410078
40500142,m1_plus_tumor,-0.5058916661072768,0.6029676898027081,0.00013807745020314745,0.0030683877822921656
40500142,m1_plus_normal,-0.48540812332549776,0.6154459676465607,0.0003172977229996671,0.005518221269559428
40500142,m1_plus_both,-0.5528638899355663,0.5752998534005326,0.00021481159281372145,0.004191445713438467
40589607,m1_clinical,0.06966421178138184,1.0721481061004603,0.5774044075112365,0.7615036352285459
40589607,m1_plus_tumor,0.03182496664548815,1.0323367961181016,0.8360114799773232,0.9311514058664638
40589607,m1_plus_normal,0.03356952573025579,1.034139340519747,0.8014382700747791,0.9194269540738111
40589607,m1_plus_both,-0.01785106622155725,0.9823073202052196,0.9133430561916196,0.9586859670655434
40626022,m1_clinical,0.18628606185260124,1.2047668489252168,0.17174502328554472,0.3920428211445157
40626022,m1_plus_tumor,0.18433086241386204,1.2024135907525864,0.23307991743580594,0.4547900828015726
40626022,m1_plus_normal,0.16445528469733367,1.1787508601716772,0.3086577522672543,0.5294889404237704
40626022,m1_plus_both,0.15622599816740357,1.1690903855210288,0.404233829675668,0.6255068931151536
40703521,m1_clinical,0.3124878464093302,1.3668213292858946,0.10181295957870116,0.28780093752725266
40703521,m1_plus_tumor,0.3188526853055748,1.3755486714472884,0.09861699835456211,0.2829755918659412
40703521,m1_plus_normal,0.28783603995730167,1.3335386391455006,0.16967077484931617,0.39004775827429006
40703521,m1_plus_both,0.2996301304472341,1.3493596282238605,0.15648595678574356,0.36498182340698204
40735323,m1_clinical,1.1915802460251803,3.2922797107708894,0.00020951295513068206,0.004191445713438467
40735323,m1_plus_tumor,1.240520948729244,3.457414131192623,0.00013772098481927374,0.0030683877822921656
40735323,m1_plus_normal,1.2027170081698424,3.3291499734197756,0.00017708836166839531,0.0037281760351241117
40735323,m1_plus_both,1.2535927677243552,3.5029055026266556,0.00011670342123491359,0.0028291738481191174
40779729,m1_clinical,0.1042287264504268,1.1098542789160522,0.7186370079792623,0.8684435141743352
40779729,m1_plus_tumor,0.04606257048549159,1.0471399289609018,0.880356679288418,0.9415579457630139
40779729,m1_plus_normal,-0.1079153561944066,0.8977035782618528,0.767452564259981,0.9011632683133366
40779729,m1_plus_both,-0.20183160457724322,0.8172325345738982,0.598776054508934,0.7751965694361255
40867253,m1_clinical,0.23191735255524487,1.2610155048121952,0.06349080279745649,0.21706257366651793
40867253,m1_plus_tumor,0.2722856607415535,1.3129620094472574,0.07117589342238513,0.2251485114880609
40867253,m1_plus_normal,0.23638837603710716,1.266666157432413,0.10967732803921083,0.3004858302444133
40867253,m1_plus_both,0.2940114150111932,1.3417992202326698,0.11142468727824728,0.30399060368807523
40918470,m1_clinical,-0.24570348205634923,0.782154113273536,0.12472503088498525,0.32501636712699744
40918470,m1_plus_tumor,-0.23620174135210664,0.7896213585825633,0.14429856539605648,0.3487993390276951
40918470,m1_plus_normal,-0.328191023544427,0.7202254265501876,0.04494569359359422,0.17286805228305469
40918470,m1_plus_both,-0.3215705592063132,0.7250094721297092,0.05256631689123317,0.19197695026478767
40994220,m1_clinical,-0.3194826006430611,0.7265248433310889,0.2935542013160454,0.5100742812344891
40994220,m1_plus_tumor,-0.4975944983772322,0.6079914264328022,0.1451877248702781,0.3487993390276951
40994220,m1_plus_normal,-0.2951896385561823,0.7443904089574975,0.33061791112363453,0.5498842596650887
40994220,m1_plus_both,-0.4709797322442724,0.6243902332718946,0.17109597556867984,0.3920428211445157
41137061,m1_clinical,-0.38066048873115216,0.6834098755907506,0.12578721684387054,0.32502351980774974
41137061,m1_plus_tumor,-0.4546197900472803,0.6346892372437121,0.07071776769989245,0.2251485114880609
41137061,m1_plus_normal,-0.5203647168490018,0.5943037558455453,0.04854032915486564,0.18231109541733576
41137061,m1_plus_both,-0.5813993769733544,0.5591154056403262,0.026933048784285245,0.12321953126809047
41153362,m1_clinical,0.16345465079529617,1.1775719520250298,0.5268797927207313,0.7236704188356112
41153362,m1_plus_tumor,0.12864938828943887,1.1372913066043486,0.6281782254647377,0.7989548177611926
41153362,m1_plus_normal,0.024843826780832374,1.0251550062645005,0.9388906514669142,0.9642009257683329
41153362,m1_plus_both,-0.019690725722445224,0.9805018704264207,0.9524375311204571,0.9731162514640685
41198839,m1_clinical,-0.3333240203241574,0.7165379836675327,0.17410800029558854,0.3945790374970845
41198839,m1_plus_tumor,-0.32687203069430487,0.7211760255170874,0.17963437599420518,0.3996884389022581
41198839,m1_plus_normal,-0.30783892294711335,0.735033705537116,0.21339214734061776,0.4383906215743282
41198839,m1_plus_both,-0.30178684655680416,0.7394956741406293,0.22093654679649466,0.4440935613999893
41216727,m1_clinical,-0.18546926411681017,0.8307143679283177,0.2680854955487897,0.48826925816060696
41216727,m1_plus_tumor,-0.35309725697429306,0.702508866167909,0.07672442730959944,0.23427306048732652
41216727,m1_plus_normal,-0.19097875106569412,0.8261501427747953,0.24642539222427456,0.471516724601349
41216727,m1_plus_both,-0.35229010738482386,0.7030761248113285,0.07399206087652686,0.22854690618232237
41252049,m1_clinical,0.1863754529714401,1.2048745491954342,0.429911695103241,0.6452708369279415
41252049,m1_plus_tumor,0.16586717191138436,1.1804162988688454,0.4914391578252898,0.6923404159042359
41252049,m1_plus_normal,0.1471242934701655,1.1584979478115989,0.5441727667632725,0.735368603734152
41252049,m1_plus_both,0.1306894168601704,1.1396137815151957,0.5954069037600684,0.7746845308288949
41337795,m1_clinical,-0.2428199415753068,0.7844127411790686,0.2530951255255841,0.4719722620523713
41337795,m1_plus_tumor,-0.37807492026353506,0.6851791649392452,0.11304494270786083,0.30444003586745777
41337795,m1_plus_normal,-0.4634771553792192,0.6290923860657198,0.06325312601891363,0.21706257366651793
41337795,m1_plus_both,-0.668491329089682,0.5124811602722315,0.017547128561184126,0.09642249607246406
41357226,m1_clinical,-0.03330862911582732,0.9672399950940752,0.8376232219548732,0.9311514058664638
41357226,m1_plus_tumor,-0.024974768780569312,0.9753345205971867,0.8779391196728025,0.94058854865109
41357226,m1_plus_normal,-0.043430215192116824,0.9574993706691792,0.7893309142390682,0.9133096600143024
41357226,m1_plus_both,-0.034974364695580525,0.9656301701636469,0.8299417007564474,0.9311514058664638
41388608,m1_clinical,0.08763890498295122,1.0915938817420419,0.46995241598555937,0.6774088879071126
41388608,m1_plus_tumor,0.0916679796006927,1.0960008670183992,0.4507731894739173,0.6604735376907214
41388608,m1_plus_normal,0.04283317096059622,1.043763750221012,0.7553544870644558,0.895609631053056
41388608,m1_plus_both,0.05209947506694384,1.0534805323477698,0.7052053864960305,0.8600065688975982
41505248,m1_clinical,0.7574935457205118,2.1329234399653814,0.014714634271141804,0.08530222765879307
41505248,m1_plus_tumor,0.7494469082240577,2.1158294450604065,0.01566059893810819,0.08948913678918965
41505248,m1_plus_normal,0.8312690782590988,2.2962309887634014,0.023511539237673226,0.11138288983822779
41505248,m1_plus_both,0.831016143334968,2.295650265198203,0.023101520723364466,0.11078159394478038
41507856,m1_clinical,-0.32776056530976083,0.7205355202522676,0.18229445218902596,0.403976625349642
41507856,m1_plus_tumor,-0.327619358073102,0.7206372722658883,0.17985979750601613,0.3996884389022581
41507856,m1_plus_normal,-0.2787185078251451,0.7567528932538761,0.2888095106355888,0.5100742812344891
41507856,m1_plus_both,-0.2844468994645535,0.7524303088554968,0.2788315662045523,0.5006837481351175
41533176,m1_clinical,0.19267779915042327,1.2124920646025854,0.14331544671833846,0.3487993390276951
41533176,m1_plus_tumor,0.21609274074830306,1.2412174851014515,0.18438103581582088,0.40598882669617153
41533176,m1_plus_normal,0.17682994716781328,1.1934281300368796,0.25106510472109017,0.471516724601349
41533176,m1_plus_both,0.2013267954851304,1.2230243853711629,0.31569341076962537,0.5362096148953297
41582171,m1_clinical,0.01875612490051802,1.0189331258969445,0.9223827544566309,0.9597760107461486
41582171,m1_plus_tumor,-0.016353988601752197,0.9837790118535165,0.9345587089073581,0.9640754514206276
41582171,m1_plus_normal,-0.079096601993214,0.9239506646579821,0.7132216109786178,0.8684002768586166
41582171,m1_plus_both,-0.11752618091074088,0.8891172335427976,0.595538733074713,0.7746845308288949
41584451,m1_clinical,-0.64104338424541,0.5267425423539094,1.5135429263597951e-05,0.00046570551580301387
41584451,m1_plus_tumor,-0.6628709165142772,0.5153696254093247,9.756573084697703e-06,0.0003549731835829625
41584451,m1_plus_normal,-0.7043144614153142,0.494447420881766,1.1658901118086153e-05,0.0003886300372695384
41584451,m1_plus_both,-0.7379033552531711,0.47811530331604557,5.679295184110451e-06,0.00026578784705540143
41668898,m1_clinical,-0.03720179397979949,0.9634816909259803,0.835295113913725,0.9311514058664638
41668898,m1_plus_tumor,-0.05812761010559308,0.9435295358503942,0.7486769908814854,0.8931468257111437
41668898,m1_plus_normal,-0.09471177092152419,0.9096350799682872,0.610084246562401,0.7821592904646166
41668898,m1_plus_both,-0.11069067773797384,0.8952156162256263,0.5538429528426774,0.7434133595203724
41685329,m1_clinical,0.7570836837024304,2.1320494147869615,0.001792952769036327,0.018901783117262774
41685329,m1_plus_tumor,0.7589127088422825,2.135952555148828,0.0022977568970938183,0.022693895279938946
41685329,m1_plus_normal,0.7558243448595304,2.1293661320796335,0.003145203705994994,0.02734959744343473
41685329,m1_plus_both,0.7575902910618735,2.1331298003537214,0.003760280709136593,0.031012624405250253
41715136,m1_clinical,-0.29793471213566003,0.7423498045990093,0.15130440990779606,0.35819612866112455
41715136,m1_plus_tumor,-0.29882071037022145,0.741692375266328,0.15177154523075295,0.35819612866112455
41715136,m1_plus_normal,-0.3200790137441091,0.7260916635861674,0.12363862734314046,0.32501636712699744
41715136,m1_plus_both,-0.3206355952441973,0.7256876468433993,0.12446064250882534,0.32501636712699744
41727459,m1_clinical,0.3007818450425967,1.3509146006724289,0.06466624678260777,0.21803122345514322
41727459,m1_plus_tumor,0.2916353869545768,1.3386148522110468,0.08027386514493642,0.24233619666395903
41727459,m1_plus_normal,0.33627282110481205,1.3997208461117723,0.1030272872002871,0.28919940266747257
41727459,m1_plus_both,0.32507757031804435,1.3841380098422138,0.12419881138470351,0.32501636712699744
41809788,m1_clinical,0.4059284134835039,1.5006951190767777,0.03164334548117234,0.1380959061645882
41809788,m1_plus_tumor,0.4499343120918386,1.5682091697268419,0.02118707762856306,0.10586100546006523
41809788,m1_plus_normal,0.40917269200647705,1.5055716982343372,0.05327360369847858,0.19197695026478767
41809788,m1_plus_both,0.47416107683779124,1.6066657628259706,0.03176205841785529,0.1380959061645882
41836241,m1_clinical,0.5383431508847908,1.7131660517805276,0.1917726280589705,0.41352588260694445
41836241,m1_plus_tumor,0.6212513632574007,1.8612556921603591,0.1406460737337272,0.34620571995994387
41836241,m1_plus_normal,0.53461568367562,1.7067921680997582,0.1955240452351243,0.41711796316826516
41836241,m1_plus_both,0.616120381104564,1.8517300811903294,0.14506200028933794,0.3487993390276951
41836296,m1_clinical,-0.3279193404478187,0.7204211262072695,0.04345415144410618,0.16793874954243934
41836296,m1_plus_tumor,-0.42741758365803884,0.6521911509901351,0.014077781770944759,0.0837540782605231
41836296,m1_plus_normal,-0.31584438632687933,0.7291729106143572,0.07588591539525542,0.23260050695863732
41836296,m1_plus_both,-0.45618141305835463,0.6336988654209307,0.022164095693454563,0.10945232441212129
41862905,m1_clinical,-0.941600462240793,0.39000315028360766,1.6344763713875375e-05,0.0004726129916556879
41862905,m1_plus_tumor,-0.979876012844855,0.37535763549175366,1.1166938764047681e-05,0.0003884152613581802
41862905,m1_plus_normal,-1.0017334251190309,0.3672423020833282,1.654145470794908e-05,0.0004726129916556879
41862905,m1_plus_both,-1.0587369736586576,0.3468936696003041,9.761762548531469e-06,0.0003549731835829625
41870815,m1_clinical,0.5504869457603087,1.7340972236005079,0.0012276829278457487,0.015346036598071858
41870815,m1_plus_tumor,0.5584440411505615,1.7479506440241095,0.001653554903181016,0.01795433662327639
41870815,m1_plus_normal,0.5600977089850923,1.7508435650864813,0.0017956693961399637,0.018901783117262774
41870815,m1_plus_both,0.5680931769729018,1.7648984917462587,0.002296976720851187,0.022693895279938946
41971137,m1_clinical,-0.31184574341856036,0.7320944499057661,0.2901465300386028,0.5100742812344891
41971137,m1_plus_tumor,-0.2792260869490383,0.756368878750432,0.35998900084776964,0.5746655452561271
41971137,m1_plus_normal,-0.36853749087966464,0.6917452749731009,0.21801208243444437,0.4426641267704454
41971137,m1_plus_both,-0.346158186865235,0.7074005767756573,0.26854809198833385,0.48826925816060696
41981124,m1_clinical,-0.02336269235912013,0.9769081024071494,0.856383793846282,0.9331154501958107
41981124,m1_plus_tumor,-0.10829299775703771,0.8973646320838887,0.4900299124720686,0.6923404159042359
41981124,m1_plus_normal,-0.08444684952194655,0.9190205004576908,0.5499059345245951,0.7406140532317779
41981124,m1_plus_both,-0.1954986294141713,0.8224244707667347,0.2508949340399737,0.471516724601349
41992284,m1_clinical,-0.03918769687365811,0.9615702084852563,0.7634266662768323,0.8994717717547361
41992284,m1_plus_tumor,-0.08403963605971992,0.9193948141851613,0.5511561457145766,0.7410502799523719
41992284,m1_plus_normal,-0.27202314262143984,0.7618366299890965,0.1450048755539998,0.3487993390276951
41992284,m1_plus_both,-0.3881301069830094,0.67832408282266,0.05482238768252558,0.19579424172330562
42030617,m1_clinical,0.3226407705714497,1.3807692488555108,0.22985183295697054,0.4536249588564986
42030617,m1_plus_tumor,0.31154978503358055,1.365539768174807,0.3190298264485947,0.5403122222976057
42030617,m1_plus_normal,0.29073108111803686,1.3374048821612585,0.28661148303170403,0.5100742812344891
42030617,m1_plus_both,0.2817823731614058,1.3254902263484036,0.37410013612923976,0.590296072787755
42052292,m1_clinical,0.020681035554271084,1.0208963700550457,0.9233024982383176,0.9597760107461486
42052292,m1_plus_tumor,-0.08996553676300696,0.9139626828410125,0.7296837426056322,0.8778150286985048
42052292,m1_plus_normal,-0.06852978314087499,0.9337656492155022,0.7693681403225111,0.9011632683133366
42052292,m1_plus_both,-0.22401330992096644,0.7993044956189,0.4348488709839228,0.6502413024058659
42059994,m1_clinical,0.5545794988494067,1.741208650570191,0.010910299188916135,0.06982591480906326
42059994,m1_plus_tumor,0.5807281369472664,1.787339384899653,0.012200381282408362,0.07685279547973771
42059994,m1_plus_normal,0.5967267989856266,1.8161643895927122,0.015864108787567294,0.09000912787272224
42059994,m1_plus_both,0.6327884789130725,1.8828535633495804,0.01690537560309134,0.09391875335050745
42159275,m1_clinical,0.03269557284084092,1.0332359462745482,0.7900128559123716,0.9133096600143024
42159275,m1_plus_tumor,-0.0039003471603465375,0.996107249314134,0.9772046212529425,0.9885002678711732
42159275,m1_plus_normal,-0.026041494666177913,0.9742946607382577,0.8518599055026337,0.9328175381752927
42159275,m1_plus_both,-0.07604139316787344,0.9267778434945462,0.6226637734637501,0.7944673345629987
42164400,m1_clinical,0.7005876618071626,2.014936460814975,0.0012921495598098194,0.015693843991955343
42164400,m1_plus_tumor,0.7051413963271684,2.024132869642605,0.0013339767393162041,0.015693843991955343
42164400,m1_plus_normal,0.7990284610420103,2.223379778768402,0.0013762010921087495,0.015914168960730068
42164400,m1_plus_both,0.8076278420946509,2.24258191361608,0.0013010805856875618,0.015693843991955343
42215586,m1_clinical,-0.10892289717193303,0.8967995606149689,0.44328989928164353,0.6555118658508592
42215586,m1_plus_tumor,-0.09302669119428064,0.9111691797779702,0.5220742048981539,0.7225940552223583
42215586,m1_plus_normal,-0.12952252140637646,0.8785148028045656,0.3592758098924387,0.5746655452561271
42215586,m1_plus_both,-0.11663860688072723,0.8899067412303573,0.4216310260887095,0.6376414748974055
42220482,m1_clinical,-0.9648827600272358,0.38102786881774786,3.835972840987066e-06,0.00022966537765342282
42220482,m1_plus_tumor,-1.0818383151161755,0.33897181552028294,4.947305885378568e-07,4.990702865071853e-05
42220482,m1_plus_normal,-0.9629935680244173,0.3817483840018352,4.0191441089349e-06,0.00022966537765342282
42220482,m1_plus_both,-1.081030766356942,0.3392456623467718,4.990702865071853e-07,4.990702865071853e-05
42244509,m1_clinical,-0.193989284678829,0.8236667300748417,0.4397691441328102,0.6534256351409009
42244509,m1_plus_tumor,-0.23447393587669152,0.7909868500015006,0.3646705056287287,0.5765541590968043
42244509,m1_plus_normal,-0.23513897882962,0.7904609846519522,0.35599724701015145,0.5732801318723602
42244509,m1_plus_both,-0.27096623839845935,0.7626422439939828,0.3003406933501974,0.5167151713551783
42251607,m1_clinical,0.004497671484268632,1.0045078011896607,0.9785222380049804,0.9885002678711732
42251607,m1_plus_tumor,-0.023776478880314963,0.9765039546231465,0.8908338704183258,0.9476956068280062
42251607,m1_plus_normal,-0.23201145907293816,0.7929370369312815,0.33505767277007126,0.5549609486874886
42251607,m1_plus_both,-0.2862429059837392,0.7510801519238116,0.25192108843946315,0.4716096380135937
42279297,m1_clinical,0.16197918641920497,1.1758357677135558,0.35615028192570375,0.5732801318723602
42279297,m1_plus_tumor,0.14707489154201728,1.1584407171928843,0.5160724864867618,0.7185945611731984
42279297,m1_plus_normal,0.120412502449968,1.1279620427326322,0.5137882004598372,0.7173308208863346
42279297,m1_plus_both,0.08765377953152588,1.091610118829019,0.7164302284083587,0.8684002768586166
42319469,m1_clinical,0.32392366049929977,1.3825417605431471,0.12825586337983677,0.3299186196265898
42319469,m1_plus_tumor,0.3559487958797954,1.4275344507468015,0.1684604591948417,0.38895716549435616
42319469,m1_plus_normal,0.2911988265482246,1.3380305935086039,0.18523240218012826,0.40598882669617153
42319469,m1_plus_both,0.317936464584883,1.3742889424352245,0.23156933385070913,0.45405751735433164
42371282,m1_clinical,0.3121416577974401,1.3663482332021706,0.13175282789443732,0.3339925948708302
42371282,m1_plus_tumor,0.3161686812958227,1.3718616435098068,0.17559271243065283,0.39681968910881993
42371282,m1_plus_normal,0.27778996603638956,1.3202088793833031,0.2107010778791806,0.43629573556966533
42371282,m1_plus_both,0.2778021191254906,1.3202249240969426,0.26701107378084415,0.48769145896044597
42421957,m1_clinical,0.06438443550887599,1.066502321324678,0.6758598441871142,0.8381681317549619
42421957,m1_plus_tumor,0.044699587796035035,1.0457136675698824,0.7763248139887375,0.9031791752702345
42421957,m1_plus_normal,-0.04905366582276164,0.9521300314858876,0.8067971521997692,0.9194269540738111
42421957,m1_plus_both,-0.07319913469459596,0.9294157326786728,0.717924773272802,0.8684435141743352
42436233,m1_clinical,0.30510148202625487,1.3567626830463038,0.09979981663651939,0.2851423332471983
42436233,m1_plus_tumor,0.30228170614115574,1.352942305186889,0.13401527225881008,0.3350381806470252
42436233,m1_plus_normal,0.2798274627462429,1.322901542846314,0.168710170533177,0.38895716549435616
42436233,m1_plus_both,0.27405524250580443,1.3152874600069513,0.21535939284838873,0.4383906215743282
42436798,m1_clinical,0.054852829951530215,1.0563851349832798,0.801211440023062,0.9194269540738111
42436798,m1_plus_tumor,0.016073723127497243,1.0162036003521708,0.943371352522171,0.9675603615612011
42436798,m1_plus_normal,0.05133961482126637,1.0526803384279197,0.8130468013063767,0.9226062993547538
42436798,m1_plus_both,0.0175187719198687,1.017673125649824,0.9381091252600712,0.9642009257683329
42482080,m1_clinical,-0.13622294632437548,0.872648057122785,0.225137031069504,0.450274062139008
42482080,m1_plus_tumor,-0.18162092481392197,0.8339173978999583,0.1299376594687492,0.3323809656755055
42482080,m1_plus_normal,-0.47455201243231643,0.6221637156521099,0.0036802472149540105,0.03066872679128342
42482080,m1_plus_both,-0.5691604092527811,0.5660004480039912,0.0007299446134342117,0.010617376195406715
42493447,m1_clinical,0.0539168335954833,1.0553968249458041,0.9088622537141104,0.9586859670655434
42493447,m1_plus_tumor,-0.003847137929505766,0.9961602528248303,0.9935731430289652,0.9942804090532532
42493447,m1_plus_normal,0.14778443964750226,1.1592629782914898,0.7575385901707831,0.8964953729831753
42493447,m1_plus_both,0.09716565487523275,1.1020429172829331,0.8420885736872963,0.9311514058664638
42500328,m1_clinical,-0.5079624069339741,0.6017203918513474,0.00417100710323999,0.03318933156360809
42500328,m1_plus_tumor,-0.5746825326684385,0.5628835375793612,0.0018996081596501352,0.019506814322046383
42500328,m1_plus_normal,-0.5034497777385457,0.6044418687488472,0.007365410308348269,0.051237636927640134
42500328,m1_plus_both,-0.5832839997299213,0.5580626763337039,0.003098859268192744,0.02724271884125489
42555166,m1_clinical,-0.22274584468087935,0.8003182285832791,0.25231115633727264,0.4716096380135937
42555166,m1_plus_tumor,-0.44176438398017426,0.6429010954088766,0.062405181911595824,0.21612184211808078
42555166,m1_plus_normal,-0.5066832479267154,0.6024905804022281,0.03372380727732571,0.14521085523773447
42555166,m1_plus_both,-0.9578505333571136,0.38371678661757214,0.0010464085325225432,0.013287727397111659
42576531,m1_clinical,-0.19042585275170018,0.8266070460947395,0.287169952018724,0.5100742812344891
42576531,m1_plus_tumor,-0.24583995206125342,0.782047379980974,0.18810583798191205,0.40749092945911447
42576531,m1_plus_normal,-0.2872360640351693,0.7503345809198655,0.12433358278127894,0.32501636712699744
42576531,m1_plus_both,-0.3400894077986586,0.7117066877896748,0.07780703406075053,0.2357788910931834
