iteration,adjusted_rand_index,cohens_kappa
0,0.87176958793851,0.826309534692385
1,0.8727933199903466,0.8321130438837849
2,0.8489105788319649,0.7965223825379208
3,0.8623452277724138,0.7792189871671037
4,0.8786237439155453,0.8240903620035182
5,0.898264812056466,0.8351950192272477
6,0.8686081171385263,0.8061657744138823
7,0.8668273595423792,0.8062551895931359
8,0.8527622210443654,0.8276565830649916
9,0.9006895504772352,0.852016278209397
10,0.8393598120175229,0.760423865468786
11,0.867358751506936,0.8356914650844363
12,0.8754575476770241,0.831807138852551
13,0.8841213091094733,0.8252391464311994
14,0.89087135510372,0.8372513562386981
15,0.8825705188840068,0.807038500413489
16,0.8614936235934797,0.8121977557631814
17,0.8276723871449628,0.7370091593361747
18,0.8889978210558529,0.8555109044114327
19,0.902049096072723,0.8425196850393701
20,0.8889187183233174,0.8450601531170252
21,0.8638825017797231,0.7859340855371717
22,0.8315549931497346,0.7590361445783133
23,0.8657933057818513,0.8155832180728446
24,0.8760643220348769,0.8092643051771117
25,0.8858256100025376,0.8343990063940383
26,0.9156218151944496,0.887239240744221
27,0.8823283232390055,0.8501521891828612
28,0.8789776575856683,0.7887582659808964
29,0.8958040472316894,0.8338180307436643
30,0.858283462804847,0.7843859491510197
31,0.8635826897233416,0.8085426448466062
32,0.9181276663300787,0.88830455624331
33,0.8687942641213965,0.8135458910175732
34,0.9060601602806472,0.8438934802571166
35,0.9068801809072745,0.8623221661312528
36,0.8658558880238642,0.8157700810611643
37,0.885531874996475,0.8270604833204387
38,0.9020973825521273,0.853439589630851
39,0.8898486510738378,0.852731372819734
40,0.868844953268183,0.7811915941104071
41,0.8446071127543019,0.8172681589767017
42,0.8825705188840068,0.807038500413489
43,0.8765209443740407,0.8148748090896469
44,0.9090514878579864,0.8781516543256163
45,0.892715184466092,0.8416026088982064
46,0.8473874937985065,0.7596931466333934
47,0.8765209443740407,0.8148748090896469
48,0.825046963877364,0.7326572943074441
49,0.8927156139734256,0.8524665744582757
50,0.8900666869799306,0.8512250685759449
51,0.8963816786886042,0.8525481522440328
52,0.934978763485387,0.8805201966821378
53,0.8846744035504627,0.8161849179725197
54,0.8891403367426824,0.8250218722659668
55,0.8581356131405229,0.7858194636562402
56,0.8638530047953016,0.8066031219781737
57,0.8723243657282342,0.7990408769125371
58,0.8949848113106513,0.8320190378423779
59,0.8734010948212833,0.8243099542281196
60,0.9008663151835864,0.8533589955091192
61,0.909624741515074,0.8436350257542311
62,0.8705351131616723,0.8208898944193062
63,0.908693411420372,0.8806134631279273
64,0.8873985978193829,0.8592276289240298
65,0.8426882095737374,0.7970479704797048
66,0.8573200518755185,0.7981651376146789
67,0.9042823931581194,0.8257839721254355
68,0.9464201846882303,0.91701244813278
69,0.8938091199746545,0.833894707700826
70,0.8557443538085319,0.8273512039981826
71,0.8346875645974395,0.76366859064673
72,0.8990961532190352,0.8613422074320577
73,0.9065107395607875,0.8441225013753897
74,0.8781938985207073,0.8518655680029626
75,0.8329410271664691,0.716234152592796
76,0.8384219136427965,0.801980198019802
77,0.8668716816592117,0.8417279582906619
78,0.8913348614833441,0.8249412631869903
79,0.8321065608526532,0.8215321465221077
80,0.8680639286538926,0.8249412631869903
81,0.8849191569648215,0.8543866035675283
82,0.8361951455190166,0.7904709847863716
83,0.8863040943999774,0.8714711957769107
84,0.882136877807527,0.8020692757534863
85,0.9091311317820889,0.8182644252612449
86,0.9225930191994219,0.8443864707766946
87,0.9099200008994202,0.8806792106470858
88,0.8784444919513067,0.8019623728508416
89,0.9292375200395286,0.8807722291007475
90,0.860752455357299,0.7861161482308086
91,0.8685255771114769,0.8154385641120288
92,0.84837795686214,0.7916761016258321
93,0.8843563646413871,0.8234528897974354
94,0.9126566360514852,0.8450601531170252
95,0.9232674793158899,0.8892988929889298
96,0.9005899004728315,0.8504742769029485
97,0.8898486510738378,0.852731372819734
98,0.934978763485387,0.8805201966821378
99,0.8846744035504627,0.8161849179725197
100,0.851374833847754,0.7966352375670179
101,0.8781452946929188,0.8276018510117049
102,0.911866936907407,0.8464456688646012
103,0.9273192051793768,0.8811591553158424
104,0.8652544816439882,0.76802284082798
105,0.8517408001198715,0.8081315669255368
106,0.8560434039987943,0.8071890924115136
107,0.8678141346863183,0.7900502053856686
108,0.9177777526976777,0.8710806206547262
109,0.8811868798318282,0.8237722023837128
110,0.9153922532640548,0.8603481984917605
111,0.897520842800541,0.8262539435782543
112,0.8603999803374526,0.7544450002273657
113,0.8891403367426824,0.8250218722659668
114,0.8640462481057765,0.7630655670478881
115,0.8766512226491564,0.8151229432427436
116,0.8977080235517771,0.8170675935241928
117,0.8851704646096447,0.843843292150829
118,0.8765209443740407,0.8148748090896469
119,0.8867382682660451,0.8634563743115926
120,0.9122629695287146,0.8711695960246618
121,0.8924541197224738,0.8696886489505282
122,0.8919046676923336,0.8247070762985516
123,0.8665986324765373,0.7717937015061616
124,0.8889650755226023,0.8270053719384504
125,0.8623394792750766,0.7953678727560227
126,0.8997837341019161,0.8519135545374612
127,0.9144204881211677,0.8448551220625142
128,0.8438649286233221,0.7605562462586913
129,0.9004722664860213,0.8504113687359761
130,0.8871718342319509,0.86066601644141
131,0.9014167271711807,0.8447488584474886
132,0.8839969913528615,0.8405328080296421
133,0.8506636601502712,0.8487813556306707
134,0.8962845707017657,0.8413142910482592
135,0.8881314507305982,0.8231324179660229
136,0.8671016819111922,0.8042688041755988
137,0.888404975113188,0.8359086558184056
138,0.8669834667824265,0.8154981549815499
139,0.9126157112759185,0.8887085555297937
140,0.8600059386723593,0.8028539241457003
141,0.8784792131621768,0.8332175121612231
142,0.8784792131621768,0.8332175121612231
143,0.9150685063748158,0.8885069218619344
144,0.8793883719499239,0.814540059347181
145,0.9016746670585827,0.8611561068172351
146,0.8851704646096447,0.843843292150829
147,0.8685255771114769,0.8154385641120288
148,0.9007501985311239,0.8614830547603657
149,0.8722649396450284,0.8004897070826154
150,0.9054773653960051,0.8623853211009174
151,0.8881511928931861,0.8511904761904762
152,0.8763548723743223,0.8351195383347073
153,0.883487615034558,0.8516114073730582
154,0.9520272599655935,0.9075315548569051
155,0.8488047108258147,0.7756694863765949
156,0.8893260493952544,0.8157700810611643
157,0.8871361437316463,0.8158548936562011
158,0.9037539192432549,0.8517488996988649
159,0.9046506493443475,0.8347714338167799
160,0.8499718692495308,0.7871552841014251
161,0.902342442530582,0.835285505124451
162,0.8615453059277918,0.7792494481236203
163,0.8569365445746977,0.8348245010323468
164,0.8780040989537428,0.8365493757094211
165,0.8909199325794669,0.8266976786610115
166,0.9324029836212041,0.8980301274623407
167,0.8927156139734256,0.8524665744582757
168,0.8800672374923582,0.8043487927431189
169,0.9081548810065084,0.8700876908087041
170,0.9202443104245391,0.8975886788939578
171,0.9186194130519882,0.8904959620386002
172,0.8532672564181295,0.807533681605719
173,0.8776635315769584,0.8008869580957553
174,0.8594211611804972,0.7708209194664711
175,0.8388371179963201,0.7473722199666171
176,0.8392184136347904,0.7719706298171205
177,0.9160344390273265,0.8539479689639433
178,0.8752045878705788,0.8335183129855716
179,0.8641312824952057,0.8046239010094431
180,0.8851708468171559,0.8236085967599684
181,0.8428362059722221,0.8209489704565802
182,0.8623896132898102,0.7887776655340252
183,0.8923000003896276,0.8432095918837906
184,0.884820101056727,0.7997360156570024
185,0.9218626029930493,0.9086549440511532
186,0.8407519500413128,0.7813610276031703
187,0.8508136523342341,0.8097912232235859
188,0.8565361694767645,0.7859149904107756
189,0.8849596913783898,0.8069498069498069
190,0.8929296918410548,0.8509548206800186
191,0.8860014532253138,0.797979797979798
192,0.9161966829091697,0.8540745132016964
193,0.8774597761484416,0.8411140707509697
194,0.883840694084467,0.809471965160588
195,0.8599334696731888,0.8269659851555029
196,0.8845205504094878,0.8436853478001012
197,0.9160500536295285,0.8802505526897568
198,0.9007501985311239,0.8614830547603657
199,0.92002544616222,0.8800350666728187
200,0.9086995540694546,0.8545322302027457
201,0.8657440930407875,0.7637974108562344
202,0.8831744791520398,0.8236904375260985
203,0.9329173890310027,0.8714711957769107
204,0.8432602468754254,0.7764842840512224
205,0.882136877807527,0.8020692757534863
206,0.8786868804161884,0.8487855590208865
207,0.8404232097067107,0.7518496392629015
208,0.8902616978696626,0.8195841414460331
209,0.9172666311205051,0.8618402873722022
210,0.8637940358594921,0.8161004091765895
211,0.8531476307809284,0.7983224091304946
212,0.8571512109839479,0.8090301459555314
213,0.8823354134007099,0.8089693441280815
214,0.8397701841288213,0.7607443509082853
215,0.9051229159204265,0.8651079136690647
216,0.8952755616010812,0.8243911456167106
217,0.8973833199181618,0.8521325262233723
218,0.8851379141601845,0.8529141386284244
219,0.8632701543852668,0.8197467441755667
220,0.8345081878873841,0.7910515557574381
221,0.8751404604303338,0.7892035560443589
222,0.8217104242065016,0.7512896094325718
223,0.9294468693733617,0.8636859323882224
224,0.8671102831589613,0.8373248983280615
225,0.8831323695924973,0.8648526894314803
226,0.9063680777411578,0.8531099380307551
227,0.8851379141601845,0.8529141386284244
228,0.8830694300038808,0.8515287894956618
229,0.8737265783272317,0.7915817135607811
230,0.8687496973466659,0.8067099268259009
231,0.9224395419552093,0.8891864438082926
232,0.8158590915831233,0.7120748605362606
233,0.8195414587190006,0.8010849909584087
234,0.8538451548145581,0.7618175155734701
235,0.9016590450811486,0.850341408661491
236,0.8624369142062482,0.7881843716903808
237,0.8648871827614106,0.813780260707635
238,0.8949376571042709,0.8602375960866527
239,0.9194930521218976,0.8448692795546836
240,0.8899189531715123,0.8417279582906619
241,0.9029031125641309,0.8612331745224109
242,0.9489680537146546,0.9076553698402438
243,0.9291447370984393,0.9074887830149405
244,0.8311170039155606,0.7612269262558545
245,0.9086308894342648,0.8727561917745967
246,0.8957706855112808,0.8265632131446828
247,0.8877560197078254,0.8512734709053728
248,0.8510561065150598,0.7803103116847453
249,0.9037314882132813,0.8331402085747392
250,0.8390607324676785,0.717848366251024
251,0.8750571458745643,0.7745106881933796
252,0.86234064024237,0.8164295548416705
253,0.8685844191273262,0.7833641738502505
254,0.8963984773122388,0.8506835891932247
255,0.9075473477489424,0.8688094457199081
256,0.8831900259381269,0.8330086278875591
257,0.9036578767622951,0.8900041248453183
258,0.8783809350988085,0.8258638071670791
259,0.8703826782264086,0.7970947659672585
260,0.9073610989493176,0.8701479385985252
261,0.8410700030579094,0.7791478788994203
262,0.8984793262275141,0.8443864707766946
263,0.8671016819111922,0.8042688041755988
264,0.8713699643228693,0.8537343450041137
265,0.8986669343973419,0.8335183129855716
266,0.8562398644400111,0.7709259174417007
267,0.8804659209167608,0.8366383809048419
268,0.9100475866347589,0.8620753068824422
269,0.837227437956549,0.7584092176175432
270,0.9215772774584076,0.8614062644368474
271,0.9196327910817568,0.8373616444544838
272,0.8638530047953016,0.8066031219781737
273,0.9036407924747233,0.8424467099165894
274,0.8431195416489337,0.7919305228876424
275,0.8657950112665515,0.8247394151831011
276,0.845322547400069,0.7601254728295969
277,0.9006895504772352,0.852016278209397
278,0.9153348365126808,0.8710093518219929
279,0.9198758925943297,0.8721461187214612
280,0.8765209443740407,0.8148748090896469
281,0.9052848003939612,0.8702622555833565
282,0.8222694209048256,0.7713344919052411
283,0.9416378899706203,0.9078935249148015
284,0.9228754110496254,0.8520641671674911
285,0.8835322159813687,0.8235102874924527
286,0.8882529903143944,0.8347865993575034
287,0.8609258760137293,0.8159988959933759
288,0.9134826372307872,0.8633506422519814
289,0.9245891927821545,0.8720467943152219
290,0.9100055682182017,0.825158737462041
291,0.8828202979232982,0.8165137614678899
292,0.8861608291623447,0.8517626349191643
293,0.8467006948571999,0.8096619233209463
294,0.8701736990235223,0.8263888888888888
295,0.8688056110730783,0.8339483394833949
296,0.936670416830301,0.8990362551629187
297,0.8525037281467145,0.7876563726169044
298,0.9324805183416004,0.8989667049368542
299,0.8404015950929357,0.769329725413654
300,0.8882194631866105,0.8071182548794489
301,0.9150388047859287,0.8434189923551625
302,0.9060234514320696,0.8422346990858893
303,0.8740086943548622,0.8170675935241928
304,0.9169036813500981,0.8696279741118406
305,0.8393598120175229,0.760423865468786
306,0.9248085802955984,0.9178532311062432
307,0.8946151788422068,0.8177178271965002
308,0.9148234956800964,0.8617638927287807
309,0.8623394792750766,0.7953678727560227
310,0.8811868798318282,0.8237722023837128
311,0.8919046676923336,0.8247070762985516
312,0.9198758925943297,0.8721461187214612
313,0.8899189531715123,0.8417279582906619
314,0.857613336438698,0.7978684307239985
315,0.9319948124279236,0.888682745825603
316,0.8620692490963775,0.834619625137817
317,0.8332818163788154,0.7496290801186944
318,0.919820306485159,0.8615916955017301
319,0.8435093094489888,0.7385503065272268
320,0.8947170430489985,0.8615789230840216
321,0.8908610715602915,0.8347107438016529
322,0.8743279030689833,0.8167994870385638
323,0.8500467114984258,0.7593372518165409
324,0.890691380274811,0.8340248962655601
325,0.9111253272883084,0.8635929613968081
326,0.8855957479778347,0.8498780258960406
327,0.8322772933613563,0.7728821258233023
328,0.8519712587949008,0.794267545705335
329,0.8689834616207427,0.8082804583009997
330,0.9285695437727497,0.879612909200352
331,0.8593837025746869,0.7978034097697716
332,0.8959182082644677,0.8430865792874285
333,0.8499045408634854,0.7784751707587225
334,0.8341306626893916,0.7504159733777038
335,0.8536308375512257,0.8350288699477592
336,0.8931394939680768,0.8357814068059484
337,0.8873700352520877,0.7905186939295961
338,0.9202305721648038,0.8708487084870848
339,0.898264812056466,0.8351950192272477
340,0.8400922322392284,0.7703050349136347
341,0.8706914760371273,0.8228273032450578
342,0.8746229560529749,0.8056635202665186
343,0.8577801714037263,0.7865032952752251
344,0.8413147789104768,0.7630331753554502
345,0.930253637188358,0.8902756823481004
346,0.8411717527884365,0.7973470891672808
347,0.9080678551765685,0.8271391529818496
348,0.8986669343973419,0.8335183129855716
349,0.9004756903782342,0.842730931125399
350,0.9210718823982366,0.8906057705456037
351,0.903562921635426,0.8532446686539784
352,0.8927044782154775,0.8322460391425909
353,0.8530427026613981,0.8110661268556005
354,0.9071139832265798,0.8888477213782883
355,0.8473874937985065,0.7596931466333934
356,0.8652290267885914,0.7630331753554502
357,0.8710879450553415,0.8027436564153143
358,0.9012601702294106,0.8518655680029626
359,0.8961620002430646,0.8352478147453206
360,0.8640680347773174,0.8142213552552134
361,0.8398794368088086,0.8016320274108472
362,0.8577688472698884,0.7609635009653397
363,0.8746205503392521,0.7905377715040298
364,0.860970782100507,0.8531099380307551
365,0.8472749312053303,0.7647910258729872
366,0.8811868798318282,0.8237722023837128
367,0.8706430218984524,0.7875386818160824
368,0.8809472876952055,0.8255520359913695
369,0.9100972623470637,0.8453350316153392
370,0.8428679326191205,0.8084553290463812
371,0.8531791434718353,0.7555012224938875
372,0.9068801809072745,0.8623221661312528
373,0.8828202979232982,0.8165137614678899
374,0.8536551601940331,0.7872733999260082
375,0.9348538533768785,0.8817160274782767
376,0.9052843778936451,0.8783739533143098
377,0.892028756710484,0.7924375056402851
378,0.8944777617278428,0.8445785335527519
379,0.8430136292093625,0.7534584303520065
380,0.8598886889917713,0.7796446770417298
381,0.8734516682434894,0.8370524600552212
382,0.8286643185808765,0.7711041933711774
383,0.8801829371275415,0.8424467099165894
384,0.8979600231271722,0.8720877112836911
385,0.8747562825715061,0.8173098881023064
386,0.8612069444678425,0.8514598709557629
387,0.8778538539698049,0.8597737683462653
388,0.8605631230462917,0.7812414547443259
389,0.9153348365126808,0.8710093518219929
390,0.8609258760137293,0.8159988959933759
391,0.9169181404260531,0.8464803359371472
392,0.8714558313297063,0.817126137246834
393,0.9182127822507699,0.8616555222504035
394,0.8888534691905989,0.8178589317426347
395,0.8655917524881754,0.8176180922852453
396,0.9236048896729872,0.8974024157067575
397,0.9042521507256506,0.8890481253756183
398,0.8913265289711574,0.8617638927287807
399,0.8742712652785303,0.8536206029001419
400,0.8658750520704186,0.7995809419695727
401,0.851039025386931,0.7821845078731224
402,0.8784792131621768,0.8332175121612231
403,0.88752194749805,0.8066031219781737
404,0.849271432508818,0.7688823148747342
405,0.8932552989156476,0.8174766141911932
406,0.878471252886671,0.8392966866758047
407,0.8853978022131602,0.8422493388391408
408,0.8829563888047891,0.8346955643309762
409,0.8599077211108086,0.7924843235440069
410,0.9201160844541078,0.8631823778902723
411,0.8675312438156233,0.7992242756103126
412,0.8552273903010624,0.8256880733944953
413,0.872607000440932,0.8155406963338714
414,0.8935983133710801,0.8355638788653907
415,0.9217924635629886,0.8881014546810891
416,0.9267004440429328,0.8730964467005076
417,0.8234831130433996,0.7712508006221979
418,0.958754959431844,0.8989806226467076
419,0.8600098329218416,0.8053302433371958
420,0.8401680645356737,0.8052399721771388
421,0.9040318097836763,0.8446779351301964
422,0.8869832676074418,0.8253355396212539
423,0.8784792131621768,0.8332175121612231
424,0.8577801714037263,0.7865032952752251
425,0.8598077754979992,0.7726756080927484
426,0.9012601702294106,0.8518655680029626
427,0.9037314882132813,0.8331402085747392
428,0.8369937595710554,0.8015246515404393
429,0.850811819726027,0.803729146221786
430,0.8726764914627863,0.8227446590166994
431,0.8729151647760158,0.845986591773872
432,0.8844453980667571,0.8180246576588872
433,0.8648282102943624,0.7999363433819852
434,0.8831744791520398,0.8236904375260985
435,0.9066610537882478,0.8439149795712253
436,0.8513302927592308,0.7707999083199633
437,0.902049096072723,0.8425196850393701
438,0.9259216865681404,0.8890993946675292
439,0.8804898774076825,0.8098945367310912
440,0.8653598178269507,0.7992883860961592
441,0.8749589423084453,0.8351950192272477
442,0.842934252235119,0.7787508642544365
443,0.8411717527884365,0.7973470891672808
444,0.8563331148986902,0.8052219078977879
445,0.9010133228432201,0.8705561462715548
446,0.9027135891221082,0.862631072851321
447,0.8955182057979785,0.8523304107060452
448,0.8744694037723342,0.8184458968772694
449,0.8540655144598536,0.7463882976314479
450,0.9053210760934934,0.8704543351531415
451,0.8661278879919718,0.8138842359947888
452,0.8513606467143354,0.7780757316565722
453,0.8848815881476677,0.791260153378409
454,0.8551179750218321,0.789039211190094
455,0.9239289990535391,0.8901501281581838
456,0.8412722040718306,0.7786284185767652
457,0.8645381389124953,0.8343227944222007
458,0.8671016819111922,0.8042688041755988
459,0.8820912975385358,0.8516801853997682
460,0.9114228033643718,0.8435630808870893
461,0.8688056110730783,0.8339483394833949
462,0.8367886284486258,0.8233059457549253
463,0.8818611975737235,0.853177334250975
464,0.887734730206958,0.8435630808870893
465,0.8683316570683346,0.7854940340528221
466,0.8413767890876158,0.7672253258845438
467,0.8623263145818365,0.7699986199917199
468,0.8786237439155453,0.8240903620035182
469,0.8831900259381269,0.8330086278875591
470,0.878238058619519,0.8349002522357257
471,0.8865597477359157,0.8345436161411894
472,0.88410713386666,0.8107767165255001
473,0.8768046160141963,0.8055735580038885
474,0.908377930098456,0.8713412672885172
475,0.8737798393518322,0.8550462040224678
476,0.8859225538792984,0.7974403830218212
477,0.8499967741460663,0.7556118754525706
478,0.876114970613616,0.8257440271472463
479,0.8650612166198359,0.7729336966394187
480,0.860556724880596,0.8014350828105961
481,0.9357653636348867,0.8979023575273807
482,0.8875172856845754,0.845130727885579
483,0.8864784266021566,0.821284961129479
484,0.840443286403954,0.7835302606656445
485,0.8882407236609704,0.8196654794644065
486,0.8706914760371273,0.8228273032450578
487,0.8802984505414987,0.8470535312640576
488,0.8838930494650922,0.8269896193771626
489,0.8846744035504627,0.8161849179725197
490,0.8974404865509527,0.8267924700305392
491,0.8959182082644677,0.8430865792874285
492,0.8853347568163613,0.8000272690087715
493,0.8481596743026081,0.7689570722240192
494,0.872057863846438,0.8060135790494666
495,0.8818902025604631,0.828929005537298
496,0.878373724682546,0.8442438957350313
497,0.8558649544712886,0.7985255735152709
498,0.8665251159457619,0.7883013484283676
499,0.8957859578919071,0.8010670042499322
500,0.8891403367426824,0.8250218722659668
501,0.8940722968353465,0.808899808899809
502,0.9322040979358811,0.8806134631279273
503,0.8701721583847067,0.8447134048869605
504,0.83688622172807,0.7608535688005886
505,0.871558346141489,0.8320190378423779
506,0.8843315199565348,0.8362743314535201
507,0.9062554822082157,0.8272177511026235
508,0.868311786187497,0.8137975979890141
509,0.8746229560529749,0.8056635202665186
510,0.9031028647612522,0.8772078964768112
511,0.9016590450811486,0.850341408661491
512,0.8949083073911517,0.862907279623452
513,0.8570200863237176,0.7617083677023188
514,0.8808153959964994,0.8240088921822897
515,0.92520144914315,0.879763226045135
516,0.8891403367426824,0.8250218722659668
517,0.8854622338531142,0.8302358827734095
518,0.9204912003407577,0.8985707699400646
519,0.9004542160353078,0.8441582252372003
520,0.9043047324466063,0.8441939327284391
521,0.9068247036678994,0.8533253884585416
522,0.8938091199746545,0.833894707700826
523,0.8959665215738366,0.8432963082453795
524,0.9161128623207572,0.8895841001104159
525,0.8918903866961013,0.8447842958228715
526,0.8612134288054555,0.8088824171823807
527,0.8759308484506234,0.8350288699477592
528,0.8892417728332429,0.8511420198167187
529,0.8934953877944607,0.8551905149787311
530,0.8513606467143354,0.7780757316565722
531,0.9096668814581951,0.8793391498050863
532,0.8844953355871408,0.8067543940369928
533,0.8801829371275415,0.8424467099165894
534,0.9395206355108227,0.8725998725998726
535,0.883528937707469,0.8437571802766417
536,0.8612057144549375,0.8141177564013198
537,0.9108817468464113,0.8529952223447262
538,0.932610578842104,0.862258953168044
539,0.8661838314627903,0.8010220232442454
540,0.9166112974482892,0.8617192901590228
541,0.8454480133151664,0.776506347219739
542,0.864391228397936,0.8002904865649964
543,0.9115350914381364,0.8527991167947008
544,0.8558649544712886,0.7985255735152709
545,0.8949376571042709,0.8602375960866527
546,0.8804978607709083,0.8181652877534321
547,0.8788607143185524,0.807727522431789
548,0.8660575541644447,0.7904232539067839
549,0.863185743444079,0.8215459753921293
550,0.909624741515074,0.8436350257542311
551,0.9210758367400397,0.8811319892104421
552,0.8998677163162544,0.8351195383347073
553,0.8825738244936219,0.809220985691574
554,0.9442173935783308,0.8721461187214612
555,0.8641312824952057,0.8046239010094431
556,0.8532672564181295,0.807533681605719
557,0.8411955694647261,0.7991784573254221
558,0.872416356298345,0.8005168427256653
559,0.8614862071213857,0.8069498069498069
560,0.8573200518755185,0.7981651376146789
561,0.8826023262514581,0.8311919722404577
562,0.8879587898974611,0.8419633726875523
563,0.8781025417926765,0.7988847243806564
564,0.8685255771114769,0.8154385641120288
565,0.8893020830556851,0.8341013824884793
566,0.8650623790982731,0.7991142765831165
567,0.9053210760934934,0.8704543351531415
568,0.8687496973466659,0.8067099268259009
569,0.8891403367426824,0.8250218722659668
570,0.9363850049624196,0.8804652659647833
571,0.87772756415677,0.802247191011236
572,0.8812506891750996,0.8144282069125492
573,0.8941131706654629,0.8523985239852399
574,0.8840179351263333,0.8594057549910957
575,0.8858256100025376,0.8343990063940383
576,0.8818902025604631,0.828929005537298
577,0.8444613878526334,0.8083679335675503
578,0.8937087790365286,0.8538812785388128
579,0.908807342721523,0.8420881519669314
580,0.8621542786353128,0.7639046538024972
581,0.8682679854461243,0.787636766538941
582,0.897306850900927,0.8188897944399167
583,0.8569362579548596,0.8271784609787156
584,0.8929296918410548,0.8509548206800186
585,0.8535478572840324,0.7641937239252675
586,0.8779209274407139,0.8256880733944953
587,0.8468888481367767,0.7896758264368342
588,0.8891931821634748,0.8087344596748486
589,0.8911777484097346,0.8269265804335945
590,0.8598886889917713,0.7796446770417298
591,0.883055798688013,0.7978034097697716
592,0.9330491784983059,0.8886982330844502
593,0.8768366661033236,0.7894158579014833
594,0.9075964083938558,0.8715301674696031
595,0.8979173805483222,0.8430141287284144
596,0.8906527395185093,0.8495321389946866
597,0.8700999014889752,0.8063623789764869
598,0.8913956295249075,0.8213807269804412
599,0.8513606467143354,0.7780757316565722
600,0.9134826372307872,0.8633506422519814
601,0.8548302448455358,0.7911464245175936
602,0.9112957028201488,0.8622146695448492
603,0.8588953845672476,0.8034749207199964
604,0.8902048494407694,0.8155236821473044
605,0.8688056110730783,0.8339483394833949
606,0.8843315199565348,0.8362743314535201
607,0.8772436188510547,0.8317285220155184
608,0.866643219425087,0.7990225186132554
609,0.858603029884104,0.8031219237800591
610,0.8392184136347904,0.7719706298171205
611,0.877300801068465,0.8092036523872257
612,0.8643731250779788,0.7911653879329914
613,0.8938091199746545,0.833894707700826
614,0.8699228267621357,0.799132618123716
615,0.934978763485387,0.8805201966821378
616,0.9032328395180108,0.8091169385992819
617,0.8867607012240275,0.8270840917364397
618,0.8828202979232982,0.8165137614678899
619,0.9261093142477427,0.870496276767957
620,0.8637940358594921,0.8161004091765895
621,0.9236597688291027,0.844521675507591
622,0.873667821354304,0.8294357915525832
623,0.9019534287712322,0.8369269795252763
624,0.8764229116828582,0.8261744659439184
625,0.8380369589880796,0.7427180005513185
626,0.8882577455116829,0.8308032147389199
627,0.8538451548145581,0.7618175155734701
628,0.8177205676052143,0.7671607038911028
629,0.8958040472316894,0.8338180307436643
630,0.8894970929855611,0.8344903682589306
631,0.8616461499963454,0.7891552459091534
632,0.8763522840770401,0.7986177857110165
633,0.8641312824952057,0.8046239010094431
634,0.8753048327189522,0.8276565830649916
635,0.8783629311092257,0.8239110287303059
636,0.8704287898802556,0.8246261768506553
637,0.870060440676646,0.7968230513483561
638,0.8677979420357371,0.7971882922332335
639,0.8668273595423792,0.8062551895931359
640,0.8828202979232982,0.8165137614678899
641,0.8831744791520398,0.8236904375260985
642,0.8706914760371273,0.8228273032450578
643,0.8977009958316994,0.8628006951431446
644,0.8953979125687949,0.8354887355481424
645,0.8338131823124186,0.7371879106438897
646,0.85136428619379,0.7984148073486965
647,0.8919949718149003,0.808647318784455
648,0.9075964083938558,0.8715301674696031
649,0.8829919720785261,0.845679012345679
650,0.8869516967166565,0.8620753068824422
651,0.9115350914381364,0.8527991167947008
652,0.8661278879919718,0.8138842359947888
653,0.9331237724195566,0.8638344226579521
654,0.8081407939406151,0.768043536443929
655,0.8791451935665159,0.7985255735152709
656,0.85136428619379,0.7984148073486965
657,0.8545510983181555,0.7932119577433131
658,0.8419830894455262,0.7990867579908676
659,0.8574865298084114,0.7886612147385832
660,0.8839815786371339,0.8311127791330456
661,0.8828202979232982,0.8165137614678899
662,0.9029031125641309,0.8612331745224109
663,0.8590315548851603,0.7996265768022224
664,0.8979173805483222,0.8430141287284144
665,0.9044384442594563,0.8879080846293961
666,0.8990961532190352,0.8613422074320577
667,0.912516476026282,0.8816621910700468
668,0.9025564270810734,0.8444718905814007
669,0.8793883719499239,0.814540059347181
670,0.8793883719499239,0.814540059347181
671,0.8531213930428477,0.7799174690508941
672,0.8589877152622967,0.7936984246061515
673,0.8948986855169425,0.8413883187161784
674,0.8697422296450477,0.8080263278178993
675,0.8913493391686501,0.834193072955048
676,0.92452115701725,0.8822250407682551
677,0.9088760812494032,0.8530627238497567
678,0.8945230463813169,0.8508853681267474
679,0.8949376571042709,0.8602375960866527
680,0.865330597860253,0.8174349612049292
681,0.9061363372101244,0.8201438848920863
682,0.9232674793158899,0.8892988929889298
683,0.8513606467143354,0.7780757316565722
684,0.9174899596722284,0.8540944738281963
685,0.8605349456383709,0.7457434733257662
686,0.9108817468464113,0.8529952223447262
687,0.9086736262292691,0.8635184932441654
688,0.8801829371275415,0.8424467099165894
689,0.9313052246612217,0.8715301674696031
690,0.9105091233347927,0.854466072403129
691,0.89024460786128,0.8570088028955718
692,0.887734730206958,0.8435630808870893
693,0.8577801714037263,0.7865032952752251
694,0.8762719058098171,0.8167407339533606
695,0.8296114801905924,0.7369256588197941
696,0.8761854801685481,0.8279063448213396
697,0.8882092406020585,0.7928674351585014
698,0.8596649885152389,0.78856407427836
699,0.874101045186837,0.8277347114556417
700,0.9053494463945707,0.8516801853997682
701,0.8705231206244686,0.8304126625211985
702,0.8849499099828102,0.8454053562497158
703,0.8489601607062629,0.7712089320032945
704,0.9158563693513453,0.8883409323532149
705,0.8730853569016327,0.8508158508158508
706,0.8351826467162694,0.7388681284048444
707,0.8612637090441824,0.781460571844837
708,0.9036407924747233,0.8424467099165894
709,0.8966693893995785,0.8352704310423721
710,0.8831900259381269,0.8330086278875591
711,0.8159450900708239,0.7651521994399783
712,0.905663021383963,0.860982391102873
713,0.8715934652868185,0.8373395987710103
714,0.8984793262275141,0.8443864707766946
715,0.8826023262514581,0.8311919722404577
716,0.8866451346667437,0.8179418324154567
717,0.8878518473322313,0.7976174049031783
718,0.8776798729053951,0.8099805456272904
719,0.8810265985551095,0.8518792816145158
720,0.8675831342517478,0.7949004801193307
721,0.8697962152079693,0.7988663375388554
722,0.8949848113106513,0.8320190378423779
723,0.8575237167509316,0.7724480043689983
724,0.8799475307622692,0.8275236020334059
725,0.8697962152079693,0.7988663375388554
726,0.9128519519039323,0.8359310910582445
727,0.845322547400069,0.7601254728295969
728,0.9091504344633082,0.801980198019802
729,0.8734010948212833,0.8243099542281196
730,0.8718024235200801,0.8151058518997873
731,0.8373773703271302,0.7478159056110961
732,0.8672723367865377,0.8012197876665914
733,0.8790424028853889,0.835285505124451
734,0.849271432508818,0.7688823148747342
735,0.8720664560845747,0.8132063136265995
736,0.8637414625964138,0.7883987303923824
737,0.8519124523513615,0.8149347645044878
738,0.8623394792750766,0.7953678727560227
739,0.8878101801679421,0.8514943382216447
740,0.8783809350988085,0.8258638071670791
741,0.8414480165173899,0.7698927700308345
742,0.8990961532190352,0.8613422074320577
743,0.8871361437316463,0.8158548936562011
744,0.8834437248379676,0.842534271952575
745,0.9445295269991077,0.8892886797675063
746,0.890691380274811,0.8340248962655601
747,0.8919046676923336,0.8247070762985516
748,0.878238058619519,0.8349002522357257
749,0.9105972290305964,0.8362221918929985
750,0.8400066341908357,0.808516458466308
751,0.8823601265734262,0.8329156223893066
752,0.8723541757946192,0.8173932892033782
753,0.8615453059277918,0.7792494481236203
754,0.870558418356452,0.8444861180990715
755,0.8824734011616087,0.8087780003642324
756,0.8569365445746977,0.8348245010323468
757,0.872057863846438,0.8060135790494666
758,0.9096668814581951,0.8793391498050863
759,0.8424067231367183,0.7351960918595626
760,0.8562165143715154,0.825608077099587
761,0.8596711535201639,0.7957383594076413
762,0.9058859527984197,0.8379692141506887
763,0.8742602677958246,0.8152083525824633
764,0.8654280099717737,0.7901459854014599
765,0.8858212369882397,0.790890080916447
766,0.8592563819925519,0.7955960234135464
767,0.8897516420230753,0.8418898809523809
768,0.8793883719499239,0.814540059347181
769,0.8982319140923102,0.8522826939943683
770,0.8513606467143354,0.7780757316565722
771,0.8831900259381269,0.8330086278875591
772,0.8623896132898102,0.7887776655340252
773,0.908807342721523,0.8420881519669314
774,0.9019895293157961,0.8350666605580245
775,0.8847538953536546,0.834619625137817
776,0.8295024104357729,0.793277008808197
777,0.8598553113048926,0.8254719147568089
778,0.8804257594438576,0.8408239700374531
779,0.885434099274912,0.8256480844230328
780,0.8793883719499239,0.814540059347181
781,0.863675810312493,0.8068610319139152
782,0.9090292266491764,0.860730699596119
783,0.9066610537882478,0.8439149795712253
784,0.9124787329419276,0.8716008621084973
785,0.8826971906791113,0.8349153941394964
786,0.8733842333986747,0.8150203477617461
787,0.8891403367426824,0.8250218722659668
788,0.8677979420357371,0.7971882922332335
789,0.9134229145351184,0.8779285412460679
790,0.8767344368746331,0.7889230486853578
791,0.8678141346863183,0.7900502053856686
792,0.9317879908648711,0.8640750305831181
793,0.9298223691784298,0.9083367707044319
794,0.86983997170262,0.8083067092651757
795,0.8380369589880796,0.7427180005513185
796,0.8736597750254764,0.8225045541594657
797,0.9519351657636519,0.9084626298686439
798,0.874466136416158,0.7993341542390661
799,0.8851379141601845,0.8529141386284244
800,0.8793883719499239,0.814540059347181
801,0.870060440676646,0.7968230513483561
802,0.8536623860968146,0.7845735962159883
803,0.8893322962212169,0.8434910697845701
804,0.8519712587949008,0.794267545705335
805,0.8958748625867115,0.8429270996950937
806,0.8917742844574414,0.817293198739323
807,0.8453085005354174,0.7786488356006456
808,0.8669360198635647,0.8193478457230602
809,0.9003044820639337,0.854967367657723
810,0.899860432805075,0.8743887667668566
811,0.858965625210161,0.8180825905039112
812,0.8860553463647522,0.8327059807611878
813,0.8597451008807536,0.7857238516137672
814,0.9038960000793073,0.871630295250321
815,0.8875266756629969,0.7904900710511933
816,0.8596711535201639,0.7957383594076413
817,0.9246972517334926,0.8705561462715548
818,0.8949376571042709,0.8602375960866527
819,0.8953979125687949,0.8354887355481424
820,0.8493706152125815,0.791402140395429
821,0.8490317504633929,0.7719186205638172
822,0.9073610989493176,0.8701479385985252
823,0.9111253272883084,0.8635929613968081
824,0.8686081171385263,0.8061657744138823
825,0.8429377835433797,0.7879891229202194
826,0.9116115290505024,0.847087924443445
827,0.8328019855834844,0.7908425408084391
828,0.8434411745945544,0.8010220232442454
829,0.8834142522141231,0.8807722291007475
830,0.847198361179668,0.7716164984241538
831,0.8615453059277918,0.7792494481236203
832,0.8763912575909152,0.7915155910079767
833,0.9377959124543828,0.8804102847155145
834,0.9107593413357997,0.8874982421600337
835,0.8849596913783898,0.8069498069498069
836,0.8745121466454838,0.8521325262233723
837,0.8801937412481028,0.837947332883187
838,0.9197715969883888,0.8694516971279374
839,0.9024888005920167,0.8519478116035902
840,0.9013199003933718,0.8560633321338611
841,0.8847362217758737,0.8469364786386351
842,0.8935983133710801,0.8355638788653907
843,0.8640680347773174,0.8142213552552134
844,0.8813153664552582,0.8004444646015692
845,0.8729297663547612,0.7964564925752879
846,0.8804659209167608,0.8366383809048419
847,0.8889202287791846,0.8267766786707389
848,0.9217924635629886,0.8881014546810891
849,0.8620552867831233,0.7974403830218212
850,0.8276143462374087,0.7778497709075762
851,0.8339262048088952,0.7589244320815948
852,0.8772128944300572,0.842730931125399
853,0.8450919201152357,0.7805814591332968
854,0.9052843778936451,0.8783739533143098
855,0.8749752671491003,0.8149347645044878
856,0.8999361656130256,0.8353608341717735
857,0.874120493925127,0.80954108470887
858,0.8861608291623447,0.8517626349191643
859,0.8574826576156671,0.7816295891906646
860,0.8734728232428394,0.8003992015968064
861,0.8772128944300572,0.842730931125399
862,0.8642129129963496,0.7718978102189781
863,0.8801829371275415,0.8424467099165894
864,0.9070049954893719,0.8727446257328546
865,0.884820101056727,0.7997360156570024
866,0.9049620954752595,0.853177334250975
867,0.8526379619375425,0.7820856221909475
868,0.8895265903893746,0.8324022346368716
869,0.9122374565873097,0.8699247421722568
870,0.9186258053156926,0.8709082526509913
871,0.927368735543274,0.8796686259082704
872,0.8627496189647743,0.8106914270260525
873,0.8801829371275415,0.8424467099165894
874,0.8443914502047384,0.76721282120154
875,0.8525304964429109,0.8020247469066366
876,0.872057863846438,0.8060135790494666
877,0.8919949718149003,0.808647318784455
878,0.8841213091094733,0.8252391464311994
879,0.8787928310587674,0.789039211190094
880,0.9108817468464113,0.8529952223447262
881,0.9074242920457546,0.8514805532349392
882,0.9061297260820785,0.845679012345679
883,0.9006154939232097,0.8717890013278996
884,0.8377904758815096,0.8014350828105961
885,0.874176755429299,0.7926153013840674
886,0.8871360074927507,0.8647491095983049
887,0.9037539192432549,0.8517488996988649
888,0.8793883719499239,0.814540059347181
889,0.8804257594438576,0.8408239700374531
890,0.914904203034947,0.8896348753793801
891,0.9108817468464113,0.8529952223447262
892,0.8971498670653071,0.8695246971109041
893,0.8559457698396998,0.7893194100943483
894,0.9158245975213547,0.8447842958228715
895,0.8952869441426725,0.826309534692385
896,0.8724966457525706,0.7898871785502215
897,0.9114228033643718,0.8435630808870893
898,0.8352398003920197,0.7771691193537904
899,0.8746229560529749,0.8056635202665186
900,0.8791431797421984,0.8164127042408665
901,0.8929296918410548,0.8509548206800186
902,0.8992522599549754,0.8240740740740741
903,0.9152537971469168,0.8883928571428571
904,0.8794295241104039,0.8348245010323468
905,0.8637423792305774,0.7741644083107498
906,0.8441499526144003,0.7668019215521664
907,0.91741394374759,0.8789684386928591
908,0.8811868798318282,0.8237722023837128
909,0.8598553113048926,0.8254719147568089
910,0.8869832676074418,0.8253355396212539
911,0.8708699371140156,0.7878228782287823
912,0.9072345364500438,0.8594057549910957
913,0.9090292266491764,0.860730699596119
914,0.9224289504013048,0.8627379209370425
915,0.8664050277522856,0.780681714337933
916,0.8553757356932178,0.8166567355731769
917,0.8559457698396998,0.7893194100943483
918,0.862287861661135,0.7974124038859984
919,0.8698461103707873,0.8156002212797344
920,0.8845205504094878,0.8436853478001012
921,0.9012256195179228,0.8190700199022978
922,0.8533577068066687,0.7894158579014833
923,0.8999361656130256,0.8353608341717735
924,0.9125077053945346,0.872472217161596
925,0.9357547200085433,0.8898324535230663
926,0.8837595673850588,0.8421614595422682
927,0.8658558880238642,0.8157700810611643
928,0.8723570678147353,0.864210383379351
929,0.8967514666595287,0.8721461187214612
930,0.8942007286444055,0.8104607608646599
931,0.8743327764359867,0.8337412829630998
932,0.8712994799904726,0.8337259248995428
933,0.8687302477398603,0.8262698303844923
934,0.8465192126158502,0.7449792795664647
935,0.9217511516503001,0.8537677649316822
936,0.8640349272278081,0.7973470891672808
937,0.8538616900542225,0.8035730988682069
938,0.8275996570381041,0.8096015231878145
939,0.8894970929855611,0.8344903682589306
940,0.8849018511662291,0.8451800919812394
941,0.8738418941399607,0.7800888807440326
942,0.9183946579317933,0.8376476954992333
943,0.8607750831667571,0.7635611330878007
944,0.8869832676074418,0.8253355396212539
945,0.8918903866961013,0.8447842958228715
946,0.8984911778938162,0.8356539602830404
947,0.9041914887715574,0.8349910620158592
948,0.8766676449062463,0.8244073748902546
949,0.9100972623470637,0.8453350316153392
950,0.8660113565795327,0.8248444342014289
951,0.8288353863262314,0.7191901807147063
952,0.8717997895113487,0.8079648850075443
953,0.9072345364500438,0.8594057549910957
954,0.9384068517205331,0.8896348753793801
955,0.8584861403029652,0.8288365388946444
956,0.8765246076968315,0.8349532367504127
957,0.903562921635426,0.8532446686539784
958,0.8675135729466678,0.8153704131087007
959,0.9197025419570368,0.854027917160843
960,0.9084344571435685,0.8529141386284244
961,0.8881486972548593,0.8304025707399804
962,0.8911260001182926,0.8416763678696159
963,0.871985452111617,0.8058162651995007
964,0.9052396478496485,0.8423736671302735
965,0.8796219705312275,0.8001544261252669
966,0.8593837025746869,0.7978034097697716
967,0.8955145685156976,0.8462095169169531
968,0.8793883719499239,0.814540059347181
969,0.836236859455198,0.7495129418313388
970,0.8505286716958795,0.8150203477617461
971,0.8534240614659179,0.777674849467346
972,0.8577801714037263,0.7865032952752251
973,0.9384914959038143,0.8815543710992666
974,0.8210910926846751,0.7416735861241812
975,0.9141935179013152,0.8604131769960915
976,0.8911260001182926,0.8416763678696159
977,0.8787076538223388,0.8147890910774644
978,0.8706914760371273,0.8228273032450578
979,0.8894970929855611,0.8344903682589306
980,0.8596649885152389,0.78856407427836
981,0.8897516420230753,0.8418898809523809
982,0.8911260001182926,0.8416763678696159
983,0.8749877574263185,0.8242286877283871
984,0.8949376571042709,0.8602375960866527
985,0.8471970696175469,0.7875386818160824
986,0.8919005171036308,0.8344142403753277
987,0.8961896748979755,0.8522008221329269
988,0.863675810312493,0.8068610319139152
989,0.8896371207648477,0.8542074809786323
990,0.8923000003896276,0.8432095918837906
991,0.8909279139589723,0.8374864572047671
992,0.8871361437316463,0.8158548936562011
993,0.8692651551891035,0.8322460391425909
994,0.8392202605012227,0.7853501475717736
995,0.8078897184486437,0.7488901842966683
996,0.8682645784594325,0.817293198739323
997,0.8601515290390404,0.7864041604754829
998,0.9016854274517246,0.8442438957350313
999,0.8661278879919718,0.8138842359947888
