pmid,covariate,n,spearman_rho,pvalue
26802582,tumor_epithelial_fraction,427,-0.3139797880279994,3.187334318052143e-11
26802582,normal_urothelial_fraction,427,-0.26805509015484047,1.842912551651317e-08
26802582,immune_score,427,0.3666512634871586,4.935126061295553e-15
26802582,stromal_score,427,0.2740489204570151,8.56621349397391e-09
28400426,tumor_epithelial_fraction,427,-0.14345950068420327,0.002966994372894385
28400426,normal_urothelial_fraction,427,-0.7322935622005358,6.404642502666881e-73
28400426,immune_score,427,0.49749808796088923,4.413248008288483e-28
28400426,stromal_score,427,0.6575700564656516,3.1804881048466984e-54
29147616,tumor_epithelial_fraction,427,-0.4036782361088548,3.633927656137954e-18
29147616,normal_urothelial_fraction,427,-0.5951369315941613,2.8746908991640385e-42
29147616,immune_score,427,0.9094303834343582,4.779245512717789e-164
29147616,stromal_score,427,0.5962554860340223,1.8499221310033148e-42
30642841,tumor_epithelial_fraction,427,0.13900454974368964,0.004002672183411597
30642841,normal_urothelial_fraction,427,0.3721339836167302,1.795440874686543e-15
30642841,immune_score,427,-0.20985496246977808,1.2282615806594223e-05
30642841,stromal_score,427,-0.25670184736425294,7.476155272222254e-08
30846479,tumor_epithelial_fraction,427,-0.5132893268913311,4.495807881031299e-30
30846479,normal_urothelial_fraction,427,-0.4675492822108073,1.4106637824499747e-24
30846479,immune_score,427,0.6428961388986593,3.663586963563789e-51
30846479,stromal_score,427,0.6995427444396731,5.200119690250202e-64
31894276,tumor_epithelial_fraction,427,-0.17632653589685807,0.00025058989108918596
31894276,normal_urothelial_fraction,427,-0.5353654021570823,4.870171531538124e-33
31894276,immune_score,427,0.5287716801806702,3.9456365430546986e-32
31894276,stromal_score,427,0.8353590209866523,1.6603854115971373e-112
32096345,tumor_epithelial_fraction,427,-0.42590983313701725,3.030637871000596e-20
32096345,normal_urothelial_fraction,427,-0.5666954076226934,1.2156597576091706e-37
32096345,immune_score,427,0.9174521620299397,3.188906615680359e-172
32096345,stromal_score,427,0.6452822958896323,1.1954330786151986e-51
32117435,tumor_epithelial_fraction,427,-0.42926595886025515,1.425845465103796e-20
32117435,normal_urothelial_fraction,427,-0.45471526878445484,3.5376571437996645e-23
32117435,immune_score,427,0.6195866789522181,1.2488264184300178e-46
32117435,stromal_score,427,0.697370680340662,1.836937728722574e-63
32467671,tumor_epithelial_fraction,427,0.16222646126490828,0.000766180454992126
32467671,normal_urothelial_fraction,427,0.0836764111557656,0.0841588887710955
32467671,immune_score,427,-0.13918380822702417,0.003955374304991424
32467671,stromal_score,427,-0.18886923502097308,8.610280694884459e-05
32695477,tumor_epithelial_fraction,427,-0.4343224969550719,4.505547678151767e-21
32695477,normal_urothelial_fraction,427,-0.5672308710544253,1.0042175736307844e-37
32695477,immune_score,427,0.5153356171963603,2.437769733338476e-30
32695477,stromal_score,427,0.8590735465343,1.0952970161361477e-125
32763782,tumor_epithelial_fraction,427,-0.5614807274780905,7.675426792254232e-37
32763782,normal_urothelial_fraction,427,-0.4407710241840194,1.007837508531298e-21
32763782,immune_score,427,0.6079430466667016,1.6638786477621145e-44
32763782,stromal_score,427,0.8431334136271589,1.387442540494702e-116
32929335,tumor_epithelial_fraction,427,-0.3343656238025672,1.3002647309671958e-12
32929335,normal_urothelial_fraction,427,0.14333295621746409,0.0029926807701541333
32929335,immune_score,427,0.27931739356007346,4.30134097227344e-09
32929335,stromal_score,427,0.3352676191976433,1.1223456769851483e-12
33208770,tumor_epithelial_fraction,427,-0.14959867986839376,0.0019371488769527054
33208770,normal_urothelial_fraction,427,-0.01419085988275293,0.769984816638078
33208770,immune_score,427,0.11380462952373348,0.01865219566596523
33208770,stromal_score,427,0.2262462472090086,2.325965236763523e-06
33292266,tumor_epithelial_fraction,427,-0.294435835173443,5.48902713219287e-10
33292266,normal_urothelial_fraction,427,-0.34117960405299885,4.2273799275033247e-13
33292266,immune_score,427,0.17838176600587127,0.00021136617287575326
33292266,stromal_score,427,0.5700475258475936,3.654324267443561e-38
33313125,tumor_epithelial_fraction,427,-0.33196019999266313,1.9205824029483226e-12
33313125,normal_urothelial_fraction,427,-0.3681198574933591,3.7713252876646536e-15
33313125,immune_score,427,0.5662945036543761,1.4023086808390942e-37
33313125,stromal_score,427,0.3681939962126058,3.720330604534976e-15
33391264,tumor_epithelial_fraction,427,0.1855915637844225,0.00011460851989502938
33391264,normal_urothelial_fraction,427,-0.04293078834582491,0.376195218302232
33391264,immune_score,427,0.08941653598625612,0.06489448908400346
33391264,stromal_score,427,0.1407091237481577,0.003572923208095709
33392066,tumor_epithelial_fraction,427,-0.2937756768895894,6.020779153691097e-10
33392066,normal_urothelial_fraction,427,-0.36670120308182785,4.890307022303538e-15
33392066,immune_score,427,0.6504695400840773,1.0117016727782886e-52
33392066,stromal_score,427,0.45367254854390626,4.569042553391573e-23
33456631,tumor_epithelial_fraction,427,-0.4345541611858989,4.271923139527239e-21
33456631,normal_urothelial_fraction,427,-0.34924931849408075,1.0777565435704094e-13
33456631,immune_score,427,0.47697938820297303,1.2103643720379987e-25
33456631,stromal_score,427,0.7443371736470608,1.551440746190283e-76
33459039,tumor_epithelial_fraction,427,-0.1038860711380278,0.03185567580240693
33459039,normal_urothelial_fraction,427,-0.6171877287934748,3.4795368231385626e-46
33459039,immune_score,427,0.593349433201014,5.793819954622923e-42
33459039,stromal_score,427,0.5573876844643778,3.187156683397914e-36
33535616,tumor_epithelial_fraction,427,0.11447496068798264,0.017964072291038326
33535616,normal_urothelial_fraction,427,-0.16444584467121406,0.0006463101079498844
33535616,immune_score,427,0.014597620964025304,0.7635847593582321
33535616,stromal_score,427,-0.13768546625239408,0.0043667519945467985
33545950,tumor_epithelial_fraction,427,0.006614684275408849,0.8915947881132605
33545950,normal_urothelial_fraction,427,-0.2688965106711974,1.6568627396731566e-08
33545950,immune_score,427,0.20978683499803785,1.2364587230373901e-05
33545950,stromal_score,427,0.27077201989322175,1.3052500796782386e-08
33837006,tumor_epithelial_fraction,427,-0.10340702095212612,0.032657694279834386
33837006,normal_urothelial_fraction,427,-0.4596486533726644,1.0418792001366175e-23
33837006,immune_score,427,0.5320172914305197,1.4170598108684234e-32
33837006,stromal_score,427,0.36310431918922764,9.396103683477875e-15
33925460,tumor_epithelial_fraction,427,-0.012459158197229954,0.7974018436886636
33925460,normal_urothelial_fraction,427,0.3704796574760344,2.440918755524881e-15
33925460,immune_score,427,-0.05354295221304847,0.2696108522458989
33925460,stromal_score,427,-0.23064863826747833,1.45549193633539e-06
33937319,tumor_epithelial_fraction,427,-0.5124580792553698,5.7580388760868555e-30
33937319,normal_urothelial_fraction,427,-0.6738588417281689,7.882252845291252e-58
33937319,immune_score,427,0.8348496062941152,3.0196676993916725e-112
33937319,stromal_score,427,0.7820144399413179,2.680139560309527e-89
33962639,tumor_epithelial_fraction,427,0.16862196620815748,0.0004665249888790929
33962639,normal_urothelial_fraction,427,-0.1237054624360226,0.010509813758353557
33962639,immune_score,427,0.03563251733474233,0.46271447781157543
33962639,stromal_score,427,0.1504686152767686,0.0018212271155810548
33985530,tumor_epithelial_fraction,427,-0.24023966073135614,5.073507124749922e-07
33985530,normal_urothelial_fraction,427,-0.32669681332980266,4.456185759265908e-12
33985530,immune_score,427,0.2422486504749348,4.0453447354517874e-07
33985530,stromal_score,427,0.4256240676786319,3.230337443677334e-20
34095228,tumor_epithelial_fraction,427,-0.07184149789190174,0.13831499730007993
34095228,normal_urothelial_fraction,427,0.3923889591571183,3.613487264275344e-17
34095228,immune_score,427,-0.20415306300804675,2.1272059228052813e-05
34095228,stromal_score,427,-0.2051754374878041,1.9298592808629273e-05
34112144,tumor_epithelial_fraction,427,-0.4689270909662048,9.900467746507895e-25
34112144,normal_urothelial_fraction,427,-0.6658227286193027,5.059098065400476e-56
34112144,immune_score,427,0.7854676704319683,1.3528192378346517e-90
34112144,stromal_score,427,0.8265873777982742,3.740908514176386e-108
34266411,tumor_epithelial_fraction,427,-0.390761298293823,4.9960138063608597e-17
34266411,normal_urothelial_fraction,427,-0.6220514445644297,4.3176379519384484e-47
34266411,immune_score,427,0.9570776890545047,1.04308984937909e-230
34266411,stromal_score,427,0.5301108011636542,2.589445908246683e-32
34329197,tumor_epithelial_fraction,427,-0.2857392555116204,1.8209826648699668e-09
34329197,normal_urothelial_fraction,427,-0.5892429804813252,2.8513748995044677e-41
34329197,immune_score,427,0.7163004070076966,2.0653272538923692e-68
34329197,stromal_score,427,0.6484267948737313,2.690871574175777e-52
34339395,tumor_epithelial_fraction,427,-0.002110872682086082,0.9653099688557796
34339395,normal_urothelial_fraction,427,-0.39675774888337223,1.501099860044238e-17
34339395,immune_score,427,0.44138355489147535,8.72748247976869e-22
34339395,stromal_score,427,0.17257705879832388,0.00034020341270075006
34368227,tumor_epithelial_fraction,427,-0.41416940435319133,3.968687120160415e-19
34368227,normal_urothelial_fraction,427,-0.43031268659914135,1.1251012780309859e-20
34368227,immune_score,427,0.41190193096683364,6.447462645511456e-19
34368227,stromal_score,427,0.6854926094023925,1.500929673169047e-60
34404901,tumor_epithelial_fraction,427,-0.1841840070605955,0.0001293919803500272
34404901,normal_urothelial_fraction,427,-0.5546571908854692,8.149597679476659e-36
34404901,immune_score,427,0.7540118911723751,1.3661736773970247e-79
34404901,stromal_score,427,0.38891661598208827,7.196805289724815e-17
34418989,tumor_epithelial_fraction,427,-0.059104280963858835,0.2229143578121023
34418989,normal_urothelial_fraction,427,-0.39467338734413526,2.2863290503667704e-17
34418989,immune_score,427,0.1524034663011006,0.00158583176995039
34418989,stromal_score,427,0.28891982198075844,1.180005427509175e-09
34422642,tumor_epithelial_fraction,427,-0.2259017564865214,2.411923300476803e-06
34422642,normal_urothelial_fraction,427,0.08406667984003299,0.0827173520087428
34422642,immune_score,427,0.19009229268671626,7.729153058171866e-05
34422642,stromal_score,427,0.10668438391957381,0.02749931773954918
34426176,tumor_epithelial_fraction,427,-0.42682492996896654,2.4695014111982277e-20
34426176,normal_urothelial_fraction,427,-0.5268130924354153,7.280754120200701e-32
34426176,immune_score,427,0.967938626087766,3.98318649363812e-257
34426176,stromal_score,427,0.48967221438019876,3.9278333162196605e-27
34490263,tumor_epithelial_fraction,427,-0.25916245134357546,5.550024116043111e-08
34490263,normal_urothelial_fraction,427,-0.5013489855942765,1.474087615590533e-28
34490263,immune_score,427,0.37761315865161865,6.4107803908699e-16
34490263,stromal_score,427,0.6328662953668077,3.6461217406760864e-49
34512654,tumor_epithelial_fraction,427,-0.22255503297092188,3.4212731164348448e-06
34512654,normal_urothelial_fraction,427,-0.09928931641018163,0.04028955480898385
34512654,immune_score,427,0.2876793471107016,1.398466233413321e-09
34512654,stromal_score,427,0.20743088837914878,1.5541658309313663e-05
34512722,tumor_epithelial_fraction,427,-0.607828678829527,1.7440361553186037e-44
34512722,normal_urothelial_fraction,427,-0.23373364131471838,1.0421094235773492e-06
34512722,immune_score,427,0.5088020076950134,1.6961112544509192e-29
34512722,stromal_score,427,0.7321183112155389,7.205369536591036e-73
34521394,tumor_epithelial_fraction,427,-0.025333709010613395,0.6016393761528643
34521394,normal_urothelial_fraction,427,-0.1725026118099743,0.0003422532815209807
34521394,immune_score,427,0.009588093907400275,0.8433956535975978
34521394,stromal_score,427,0.0389912633453548,0.4215942641120112
34530089,tumor_epithelial_fraction,427,-0.27026460894985355,1.3925106791167438e-08
34530089,normal_urothelial_fraction,427,-0.6845701141119738,2.492939346166586e-60
34530089,immune_score,427,0.8521196121111533,1.3876317073906615e-121
34530089,stromal_score,427,0.5739142993397801,8.978006374911708e-39
34644219,tumor_epithelial_fraction,427,0.14764024625769015,0.002223217206839992
34644219,normal_urothelial_fraction,427,-0.09153372818495159,0.058774612112158925
34644219,immune_score,427,0.31286801550840204,3.7689833782869266e-11
34644219,stromal_score,427,-0.0705785193773334,0.14539981211893124
34706720,tumor_epithelial_fraction,427,-0.2871330942603684,1.506685209399046e-09
34706720,normal_urothelial_fraction,427,-0.6506500316438234,9.27592136910726e-53
34706720,immune_score,427,0.915144459525654,8.673084850350726e-170
34706720,stromal_score,427,0.4879123060717608,6.3724660543061215e-27
34803395,tumor_epithelial_fraction,427,0.2857377141661058,1.8213631797769035e-09
34803395,normal_urothelial_fraction,427,-0.506321212089451,3.504285601249878e-29
34803395,immune_score,427,0.5504795280030111,3.370826101292673e-35
34803395,stromal_score,427,0.09186820016159467,0.057852943673057246
34849009,tumor_epithelial_fraction,427,-0.3122403796149041,4.1417769330194424e-11
34849009,normal_urothelial_fraction,427,-0.6590870487210069,1.5002929621444666e-54
34849009,immune_score,427,0.918080260327092,6.740307355042313e-173
34849009,stromal_score,427,0.47350750743159736,3.0159637093458613e-25
34901008,tumor_epithelial_fraction,427,-0.11661511893484393,0.015913237665589042
34901008,normal_urothelial_fraction,427,-0.5248600535340124,1.335863013711778e-31
34901008,immune_score,427,0.3827495384440857,2.3982228420842344e-16
34901008,stromal_score,427,0.43226325934772103,7.219648037752118e-21
35023971,tumor_epithelial_fraction,427,-0.1767209662140146,0.000242570978299417
35023971,normal_urothelial_fraction,427,-0.3363556549963177,9.392091775200042e-13
35023971,immune_score,427,0.5106345133771836,9.885523330422692e-30
35023971,stromal_score,427,0.2465784441596723,2.4662519267961107e-07
35027921,tumor_epithelial_fraction,427,0.03673365457028983,0.4489936032539017
35027921,normal_urothelial_fraction,427,-0.1232085326421529,0.010827071442977912
35027921,immune_score,427,0.11167803511739967,0.020989548272334235
35027921,stromal_score,427,0.18716573995836516,9.996089598666819e-05
35125116,tumor_epithelial_fraction,427,-0.4029584277535907,4.2181720104252485e-18
35125116,normal_urothelial_fraction,427,-0.3230139223574941,7.95369516658944e-12
35125116,immune_score,427,0.24560138523804076,2.75986992427062e-07
35125116,stromal_score,427,0.56296303945937,4.56095681853152e-37
35127296,tumor_epithelial_fraction,427,-0.268881251350604,1.6600689404938296e-08
35127296,normal_urothelial_fraction,427,-0.23567619906662282,8.423986410459348e-07
35127296,immune_score,427,0.39902676361524436,9.462776846148934e-18
35127296,stromal_score,427,0.5432355123540384,3.771986594504825e-34
35169299,tumor_epithelial_fraction,427,-0.18475877480294667,0.00012315109292824065
35169299,normal_urothelial_fraction,427,0.4447164062974445,3.968094476757382e-22
35169299,immune_score,427,-0.020226768917472968,0.676837172752531
35169299,stromal_score,427,-0.12136970744337326,0.012076049326964653
35205125,tumor_epithelial_fraction,427,0.03138672698054421,0.5177401451950355
35205125,normal_urothelial_fraction,427,-0.6914850524936041,5.306203393280542e-62
35205125,immune_score,427,0.5316282558226639,1.6030596224385162e-32
35205125,stromal_score,427,0.5352185119295518,5.1050872273989836e-33
35265613,tumor_epithelial_fraction,427,-0.18575217198703173,0.00011302644909388262
35265613,normal_urothelial_fraction,427,0.24213459090686298,4.0979119688197773e-07
35265613,immune_score,427,0.16718358257404084,0.0005224064947179223
35265613,stromal_score,427,0.09868233454657778,0.04153300775024081
35281080,tumor_epithelial_fraction,427,-0.4036098003680116,3.6858610535244654e-18
35281080,normal_urothelial_fraction,427,0.20706620603042183,1.6097944693375825e-05
35281080,immune_score,427,0.12123653519092184,0.012171258941865286
35281080,stromal_score,427,0.31332980262454146,3.515800036548003e-11
35299749,tumor_epithelial_fraction,427,-0.08465362421194857,0.08058696781632346
35299749,normal_urothelial_fraction,427,0.21733619119342992,5.838585679267411e-06
35299749,immune_score,427,0.08908560910429637,0.06589680056272101
35299749,stromal_score,427,-0.06840876729659402,0.15821305838356614
35300137,tumor_epithelial_fraction,427,-0.2500461632981588,1.648124156654105e-07
35300137,normal_urothelial_fraction,427,-0.41412932936981467,4.002998346839164e-19
35300137,immune_score,427,0.3752427233848934,1.00333835155289e-15
35300137,stromal_score,427,0.6448013960891132,1.499334892381942e-51
35309900,tumor_epithelial_fraction,427,-0.0570912837219425,0.23910163769388867
35309900,normal_urothelial_fraction,427,-0.5620596568533308,6.265468994808217e-37
35309900,immune_score,427,0.5052965255914219,4.7208246896353393e-29
35309900,stromal_score,427,0.5427922213840728,4.364433262455649e-34
35480865,tumor_epithelial_fraction,427,0.07463611144421302,0.1235831526162012
35480865,normal_urothelial_fraction,427,0.1478951848057858,0.0021839116386694886
35480865,immune_score,427,-0.05124742633832719,0.29070976888399297
35480865,stromal_score,427,-0.019705794133577318,0.6847088848360553
35593896,tumor_epithelial_fraction,427,-0.3373357966089782,7.994816849706414e-13
35593896,normal_urothelial_fraction,427,-0.5754952574339864,5.030290329172325e-39
35593896,immune_score,427,0.5477342375071634,8.476668693127536e-35
35593896,stromal_score,427,0.8935401901218866,6.822051877942833e-150
35626146,tumor_epithelial_fraction,427,-0.12012923257331641,0.012988920088169495
35626146,normal_urothelial_fraction,427,-0.1395793174860408,0.0038528021616749163
35626146,immune_score,427,0.046772129637022375,0.334949227682515
35626146,stromal_score,427,0.011154563353770547,0.818224543208722
35646934,tumor_epithelial_fraction,427,-0.3214058365822328,1.0217917118663414e-11
35646934,normal_urothelial_fraction,427,-0.3076406963305804,8.21200016819254e-11
35646934,immune_score,427,0.7517698499870064,7.179368927646672e-79
35646934,stromal_score,427,0.33455844612642915,1.260051066843747e-12
35669725,tumor_epithelial_fraction,427,0.11146979933839285,0.021231540482482162
35669725,normal_urothelial_fraction,427,-0.5784484754397381,1.6902620535738942e-39
35669725,immune_score,427,0.47084714507359765,6.02844671884708e-25
35669725,stromal_score,427,0.3853613484183791,1.444929492814099e-16
35730624,tumor_epithelial_fraction,427,0.22070048604789452,4.143027007401394e-06
35730624,normal_urothelial_fraction,427,-0.29575877202852474,4.5573404322493024e-10
35730624,immune_score,427,0.06816893393454028,0.15968009726251328
35730624,stromal_score,427,0.00467012277433561,0.9233450880974042
35804889,tumor_epithelial_fraction,427,-0.34007569239552526,5.080900627073681e-13
35804889,normal_urothelial_fraction,427,-0.369697887031088,2.820451276324096e-15
35804889,immune_score,427,0.3997715417678432,8.126548330351738e-18
35804889,stromal_score,427,0.7321619312935989,6.997226684879311e-73
35846128,tumor_epithelial_fraction,427,-0.25578351370672325,8.348808343573808e-08
35846128,normal_urothelial_fraction,427,-0.030806718663443814,0.52551059372967
35846128,immune_score,427,0.18261106396306442,0.0001480237639120758
35846128,stromal_score,427,0.2790354814654743,4.464508640521363e-09
35918812,tumor_epithelial_fraction,427,-0.09890675445348666,0.041069543218357
35918812,normal_urothelial_fraction,427,-0.16459504691701612,0.0006389106651936857
35918812,immune_score,427,0.21127731611054407,1.0684749183780449e-05
35918812,stromal_score,427,0.47138661600366716,5.241139680148611e-25
35949618,tumor_epithelial_fraction,427,-0.30631375197716093,9.98273049416812e-11
35949618,normal_urothelial_fraction,427,-0.11090227591995978,0.02190339496603444
35949618,immune_score,427,0.20952927616256756,1.2679209075370842e-05
35949618,stromal_score,427,0.4390145068357132,1.52027107627948e-21
35958598,tumor_epithelial_fraction,427,-0.3747921880910097,1.092048971532097e-15
35958598,normal_urothelial_fraction,427,-0.4032549826305774,3.967050364898668e-18
35958598,immune_score,427,0.36638414830949845,5.1817805756678e-15
35958598,stromal_score,427,0.7446949199409726,1.2028905672920893e-76
36158580,tumor_epithelial_fraction,427,-0.1612239701422878,0.0008268034842118632
36158580,normal_urothelial_fraction,427,-0.298510073771879,3.0858701567884806e-10
36158580,immune_score,427,0.270846004477917,1.2929775066653719e-08
36158580,stromal_score,427,0.34694130772069215,1.5996772188716143e-13
36211359,tumor_epithelial_fraction,427,-0.04661244624172182,0.3366037187978787
36211359,normal_urothelial_fraction,427,-0.32702203723335876,4.232341630403328e-12
36211359,immune_score,427,0.1967829652959892,4.2307566840770055e-05
36211359,stromal_score,427,0.36095660834934534,1.3822919239323521e-14
36211821,tumor_epithelial_fraction,427,-0.24096332245040641,4.6771363156809006e-07
36211821,normal_urothelial_fraction,427,0.0004502270247808283,0.9925987612668933
36211821,immune_score,427,0.37796504783257534,5.996478291852791e-16
36211821,stromal_score,427,0.1610556552121061,0.0008374064162698207
36300085,tumor_epithelial_fraction,427,-0.2814011385611046,3.2622664246767674e-09
36300085,normal_urothelial_fraction,427,-0.6209436795431698,6.967249067972955e-47
36300085,immune_score,427,0.6048347693021927,5.936505474368862e-44
36300085,stromal_score,427,0.8112921438543934,4.0337981707265516e-101
36358715,tumor_epithelial_fraction,427,0.12472860758853718,0.009882435542825618
36358715,normal_urothelial_fraction,427,-0.28460575002026867,2.1226974814801885e-09
36358715,immune_score,427,0.3204528226506272,1.1844940733549239e-11
36358715,stromal_score,427,0.11032380894837386,0.022607097713177392
36428492,tumor_epithelial_fraction,427,-0.012639187353321708,0.7945392789340366
36428492,normal_urothelial_fraction,427,-0.49756744850904105,4.32746900913962e-28
36428492,immune_score,427,0.34582706904827154,1.9334335228768923e-13
36428492,stromal_score,427,0.1232196303298572,0.010819894691125346
36455365,tumor_epithelial_fraction,427,-0.492578883751413,1.7554323055525868e-27
36455365,normal_urothelial_fraction,427,-0.24836131851627613,2.006157476880421e-07
36455365,immune_score,427,0.2215258765709008,3.805464237207861e-06
36455365,stromal_score,427,0.47920015882024186,6.71282361317183e-26
36468020,tumor_epithelial_fraction,427,-0.07370791317539062,0.12833435789030975
36468020,normal_urothelial_fraction,427,-0.21179305031969045,1.0155846449571652e-05
36468020,immune_score,427,0.5682954784012794,6.86100632589918e-38
36468020,stromal_score,427,0.05028485606453181,0.2998779288000844
36505302,tumor_epithelial_fraction,427,0.02264082426225809,0.6408305411833719
36505302,normal_urothelial_fraction,427,-0.1061014470459959,0.028362003041844448
36505302,immune_score,427,0.31539890484318506,2.5707832034609702e-11
36505302,stromal_score,427,0.2168525169709848,6.131062227260561e-06
36527532,tumor_epithelial_fraction,427,-0.018679103886379403,0.7003213426501959
36527532,normal_urothelial_fraction,427,-0.4625434543834171,5.037977258781703e-24
36527532,immune_score,427,0.4304364566439544,1.0939634535013555e-20
36527532,stromal_score,427,0.41769384500661083,1.8530419819336477e-19
36568387,tumor_epithelial_fraction,427,-0.3326413205755137,1.720344881122413e-12
36568387,normal_urothelial_fraction,427,-0.37771719947384624,6.285444456462829e-16
36568387,immune_score,427,0.5650239725467867,2.202283113365368e-37
36568387,stromal_score,427,0.7261286425462534,3.8218288602201864e-71
36620542,tumor_epithelial_fraction,427,-0.46225892200144336,5.412606837320328e-24
36620542,normal_urothelial_fraction,427,-0.284093715040357,2.2744033750861866e-09
36620542,immune_score,427,0.47185518504007035,4.640305828640336e-25
36620542,stromal_score,427,0.6083555107263776,1.4039726021067662e-44
36973645,tumor_epithelial_fraction,427,-0.5983853172659366,7.953447322486793e-43
36973645,normal_urothelial_fraction,427,-0.5643343745636066,2.8113589577399814e-37
36973645,immune_score,427,0.6921882143173118,3.565521594915995e-62
36973645,stromal_score,427,0.7569295040967423,1.5348952417286673e-80
37138324,tumor_epithelial_fraction,427,0.4983227078111383,3.4937098581071007e-28
37138324,normal_urothelial_fraction,427,-0.22892895907696834,1.749934206529105e-06
37138324,immune_score,427,0.10396498802836938,0.031725181939602894
37138324,stromal_score,427,0.04979193376899978,0.30464644441606814
37152941,tumor_epithelial_fraction,427,0.3495301516468198,1.0269639686668915e-13
37152941,normal_urothelial_fraction,427,-0.3315067361423019,2.0663422630179847e-12
37152941,immune_score,427,0.08210408459644028,0.09017305269531362
37152941,stromal_score,427,0.008652959583762727,0.8585001258436655
37244876,tumor_epithelial_fraction,427,-0.07301507836662999,0.1319721042014935
37244876,normal_urothelial_fraction,427,-0.405419648271119,2.5297719008141826e-18
37244876,immune_score,427,0.6067665376354958,2.6973037535869363e-44
37244876,stromal_score,427,0.3832006902761752,2.1979660744690681e-16
37301098,tumor_epithelial_fraction,427,-0.1588808166911689,0.0009861956174116607
37301098,normal_urothelial_fraction,427,-0.3982824478663,1.101345756216477e-17
37301098,immune_score,427,0.28942538330950923,1.1008204059535053e-09
37301098,stromal_score,427,0.5355583786154956,4.577740712845291e-33
37379131,tumor_epithelial_fraction,427,-0.0596873719719882,0.2183749642952598
37379131,normal_urothelial_fraction,427,-0.6823088061076741,8.578560460811454e-60
37379131,immune_score,427,0.5973694164373402,1.1905828011760221e-42
37379131,stromal_score,427,0.5889209934033495,3.2277770255686717e-41
37423913,tumor_epithelial_fraction,427,-0.1895921260672662,8.078694081492634e-05
37423913,normal_urothelial_fraction,427,0.05564688884031938,0.251214433457532
37423913,immune_score,427,0.0662134288803142,0.17202648625051004
37423913,stromal_score,427,0.31568004626502694,2.463262055951423e-11
37455996,tumor_epithelial_fraction,427,-0.0815811060633758,0.09224817829652095
37455996,normal_urothelial_fraction,427,-0.2872644168982025,1.4799491285868652e-09
37455996,immune_score,427,0.16752822743107948,0.0005084774796439607
37455996,stromal_score,427,0.24990528431813497,1.675530038963132e-07
37578544,tumor_epithelial_fraction,427,-0.09256242218131833,0.05597813165578697
37578544,normal_urothelial_fraction,427,-0.3484582999760475,1.234415295192129e-13
37578544,immune_score,427,0.6940093140426749,1.2665934674700064e-62
37578544,stromal_score,427,0.14574331233301446,0.00253657799221322
37588995,tumor_epithelial_fraction,427,-0.4843887902256499,1.6650130966071744e-26
37588995,normal_urothelial_fraction,427,-0.4963551802618993,6.094537669302319e-28
37588995,immune_score,427,0.8836216317361808,3.757936657178667e-142
37588995,stromal_score,427,0.549579228088001,4.565434226719227e-35
37594617,tumor_epithelial_fraction,427,-0.4481334151685045,1.7526419369732542e-22
37594617,normal_urothelial_fraction,427,-0.5411056811221242,7.58786062695051e-34
37594617,immune_score,427,0.5107052611362983,9.680984963664396e-30
37594617,stromal_score,427,0.9392047088722006,2.027607757219153e-199
37701108,tumor_epithelial_fraction,427,0.30467483929160993,1.2688169042625078e-10
37701108,normal_urothelial_fraction,427,-0.1776582584213724,0.0002244675671223027
37701108,immune_score,427,0.016414404921947803,0.7352008571217714
37701108,stromal_score,427,-0.15555613441642654,0.0012613267772005202
37740761,tumor_epithelial_fraction,427,0.3394193874754579,5.665979548147876e-13
37740761,normal_urothelial_fraction,427,-0.24868700482348666,1.9315669035407184e-07
37740761,immune_score,427,0.01289705445789491,0.7904438543296528
37740761,stromal_score,427,-0.15500880262423322,0.0013128717608066665
37745978,tumor_epithelial_fraction,427,-0.5071063734945293,2.7869971647159525e-29
37745978,normal_urothelial_fraction,427,-0.4286158193222457,1.6511759560270114e-20
37745978,immune_score,427,0.5543849892676112,8.944930114318822e-36
37745978,stromal_score,427,0.8707156374743019,4.49228291001265e-133
37747262,tumor_epithelial_fraction,427,-0.46900200035820866,9.711260105927163e-25
37747262,normal_urothelial_fraction,427,-0.64757319772781,4.040678426655411e-52
37747262,immune_score,427,0.7964261746362964,7.098456448982973e-95
37747262,stromal_score,427,0.7676850130968128,3.6859464986836717e-84
37780567,tumor_epithelial_fraction,427,-0.05808591398243914,0.23100301817544233
37780567,normal_urothelial_fraction,427,0.28707976370556726,1.5176762270103069e-09
37780567,immune_score,427,-0.0946712911142356,0.050589717691153405
37780567,stromal_score,427,-0.07193721544835122,0.13778905903586786
37807731,tumor_epithelial_fraction,427,0.07301230394470393,0.13198682976514645
37807731,normal_urothelial_fraction,427,0.09249861047701868,0.05614832992774611
37807731,immune_score,427,-0.054011983653106006,0.26543201595733157
37807731,stromal_score,427,-0.12298041350600925,0.010975530632158418
37845668,tumor_epithelial_fraction,427,-0.4667205007276692,1.744145918554824e-24
37845668,normal_urothelial_fraction,427,-0.25510408860393863,9.056867879434253e-08
37845668,immune_score,427,0.4647101237731275,2.9113332316624354e-24
37845668,stromal_score,427,0.5941330532605777,4.2634879146205106e-42
37849225,tumor_epithelial_fraction,427,-0.04281672877775308,0.3774658346431426
37849225,normal_urothelial_fraction,427,-0.1613485108598581,0.000819038128235254
37849225,immune_score,427,0.4048513541799287,2.8478342173753594e-18
37849225,stromal_score,427,0.26335090364463476,3.318774348134855e-08
37876438,tumor_epithelial_fraction,427,0.18853164597437846,8.869657096213864e-05
37876438,normal_urothelial_fraction,427,-0.0675792594780134,0.1633306442106857
37876438,immune_score,427,-0.07834077108076379,0.105970719851543
37876438,stromal_score,427,0.03498753255557645,0.4708583900213453
37919060,tumor_epithelial_fraction,427,-0.295055610204817,5.031539782703457e-10
37919060,normal_urothelial_fraction,427,-0.34371573396253113,2.7629620000827566e-13
37919060,immune_score,427,0.27152712506076754,1.1851187819133713e-08
37919060,stromal_score,427,0.44884397545068166,1.4770330479622618e-22
37965307,tumor_epithelial_fraction,427,-0.08048474699892322,0.09672242594226974
37965307,normal_urothelial_fraction,427,-0.3526937633152985,5.941923269089681e-14
37965307,immune_score,427,0.5461401779760838,1.4423760092354207e-34
37965307,stromal_score,427,0.49420145817451056,1.1160239247043622e-27
37968767,tumor_epithelial_fraction,427,-0.0948365233533883,0.050186477893007876
37968767,normal_urothelial_fraction,427,-0.7663668544128259,1.0485913735255802e-83
37968767,immune_score,427,0.5929886042160731,6.670774157692062e-42
37968767,stromal_score,427,0.5925016931680476,8.06591982993077e-42
38017469,tumor_epithelial_fraction,427,-0.18206511938183412,0.00015505896668623054
38017469,normal_urothelial_fraction,427,-0.11898185497233438,0.013886879515511957
38017469,immune_score,427,0.1948929674261287,5.0262795203541416e-05
38017469,stromal_score,427,0.11548038036708068,0.01697352083409162
38049825,tumor_epithelial_fraction,427,-0.2303235684984736,1.50723863310606e-06
38049825,normal_urothelial_fraction,427,-0.23394403497744548,1.0184617969638976e-06
38049825,immune_score,427,0.3079680781178568,7.824588383396088e-11
38049825,stromal_score,427,0.4761848245902564,1.4930013780650213e-25
38073378,tumor_epithelial_fraction,427,-0.22173287927349605,3.725020734563861e-06
38073378,normal_urothelial_fraction,427,-0.1251956352794259,0.009607281106399098
38073378,immune_score,427,0.14024271259547477,0.0036861508086152273
38073378,stromal_score,427,0.3277302854972643,3.7822059102550984e-12
38172584,tumor_epithelial_fraction,427,0.3423875565327001,3.453905749183627e-13
38172584,normal_urothelial_fraction,427,-0.4618996343620171,5.9251479662140245e-24
38172584,immune_score,427,0.2998149768844413,2.56115381959128e-10
38172584,stromal_score,427,0.23144967553135573,1.3351422534510078e-06
38183115,tumor_epithelial_fraction,427,-0.0015132930261205658,0.975126781888834
38183115,normal_urothelial_fraction,427,0.2252129291760984,2.593001375502226e-06
38183115,immune_score,427,-0.0052946759768046,0.913131806123434
38183115,stromal_score,427,0.2824099492003345,2.8511734153701792e-09
38217031,tumor_epithelial_fraction,427,0.04242121951873644,0.38189216211547977
38217031,normal_urothelial_fraction,427,-0.3496591622663821,1.0044237218483767e-13
38217031,immune_score,427,0.259846654617455,5.105997949388789e-08
38217031,stromal_score,427,0.44810412960372936,1.7650289704175534e-22
38273010,tumor_epithelial_fraction,427,-0.06103990266094807,0.20810118109444883
38273010,normal_urothelial_fraction,427,0.49308737363664135,1.5235302055068818e-27
38273010,immune_score,427,-0.13073446038572478,0.00682644238913313
38273010,stromal_score,427,-0.1573266780089145,0.0011070695557394321
38282152,tumor_epithelial_fraction,427,0.21408780552165452,8.090115295589992e-06
38282152,normal_urothelial_fraction,427,-0.0859958278859614,0.0758819628952486
38282152,immune_score,427,0.025039466151898365,0.6058689594415009
38282152,stromal_score,427,-0.05362788035089656,0.268850868928854
38305808,tumor_epithelial_fraction,427,-0.6029432300868178,1.2785996506284102e-43
38305808,normal_urothelial_fraction,427,-0.16057352233517544,0.0008684777548192013
38305808,immune_score,427,0.3803054268617681,3.837298590107235e-16
38305808,stromal_score,427,0.7433793815443605,3.059804970956151e-76
38332160,tumor_epithelial_fraction,427,0.1982549502623216,3.69527647183289e-05
38332160,normal_urothelial_fraction,427,-0.14219775524604655,0.0032323095203318484
38332160,immune_score,427,0.11025845589855973,0.02268781716819717
38332160,stromal_score,427,0.06772533469547173,0.1624205348086294
38333832,tumor_epithelial_fraction,427,0.06283726566538807,0.19499525389045783
38333832,normal_urothelial_fraction,427,-0.28103383592500303,3.4257780850241998e-09
38333832,immune_score,427,0.17947612132115506,0.00019290238853447524
38333832,stromal_score,427,0.1800817159737959,0.00018334534233871867
38356551,tumor_epithelial_fraction,427,-0.3017424294503038,1.9414835073354027e-10
38356551,normal_urothelial_fraction,427,-0.7399004105836181,3.5163513916856834e-75
38356551,immune_score,427,0.6960819613560018,3.863299396650212e-63
38356551,stromal_score,427,0.7265016481607587,2.9937245450029053e-71
38387404,tumor_epithelial_fraction,427,0.20626686424661037,1.7384137218073938e-05
38387404,normal_urothelial_fraction,427,-0.39926921726467274,9.00564378615014e-18
38387404,immune_score,427,0.4018158283237035,5.3404821936938126e-18
38387404,stromal_score,427,-0.0048352008789368656,0.9206442811629092
38507521,tumor_epithelial_fraction,427,0.20238359835741893,2.5147492850650063e-05
38507521,normal_urothelial_fraction,427,-0.06037188351497063,0.21313093117113135
38507521,immune_score,427,0.08951903546296933,0.06458659289973412
38507521,stromal_score,427,-0.07229850683694629,0.13581770968024964
38570787,tumor_epithelial_fraction,427,0.019258187396171113,0.6914994362404144
38570787,normal_urothelial_fraction,427,0.16800049569671746,0.0004899502558853527
38570787,immune_score,427,-0.18994987236117794,7.827204450528577e-05
38570787,stromal_score,427,-0.17779852086319045,0.00022186976822830172
38714517,tumor_epithelial_fraction,427,-0.5312359833892277,1.8150414032296745e-32
38714517,normal_urothelial_fraction,427,-0.6426832790831091,4.0465463694258355e-51
38714517,immune_score,427,0.6936323009298321,1.5702456282007705e-62
38714517,stromal_score,427,0.8440557547830263,4.4023240554556675e-117
38735911,tumor_epithelial_fraction,427,0.021105644129831846,0.6636374978868066
38735911,normal_urothelial_fraction,427,-0.23386650529806693,1.0271153875150944e-06
38735911,immune_score,427,0.10184717929146812,0.03538960235417778
38735911,stromal_score,427,0.19287488374401457,6.030645415313343e-05
39033098,tumor_epithelial_fraction,427,-0.3077846580016332,8.039392046183047e-11
39033098,normal_urothelial_fraction,427,-0.5478863683094429,8.056172147130664e-35
39033098,immune_score,427,0.9068218102856452,1.4959921462714332e-161
39033098,stromal_score,427,0.41039819428290286,8.87700233781537e-19
39033778,tumor_epithelial_fraction,427,-0.2971014381061919,3.7696337472262514e-10
39033778,normal_urothelial_fraction,427,-0.6006836175625839,3.175918245220634e-43
39033778,immune_score,427,0.4993697438191274,2.594468640481305e-28
39033778,stromal_score,427,0.8452654027427936,9.658806663685021e-118
39115575,tumor_epithelial_fraction,427,0.04745032166339541,0.3279807235929365
39115575,normal_urothelial_fraction,427,-0.1799893893774783,0.00018477313771789113
39115575,immune_score,427,0.08430589666388094,0.0818436583835488
39115575,stromal_score,427,-0.01075211803993873,0.8246746059089701
39160525,tumor_epithelial_fraction,427,-0.26570700439807526,2.4753811916750407e-08
39160525,normal_urothelial_fraction,427,-0.37336767656652337,1.426276995787477e-15
39160525,immune_score,427,0.53676771830616,3.102581329834222e-33
39160525,stromal_score,427,0.653217913270954,2.680785649763275e-53
39269596,tumor_epithelial_fraction,427,0.4344950297961844,4.3303945884196116e-21
39269596,normal_urothelial_fraction,427,-0.15945644881260226,0.0009446051745179707
39269596,immune_score,427,0.11517181524340063,0.017272316182940815
39269596,stromal_score,427,-0.009188278441570235,0.8498468660696415
39343809,tumor_epithelial_fraction,427,-0.29969506020341447,2.6054991097261484e-10
39343809,normal_urothelial_fraction,427,-0.5411408237998543,7.5011573480964335e-34
39343809,immune_score,427,0.4552499615434294,3.101643954995002e-23
39343809,stromal_score,427,0.5534013025602674,1.251448493809794e-35
39368544,tumor_epithelial_fraction,427,0.08626433027458454,0.07496809198283844
39368544,normal_urothelial_fraction,427,-0.518323207207085,9.900412570827369e-31
39368544,immune_score,427,0.2753720114466483,7.215203036029024e-09
39368544,stromal_score,427,0.4667832334901087,1.7163893666319107e-24
39380003,tumor_epithelial_fraction,427,-0.12561611433577718,0.00936539608306305
39380003,normal_urothelial_fraction,427,-0.3513441611828162,7.509758663075279e-14
39380003,immune_score,427,0.4626538147222541,4.899663116192321e-24
39380003,stromal_score,427,0.39960661779779333,8.405440243507922e-18
39432593,tumor_epithelial_fraction,427,0.0050885980815180655,0.9165002893146152
39432593,normal_urothelial_fraction,427,0.10588288425204205,0.028691389360770772
39432593,immune_score,427,0.08927272844975476,0.06532850287191704
39432593,stromal_score,427,-0.08234592170766286,0.0892262086545667
39503984,tumor_epithelial_fraction,427,-0.2832237796319822,2.556599421034926e-09
39503984,normal_urothelial_fraction,427,-0.43222287609524157,7.28647892573658e-21
39503984,immune_score,427,0.3411282772473665,4.2637513914498897e-13
39503984,stromal_score,427,0.6790090936302663,5.104007490928714e-59
39507864,tumor_epithelial_fraction,427,-0.20644488965353325,1.7089505372976118e-05
39507864,normal_urothelial_fraction,427,0.005832297292256682,0.9043514883723511
39507864,immune_score,427,0.25560117253235975,8.533407211050359e-08
39507864,stromal_score,427,0.31476510356762916,2.830243428107181e-11
39695796,tumor_epithelial_fraction,427,0.05666232726526156,0.2426552366727666
39695796,normal_urothelial_fraction,427,-0.20528610609574408,1.909571445418599e-05
39695796,immune_score,427,0.2144150331743795,7.830397813738065e-06
39695796,stromal_score,427,0.13499427698410474,0.0052037570993416086
39708127,tumor_epithelial_fraction,427,-0.41929638193802,1.3067588967785118e-19
39708127,normal_urothelial_fraction,427,-0.5558218315562133,5.466202884671625e-36
39708127,immune_score,427,0.8306067444963947,4.0692364385817396e-110
39708127,stromal_score,427,0.6083342401582776,1.4163324329423153e-44
39739621,tumor_epithelial_fraction,427,-0.5161224740815045,1.924416032358757e-30
39739621,normal_urothelial_fraction,427,-0.5129141633931057,5.0274399909590774e-30
39739621,immune_score,427,0.9404336236508989,3.021852927067851e-201
39739621,stromal_score,427,0.5651659304686707,2.0941732644311303e-37
39749345,tumor_epithelial_fraction,427,-0.023152705107618285,0.6332990915426684
39749345,normal_urothelial_fraction,427,-0.21469632873077288,7.6135034397857056e-06
39749345,immune_score,427,0.18035730855178564,0.0001791446371410085
39749345,stromal_score,427,0.3288867570367817,3.1457964990965057e-12
39769061,tumor_epithelial_fraction,427,0.17647003516425655,0.00024764425258753416
39769061,normal_urothelial_fraction,427,-0.44894539598553473,1.4413534186992057e-22
39769061,immune_score,427,0.26222217632437805,3.815414144342837e-08
39769061,stromal_score,427,0.3882239353078792,8.249081642715868e-17
39867879,tumor_epithelial_fraction,427,-0.21822076938419238,5.337768291296678e-06
39867879,normal_urothelial_fraction,427,-0.5566617107270557,4.094281140221637e-36
39867879,immune_score,427,0.7930678910293382,1.5499333401182864e-93
39867879,stromal_score,427,0.3835726169488202,2.04530603109998e-16
39991573,tumor_epithelial_fraction,427,-0.6198220424122797,1.128842207402037e-46
39991573,normal_urothelial_fraction,427,-0.22148009860912063,3.823476765552302e-06
39991573,immune_score,427,0.3767705050588501,7.520523062653529e-16
39991573,stromal_score,427,0.7275545412817027,1.4992869815378965e-71
40018511,tumor_epithelial_fraction,427,-0.039962156884928386,0.41011824127767293
40018511,normal_urothelial_fraction,427,-0.1929177331493172,6.007479574405816e-05
40018511,immune_score,427,0.3271328599758502,4.1586040108755715e-12
40018511,stromal_score,427,0.21547563302289605,7.042110828321438e-06
40097551,tumor_epithelial_fraction,427,0.12638802016943085,0.008935405250448954
40097551,normal_urothelial_fraction,427,-0.5416061560106772,6.441469489963824e-34
40097551,immune_score,427,0.37465377526380894,1.120816793980457e-15
40097551,stromal_score,427,0.49146988565374167,2.389067996740685e-27
40319103,tumor_epithelial_fraction,427,-0.6189889451617009,1.61341128908408e-46
40319103,normal_urothelial_fraction,427,-0.49773175594088503,4.130788031379549e-28
40319103,immune_score,427,0.6199250042926472,1.0800172844446563e-46
40319103,stromal_score,427,0.9323600558460305,6.755433200235226e-190
40330458,tumor_epithelial_fraction,427,-0.2837390514374742,2.385598166929253e-09
40330458,normal_urothelial_fraction,427,-0.5543728126380467,8.98225035070369e-36
40330458,immune_score,427,0.6724910517186157,1.615519175250013e-57
40330458,stromal_score,427,0.7761802930344438,3.6834099475259267e-87
40348840,tumor_epithelial_fraction,427,-0.4502683328406165,1.0469349276564607e-22
40348840,normal_urothelial_fraction,427,-0.0064223243552012236,0.8947287258076297
40348840,immune_score,427,0.14719587634586437,0.002293276123328452
40348840,stromal_score,427,0.4583836711089272,1.4281390892873952e-23
40376515,tumor_epithelial_fraction,427,0.17212035812238222,0.00035296104066108794
40376515,normal_urothelial_fraction,427,0.3733807780033965,1.4227872439775488e-15
40376515,immune_score,427,-0.2821759729512358,2.941789666379015e-09
40376515,stromal_score,427,-0.40004328098204667,7.686751675308143e-18
40427675,tumor_epithelial_fraction,427,-0.06214535566393613,0.1999672034192066
40427675,normal_urothelial_fraction,427,-0.020650330664853223,0.6704631094300588
40427675,immune_score,427,0.23523583665313466,8.841645101397753e-07
40427675,stromal_score,427,0.10982595434719547,0.02322832960679559
40442298,tumor_epithelial_fraction,427,-0.3193351930180747,1.4076657789024395e-11
40442298,normal_urothelial_fraction,427,-0.5356211113779352,4.486473036535372e-33
40442298,immune_score,427,0.5617900755228474,6.886874051218963e-37
40442298,stromal_score,427,0.6900209283893957,1.2097977402707705e-61
40500142,tumor_epithelial_fraction,427,0.3407780835464757,4.5202089184740506e-13
40500142,normal_urothelial_fraction,427,0.42446158489160796,4.1851896068398035e-20
40500142,immune_score,427,-0.26300456330753014,3.4641077814577094e-08
40500142,stromal_score,427,-0.30357585993978276,1.4889295791923556e-10
40589607,tumor_epithelial_fraction,427,-0.5370880099040697,2.7981334898764366e-33
40589607,normal_urothelial_fraction,427,-0.42161795655193607,7.852330723491754e-20
40589607,immune_score,427,0.4718394633158226,4.659315945314327e-25
40589607,stromal_score,427,0.8478317430244097,3.701796099030345e-119
40626022,tumor_epithelial_fraction,427,-0.3931856806535552,3.081571227164173e-17
40626022,normal_urothelial_fraction,427,-0.6165472997322066,4.567480951117049e-46
40626022,immune_score,427,0.49899118936077014,2.8895212263282097e-28
40626022,stromal_score,427,0.7948358143344516,3.079327474882197e-94
40703521,tumor_epithelial_fraction,427,0.012275738081006337,0.8003211213360982
40703521,normal_urothelial_fraction,427,-0.3073715774037515,8.544406089752599e-11
40703521,immune_score,427,0.294183208643619,5.686889051103921e-10
40703521,stromal_score,427,0.3439689770305609,2.6475233972652065e-13
40735323,tumor_epithelial_fraction,427,0.06320657205065848,0.19237875368490648
40735323,normal_urothelial_fraction,427,-0.0531702548676462,0.27296330778497296
40735323,immune_score,427,0.07541264131441013,0.1197143863193721
40735323,stromal_score,427,0.24207771525737848,4.124369331445039e-07
40779729,tumor_epithelial_fraction,427,-0.3279459197347406,3.654697554184895e-12
40779729,normal_urothelial_fraction,427,-0.5594364409222301,1.5667068860281792e-36
40779729,immune_score,427,0.7433166487819209,3.1986506765571845e-76
40779729,stromal_score,427,0.6083471874605993,1.4087962712739983e-44
40867253,tumor_epithelial_fraction,427,-0.5168367335929165,1.5518439605658938e-30
40867253,normal_urothelial_fraction,427,-0.5389191283752769,1.5470630808783017e-33
40867253,immune_score,427,0.5398485597205109,1.1435990068585695e-33
40867253,stromal_score,427,0.8128330269652232,8.44714769266674e-102
40918470,tumor_epithelial_fraction,427,0.2380904085459594,6.450192243478351e-07
40918470,normal_urothelial_fraction,427,-0.29561558103022917,4.6502389935272907e-10
40918470,immune_score,427,0.35744804355472504,2.5809350487832868e-14
40918470,stromal_score,427,-0.01695819161945782,0.7267728065038659
40994220,tumor_epithelial_fraction,427,-0.3607756543859449,1.4278007692144267e-14
40994220,normal_urothelial_fraction,427,0.023065156682395584,0.6345845632235704
40994220,immune_score,427,0.17455352615154696,0.0002897914447272348
40994220,stromal_score,427,0.21528913021564347,7.175013817188963e-06
41137061,tumor_epithelial_fraction,427,-0.22686309368390517,2.1793194856367938e-06
41137061,normal_urothelial_fraction,427,-0.28218414208246256,2.938579299733361e-09
41137061,immune_score,427,0.4264610182929969,2.679198835843911e-20
41137061,stromal_score,427,0.5477871056583101,8.32813152568829e-35
41153362,tumor_epithelial_fraction,427,-0.19325559608609214,5.827738410534238e-05
41153362,normal_urothelial_fraction,427,-0.6327778221342764,3.794265989943564e-49
41153362,immune_score,427,0.49334647381762614,1.4172855842352146e-27
41153362,stromal_score,427,0.6426432040997324,4.1229663141169366e-51
41198839,tumor_epithelial_fraction,427,-0.02513641678475942,0.6044738812311873
41198839,normal_urothelial_fraction,427,0.1944365750192899,5.238533524469061e-05
41198839,immune_score,427,0.051897720010888056,0.2846233960004694
41198839,stromal_score,427,0.13992427061218235,0.003765313916040974
41216727,tumor_epithelial_fraction,427,-0.43481588165425833,4.022330355980393e-21
41216727,normal_urothelial_fraction,427,0.001655713351658904,0.9727867581314159
41216727,immune_score,427,0.2123209611584013,9.640314219858547e-06
41216727,stromal_score,427,0.22616039426385182,2.347109033595796e-06
41252049,tumor_epithelial_fraction,427,-0.1260589429020885,0.009116521843926955
41252049,normal_urothelial_fraction,427,-0.1726487313647474,0.0003382407552444593
41252049,immune_score,427,0.135746453595173,0.004956361732324066
41252049,stromal_score,427,0.38703386243614596,1.0420812812463765e-16
41337795,tumor_epithelial_fraction,427,-0.361698612080018,1.2100992197908998e-14
41337795,normal_urothelial_fraction,427,-0.4602508570651733,8.962290831605174e-24
41337795,immune_score,427,0.671553142973052,2.6366727762125e-57
41337795,stromal_score,427,0.4136468882237812,4.439687430912357e-19
41357226,tumor_epithelial_fraction,427,0.031104969020496503,0.52150748204936
41357226,normal_urothelial_fraction,427,-0.03160991381104152,0.5147659431802555
41357226,immune_score,427,-0.038319236701039705,0.4296464139409121
41357226,stromal_score,427,-0.14310992352151825,0.0030384452713311627
41388608,tumor_epithelial_fraction,427,0.08704224735574469,0.07237084735504602
41388608,normal_urothelial_fraction,427,-0.4961335347769164,6.4873219442483205e-28
41388608,immune_score,427,0.3846765286062938,1.650945689491521e-16
41388608,stromal_score,427,0.2467208644852106,2.426048396593858e-07
41505248,tumor_epithelial_fraction,427,0.0002706602723434217,0.99555060122484
41505248,normal_urothelial_fraction,427,-0.5040854904206917,6.705155317056573e-29
41505248,immune_score,427,0.31671922141089215,2.102604875601477e-11
41505248,stromal_score,427,0.39567017548835215,1.8703154629929797e-17
41507856,tumor_epithelial_fraction,427,-0.12837882203593864,0.007906430230051081
41507856,normal_urothelial_fraction,427,0.35211730009288145,6.567889193138801e-14
41507856,immune_score,427,-0.009731901443901651,0.8410777849881506
41507856,stromal_score,427,0.18922328208565006,8.345941436358023e-05
41533176,tumor_epithelial_fraction,427,-0.5643944870386713,2.7522151661768716e-37
41533176,normal_urothelial_fraction,427,-0.5381046814054236,2.0145204272032706e-33
41533176,immune_score,427,0.5620235893682918,6.345273652515186e-37
41533176,stromal_score,427,0.9057810937942655,1.4128545362080088e-160
41582171,tumor_epithelial_fraction,427,-0.19892481902291642,3.4734287211560493e-05
41582171,normal_urothelial_fraction,427,-0.36972532298124583,2.806200914712405e-15
41582171,immune_score,427,0.4164837346431893,2.4093057263904506e-19
41582171,stromal_score,427,0.37401904918094436,1.2625543141598038e-15
41584451,tumor_epithelial_fraction,427,-0.03188704773454577,0.5110851897160238
41584451,normal_urothelial_fraction,427,0.5608006858371001,9.73701839417325e-37
41584451,immune_score,427,-0.17985205549213776,0.0001869162339473806
41584451,stromal_score,427,-0.38292556010183976,2.3180440892965818e-16
41668898,tumor_epithelial_fraction,427,-0.1381101069416345,0.0042464074405711765
41668898,normal_urothelial_fraction,427,-0.28699298595310174,1.5357270862411138e-09
41668898,immune_score,427,0.365651855055567,5.921677638593125e-15
41668898,stromal_score,427,0.622977947353186,2.8893154342136177e-47
41685329,tumor_epithelial_fraction,427,-0.20753801189240545,1.538175380910936e-05
41685329,normal_urothelial_fraction,427,-0.24278596352128395,3.806309200806084e-07
41685329,immune_score,427,0.2031924964834202,2.32994314183632e-05
41685329,stromal_score,427,0.3247095565579782,6.0974898440890526e-12
41715136,tumor_epithelial_fraction,427,-0.07750285996660213,0.10976972456093928
41715136,normal_urothelial_fraction,427,-0.011811638946595152,0.8077199666000923
41715136,immune_score,427,0.11664764132519954,0.015883724456846517
41715136,stromal_score,427,-0.019662019920965966,0.6853718662752867
41727459,tumor_epithelial_fraction,427,-0.21797076314174302,5.474996101899468e-06
41727459,normal_urothelial_fraction,427,-0.6336733438781917,2.5339175546928725e-49
41727459,immune_score,427,0.5035588126583925,7.80717104124025e-29
41727459,stromal_score,427,0.7163321587252949,2.0246394236326107e-68
41809788,tumor_epithelial_fraction,427,0.1604684025710876,0.0008753921807436828
41809788,normal_urothelial_fraction,427,-0.4402307825811927,1.1439596545007323e-21
41809788,immune_score,427,0.25828789189865714,6.172113214845575e-08
41809788,stromal_score,427,0.08498979166865757,0.0793869467944221
41836241,tumor_epithelial_fraction,427,0.10548151788007037,0.029304824286302197
41836241,normal_urothelial_fraction,427,0.026245877286085132,0.5886126207764987
41836241,immune_score,427,-0.10133560671521083,0.036326876857246185
41836241,stromal_score,427,0.04090900543447601,0.39910662455474744
41836296,tumor_epithelial_fraction,427,-0.40659862345514786,1.9772600573813707e-18
41836296,normal_urothelial_fraction,427,0.36345697904294155,8.816539970702664e-15
41836296,immune_score,427,-0.03595280893265214,0.45869958266222033
41836296,stromal_score,427,0.24872677153776035,1.922644414530307e-07
41862905,tumor_epithelial_fraction,427,-0.05102362296962409,0.2928244716833367
41862905,normal_urothelial_fraction,427,0.4509554646709736,8.862598925453669e-23
41862905,immune_score,427,-0.25758380526764074,6.721352408136151e-08
41862905,stromal_score,427,-0.36174747273282715,1.1995296664654788e-14
41870815,tumor_epithelial_fraction,427,-0.19986766007412637,3.182444644279195e-05
41870815,normal_urothelial_fraction,427,-0.4067974570265163,1.89658981320893e-18
41870815,immune_score,427,0.22789440796764654,1.9536989675054163e-06
41870815,stromal_score,427,0.5663860595779365,1.3573276866297554e-37
41971137,tumor_epithelial_fraction,427,0.2342392026434692,9.861517265728191e-07
41971137,normal_urothelial_fraction,427,-0.12402559989938096,0.010309817204699116
41971137,immune_score,427,0.28716777453444425,1.4995793912140955e-09
41971137,stromal_score,427,-0.00618202858949314,0.8986459325582212
41981124,tumor_epithelial_fraction,427,-0.5594689633125858,1.5490827356264252e-36
41981124,normal_urothelial_fraction,427,-0.4011268468787291,6.154179129656501e-18
41981124,immune_score,427,0.5259836944140714,9.425892056975748e-32
41981124,stromal_score,427,0.9551938565667022,7.840993986695573e-227
41992284,tumor_epithelial_fraction,427,-0.26993907677719453,1.4514388693880599e-08
41992284,normal_urothelial_fraction,427,-0.6910463855601819,6.795906329040656e-62
41992284,immune_score,427,0.8733741502176842,7.323008075071089e-135
41992284,stromal_score,427,0.5791621184129444,1.2965090142028872e-39
42030617,tumor_epithelial_fraction,427,-0.4775593965200734,1.0380852237657673e-25
42030617,normal_urothelial_fraction,427,-0.14609288949569949,0.002475965798181991
42030617,immune_score,427,0.5049447905450167,5.228069351977192e-29
42030617,stromal_score,427,0.5101126137859793,1.1532335983087224e-29
42052292,tumor_epithelial_fraction,427,-0.49653937105088014,5.78608302946002e-28
42052292,normal_urothelial_fraction,427,-0.2338375280023946,1.030367800321181e-06
42052292,immune_score,427,0.4470184058233267,2.290542001520707e-22
42052292,stromal_score,427,0.6694647739354775,7.797558160456935e-57
42059994,tumor_epithelial_fraction,427,-0.30712126289219915,8.86533034334191e-11
42059994,normal_urothelial_fraction,427,-0.4248783647187245,3.814545872386719e-20
42059994,immune_score,427,0.49120724037807356,2.5695408080695456e-27
42059994,stromal_score,427,0.4664137729702868,1.886369672136296e-24
42159275,tumor_epithelial_fraction,427,-0.38803542875145774,8.560714220223596e-17
42159275,normal_urothelial_fraction,427,-0.4827967344437392,2.5603722083907018e-26
42159275,immune_score,427,0.5031834950256155,8.699947131256572e-29
42159275,stromal_score,427,0.9186006185727817,1.8423976427669116e-173
42164400,tumor_epithelial_fraction,427,0.00358393659027861,0.9411364778988296
42164400,normal_urothelial_fraction,427,-0.5504755205046734,3.375387771059265e-35
42164400,immune_score,427,0.24698551351004758,2.3530104038932912e-07
42164400,stromal_score,427,0.5399997657154818,1.088642000958744e-33
42215586,tumor_epithelial_fraction,427,0.16908067063326795,0.00044990747745770796
42215586,normal_urothelial_fraction,427,-0.17877419257385893,0.00020456287484417652
42215586,immune_score,427,0.010120474648103112,0.834821736258418
42215586,stromal_score,427,-0.12556201310821877,0.009396211854106143
42220482,tumor_epithelial_fraction,427,-0.21061546234662457,1.140197091160946e-05
42220482,normal_urothelial_fraction,427,0.07300182279520544,0.13204247112140877
42220482,immune_score,427,0.37960072369254594,4.391023087295493e-16
42220482,stromal_score,427,0.05948175648035601,0.21996807593626994
42244509,tumor_epithelial_fraction,427,-0.04213899915503439,0.38506993379232457
42244509,normal_urothelial_fraction,427,-0.16430804838221919,0.0006532143586029497
42244509,immune_score,427,0.26610975798101,2.353700312298862e-08
42244509,stromal_score,427,0.2513435138177001,1.4152383707850458e-07
42251607,tumor_epithelial_fraction,427,-0.11433623959167907,0.018104628629952064
42251607,normal_urothelial_fraction,427,-0.6781707558049384,7.999562504366712e-59
42251607,immune_score,427,0.6294421963063812,1.6872085238652903e-48
42251607,stromal_score,427,0.5152462191565202,2.5040512833859074e-30
42279297,tumor_epithelial_fraction,427,-0.5995040258403492,5.092086447950266e-43
42279297,normal_urothelial_fraction,427,-0.3339109268757943,1.4001264159155103e-12
42279297,immune_score,427,0.6348618754044104,1.4797717884010676e-49
42279297,stromal_score,427,0.6545279028237141,1.4165051063653878e-53
42319469,tumor_epithelial_fraction,427,-0.4437675539987281,4.970731307416239e-22
42319469,normal_urothelial_fraction,427,-0.23809426190974556,6.447429558101384e-07
42319469,immune_score,427,0.4321468877613775,7.413890209836917e-21
42319469,stromal_score,427,0.5416670391584993,6.314271644195341e-34
42371282,tumor_epithelial_fraction,427,-0.3761662976171723,8.430258305208077e-16
42371282,normal_urothelial_fraction,427,-0.3357038199782424,1.045074796644483e-12
42371282,immune_score,427,0.4924839368677208,1.802446238056767e-27
42371282,stromal_score,427,0.6495245411491471,1.592192413598908e-52
42421957,tumor_epithelial_fraction,427,-0.1785117014327423,0.00020909044440856094
42421957,normal_urothelial_fraction,427,-0.6562320144245279,6.148251763853168e-54
42421957,immune_score,427,0.46587137348373986,2.1664273905752313e-24
42421957,stromal_score,427,0.7916846875646402,5.428430689457472e-93
42436233,tumor_epithelial_fraction,427,-0.33541435529062225,1.0957483091264282e-12
42436233,normal_urothelial_fraction,427,-0.4216948696931088,7.720421343042893e-20
42436233,immune_score,427,0.26304016838891475,3.4488878489872994e-08
42436233,stromal_score,427,0.5882833387640074,4.1244612879087833e-41
42436798,tumor_epithelial_fraction,427,-0.17034010405315297,0.0004070694431481149
42436798,normal_urothelial_fraction,427,-0.045986659962841236,0.34313791694644774
42436798,immune_score,427,0.1075979394060086,0.02619273865473731
42436798,stromal_score,427,0.2604360651421937,4.75117098114819e-08
42482080,tumor_epithelial_fraction,427,-0.24445200388788993,3.148415093232754e-07
42482080,normal_urothelial_fraction,427,-0.6659463445295642,4.750036347768972e-56
42482080,immune_score,427,0.8690366498053743,5.77080894695879e-132
42482080,stromal_score,427,0.47755168979250096,1.0402072595374453e-25
42493447,tumor_epithelial_fraction,427,-0.16794701100736487,0.0004920165257792011
42493447,normal_urothelial_fraction,427,0.21837505807019228,5.25472373660856e-06
42493447,immune_score,427,0.012933276077485288,0.7898690442535307
42493447,stromal_score,427,0.23269061280506695,1.1673323673092511e-06
42500328,tumor_epithelial_fraction,427,-0.13414992791127026,0.0054946689295571555
42500328,normal_urothelial_fraction,427,0.2828245711437308,2.697203854495417e-09
42500328,immune_score,427,0.018543003077450455,0.7024006504918582
42500328,stromal_score,427,0.03269332557317244,0.5004550337591065
42555166,tumor_epithelial_fraction,427,-0.47058681181620127,6.449074526917965e-25
42555166,normal_urothelial_fraction,427,-0.5147964545353938,2.8655315773209582e-30
42555166,immune_score,427,0.8713600740339077,1.67017906762194e-133
42555166,stromal_score,427,0.6116223925443267,3.624805178843012e-45
42576531,tumor_epithelial_fraction,427,-0.17605017264611106,0.00025635533193644973
42576531,normal_urothelial_fraction,427,-0.3529288185062574,5.703805761374588e-14
42576531,immune_score,427,0.6269012882257541,5.194411950257395e-48
42576531,stromal_score,427,0.45543646435068197,2.9623969103625303e-23
