pmid,model,n,events,coef,hr,pvalue,qvalue_global
26802582,m0_score,402,107,-0.16496399481359006,0.8479242332083874,0.4261584519321454,0.613177628679346
26802582,m1_clinical,402,107,-0.03758125314887906,0.9631161583208536,0.8523620255076735,0.9315695701623173
26802582,m2_purity,402,107,-0.13712805864485414,0.8718585699560197,0.5217380008730615,0.7014964717620995
26802582,m3_microenvironment,402,107,0.014921522322207335,1.0150334040255409,0.9462807012361223,0.9733988117985963
28400426,m0_score,402,107,0.3404133588956799,1.4055284581932475,0.024429494818462145,0.1007401848184006
28400426,m1_clinical,402,107,0.27107439097419156,1.3113726210429062,0.08316827334941054,0.2310229815261404
28400426,m2_purity,402,107,0.3663488866116216,1.4424584093021853,0.13066915638832574,0.3156893229226542
28400426,m3_microenvironment,402,107,0.6754096767930206,1.9648377595401494,0.014455429790922158,0.0731920495742894
29147616,m0_score,402,107,-0.11308668352062642,0.8930732420278316,0.3003970267299151,0.49346534165078454
29147616,m1_clinical,402,107,-0.1497184983062386,0.8609503012840843,0.203031715294204,0.40260261865765773
29147616,m2_purity,402,107,-0.6544831196098607,0.5197106214034266,0.00037673568962149235,0.005549938975103828
29147616,m3_microenvironment,402,107,-0.46791746481030416,0.6263052137440249,0.11206593408150571,0.2858738917631054
30642841,m0_score,402,107,-0.5764009122109225,0.561917120596975,0.004654185798357571,0.03200223153857265
30642841,m1_clinical,402,107,-0.5354120628836067,0.5854280072835267,0.010506811062307754,0.05839946478701581
30642841,m2_purity,402,107,-0.525415666072956,0.5913095259684531,0.019360156291626532,0.0900472385657048
30642841,m3_microenvironment,402,107,-0.4443978425986539,0.641210269315787,0.04064339601723302,0.14075634984323124
30846479,m0_score,402,107,0.5253600883055287,1.6910676724500058,0.010194025528896106,0.05783844271714103
30846479,m1_clinical,402,107,0.43937662989903914,1.5517396088765614,0.0388640058371308,0.1357694527061338
30846479,m2_purity,402,107,0.5713835840187097,1.7707152907487487,0.05938632377958481,0.18631003538693275
30846479,m3_microenvironment,402,107,1.01181096224907,2.750577699740079,0.0009692625338652459,0.010044782086251517
31894276,m0_score,402,107,0.14720911473011145,1.1585962172347863,0.26000745932988123,0.4551552898553719
31894276,m1_clinical,402,107,-0.03957498562593118,0.9611978752638773,0.775978934247291,0.8904979210422149
31894276,m2_purity,402,107,-0.18380157180750453,0.8321008997237959,0.2803331922300803,0.4751410037797971
31894276,m3_microenvironment,402,107,0.024315809736165553,1.0246138498302508,0.9453864598646624,0.9733988117985963
32096345,m0_score,402,107,-0.19531519822257426,0.822575342904311,0.17905145181720614,0.376881184255396
32096345,m1_clinical,402,107,-0.18577467418476726,0.8304606981353819,0.2151875819929871,0.412171086791175
32096345,m2_purity,402,107,-0.756664776591646,0.4692288030127975,0.0007932277991852287,0.008546757608560862
32096345,m3_microenvironment,402,107,-0.5068134433834084,0.6024121439721036,0.2590313093503739,0.4544408935971472
32117435,m0_score,402,107,0.1419669567992912,1.1525385643446904,0.563230208279614,0.7286906182135403
32117435,m1_clinical,402,107,0.03764414853135849,1.0383616646033607,0.8763545323918509,0.9397903832620385
32117435,m2_purity,402,107,-0.27287047057074604,0.7611913779283599,0.4052257449556178,0.6036882606415163
32117435,m3_microenvironment,402,107,0.05099141819724156,1.052313862494446,0.9021711895972325,0.9574327827948695
32467671,m0_score,402,107,-0.02546277892914809,0.9748586635738484,0.864399208628115,0.937018112334
32467671,m1_clinical,402,107,-0.17930299536888913,0.8358526015575913,0.2145727005992214,0.412171086791175
32467671,m2_purity,402,107,-0.15883440078793165,0.8531376261906214,0.2969165715345944,0.4907711926191643
32467671,m3_microenvironment,402,107,-0.19771204782998303,0.8206061144316021,0.20286076547381743,0.40260261865765773
32695477,m0_score,402,107,0.315427569052831,1.3708453167027486,0.02134254663847196,0.09381339181745917
32695477,m1_clinical,402,107,0.20210150685916167,1.2239722433840123,0.14928473396431785,0.33928348628254057
32695477,m2_purity,402,107,0.18182809769682126,1.1994079951605396,0.3463644098144236,0.545880224595218
32695477,m3_microenvironment,402,107,0.6060268052303766,1.8331335139336344,0.029363869088162835,0.11300705004772896
32763782,m0_score,402,107,0.4518152438875322,1.5711616400436637,0.026210040784361628,0.10643671384512336
32763782,m1_clinical,402,107,0.24127714742359774,1.272873760110766,0.24002415855708298,0.4365349039660387
32763782,m2_purity,402,107,0.17881949070024836,1.1958048707850282,0.5438202389893061,0.7155529460385607
32763782,m3_microenvironment,402,107,1.072652230552421,2.9231220214961824,0.013377167042548892,0.0713448908935941
32929335,m0_score,402,107,-0.16071219767686357,0.8515371102026025,0.4821640644470756,0.6616316493270334
32929335,m1_clinical,402,107,-0.32639217436553447,0.7215221694401233,0.1389663646850067,0.32427939416851137
32929335,m2_purity,402,107,-0.40627600609289094,0.6661262871361292,0.08162800479713107,0.2283300833486184
32929335,m3_microenvironment,402,107,-0.05720991684271755,0.944395803972183,0.8325568676333819,0.9251908389167466
33208770,m0_score,402,107,-0.04647862868999241,0.9545849610831086,0.794107237988435,0.9023945886232215
33208770,m1_clinical,402,107,0.008559765233718129,1.0085965047766163,0.9621235881816917,0.9792606495487957
33208770,m2_purity,402,107,0.014385615315324948,1.0144895862429992,0.9372280142294637,0.9696218348941306
33208770,m3_microenvironment,402,107,0.12274340302973853,1.130594276658023,0.5107044389072611,0.691308885153653
33292266,m0_score,402,107,0.6240953503436737,1.8665566136162617,0.002523148822909966,0.020809474828123432
33292266,m1_clinical,402,107,0.4574463689536452,1.5800340049912611,0.0364824943439061,0.1302946226568075
33292266,m2_purity,402,107,0.4234939857539312,1.527288568446143,0.06525966594636085,0.19926615556140714
33292266,m3_microenvironment,402,107,0.4852008338629164,1.6245012309424334,0.05456146997152041,0.17473270974510094
33313125,m0_score,402,107,-0.16280618895707083,0.8497558645263893,0.41202802721126,0.6059235694283235
33313125,m1_clinical,402,107,0.0218080464164028,1.0220475799443827,0.915545098547594,0.9574327827948695
33313125,m2_purity,402,107,-0.16512896292237766,0.8477843642885126,0.5107010162669353,0.691308885153653
33313125,m3_microenvironment,402,107,0.22558231192478165,1.2530521710076843,0.411560496310448,0.6059235694283235
33391264,m0_score,402,107,-0.5444605603767464,0.580154657353731,0.0049092515972737364,0.033283061676432114
33391264,m1_clinical,402,107,-0.4437973903834749,0.6415954010574254,0.028878475872693262,0.1126964912105103
33391264,m2_purity,402,107,-0.43196031486597924,0.6492351411574986,0.03670811388777847,0.13051773826765678
33391264,m3_microenvironment,402,107,-0.2968578194478206,0.7431496662806993,0.19540927537415043,0.39278246306361897
33392066,m0_score,402,107,-0.3449629962968253,0.7082465607284218,0.06801896890730777,0.20516107851622206
33392066,m1_clinical,402,107,-0.23589125530634586,0.7898665630601523,0.22709417648647423,0.4215205131999522
33392066,m2_purity,402,107,-0.4734852850758077,0.6228277488160265,0.031024458897990825,0.11707342980373896
33392066,m3_microenvironment,402,107,-0.12107219269752308,0.8859699967200895,0.6446741556133504,0.7885922392823858
33456631,m0_score,402,107,0.2734353550501449,1.314472382464179,0.17208891479881439,0.37008368773938577
33456631,m1_clinical,402,107,0.09555408714841954,1.1002683308011003,0.6367656085630292,0.781307495169361
33456631,m2_purity,402,107,-0.01537151577233161,0.9847460229560996,0.9478470929888831,0.9733988117985963
33456631,m3_microenvironment,402,107,0.2886164883675993,1.3345798034911736,0.30841758464816077,0.501492007557985
33459039,m0_score,402,107,0.36159599607148235,1.4356188291374872,0.07070754936517741,0.2079633804858159
33459039,m1_clinical,402,107,0.18154851268514544,1.1990727055353696,0.3820352153824519,0.5821488996304028
33459039,m2_purity,402,107,0.07235015048740522,1.0750317010432748,0.7954632099654219,0.9026532879040249
33459039,m3_microenvironment,402,107,0.5838118862417342,1.792859598569774,0.06051286659209928,0.18910270810031024
33535616,m0_score,402,107,0.03736945194061878,1.0380764693670124,0.7890297855348538,0.9002995508972897
33535616,m1_clinical,402,107,-0.06274174835239986,0.9391859887018198,0.6504286283214242,0.7932056442944199
33535616,m2_purity,402,107,-0.06810752175663533,0.9341600256502052,0.6273846063549084,0.7745488967344548
33535616,m3_microenvironment,402,107,-0.143160616414985,0.8666148651437723,0.3027358037577804,0.49527329858123587
33545950,m0_score,402,107,0.38324289144740864,1.467034316885763,0.05239977174261202,0.16956876416526806
33545950,m1_clinical,402,107,0.25028694920674166,1.2843939196307812,0.2112374518326681,0.4111298392124881
33545950,m2_purity,402,107,0.21841732557300694,1.244106156611662,0.3090891689723761,0.5015645743973649
33545950,m3_microenvironment,402,107,0.2952237516462827,1.343426919044382,0.1691345316061195,0.3686856274792796
33837006,m0_score,402,107,-0.2629778203592929,0.7687589479193266,0.158292080359063,0.3507857736488931
33837006,m1_clinical,402,107,-0.26238845831727,0.769212158802223,0.19382116028742408,0.39254918539225125
33837006,m2_purity,402,107,-0.5357481712273052,0.5852312731094946,0.02368808039145972,0.09921709064485747
33837006,m3_microenvironment,402,107,-0.3239994796850494,0.7232506186978545,0.18685993817241278,0.38523777586717917
33925460,m0_score,402,107,-1.0938730266348868,0.3349168366992292,4.208341654845425e-05,0.0010502629899710899
33925460,m1_clinical,402,107,-1.0306476562711768,0.3567758176309473,0.0005802356793444257,0.007368072118659374
33925460,m2_purity,402,107,-1.0697419549916813,0.3430970404754126,0.0006500512724442627,0.0076752147761991055
33925460,m3_microenvironment,402,107,-0.8440358757860174,0.42997170456966755,0.007823541054894478,0.04777734995355406
33937319,m0_score,402,107,0.001982726588793889,1.0019846934908851,0.989577164457974,0.9928018793158647
33937319,m1_clinical,402,107,-0.033047691131803204,0.9674924176803507,0.8324990159338667,0.9251908389167466
33937319,m2_purity,402,107,-0.6888133933157433,0.5021715958404211,0.02020471435126967,0.09132074283059738
33937319,m3_microenvironment,402,107,-0.11435394015855747,0.8919422058416352,0.8138415402150426,0.9137520205736573
33962639,m0_score,402,107,-0.229681132703417,0.7947869936821417,0.3654748807916831,0.5633524174052918
33962639,m1_clinical,402,107,-0.2487922558986582,0.7797419433492652,0.3606026296482201,0.5601594246962642
33962639,m2_purity,402,107,-0.2534456946554034,0.776121891347497,0.3630815565652994,0.5607437167031651
33962639,m3_microenvironment,402,107,-0.12286120305636354,0.8843864041724363,0.6606295415905041,0.8031970110522847
33985530,m0_score,402,107,-0.14063574337814852,0.8688057223042919,0.42406110747398895,0.6123626100707422
33985530,m1_clinical,402,107,-0.10999180185263298,0.8958414795068902,0.523542420328974,0.7027415037972806
33985530,m2_purity,402,107,-0.20979034854150122,0.810754203954938,0.26503904496764896,0.4599376051499331
33985530,m3_microenvironment,402,107,-0.30041173615046424,0.7405132618249417,0.1195771016840886,0.301771865448804
34095228,m0_score,402,107,0.033675131564564094,1.0342485574344638,0.8523861566985204,0.9315695701623173
34095228,m1_clinical,402,107,-0.02985990412412145,0.9705814984893645,0.8743466443657548,0.9397903832620385
34095228,m2_purity,402,107,0.032752207393104825,1.0332944647868176,0.8721932892927721,0.9397903832620385
34095228,m3_microenvironment,402,107,-0.032896184000004956,0.96763901078626,0.8728355232744559,0.9397903832620385
34112144,m0_score,402,107,0.03172821973074252,1.0322369255492614,0.8143814883362721,0.9137520205736573
34112144,m1_clinical,402,107,-0.016858985076459228,0.9832823323418962,0.9029033543652824,0.9574327827948695
34112144,m2_purity,402,107,-0.4220421302275637,0.6557064137510822,0.07309063134118987,0.21033275206097807
34112144,m3_microenvironment,402,107,0.10381552885936719,1.1093957845324875,0.7911928774878058,0.9003617382507035
34266411,m0_score,402,107,-0.1393207967822891,0.8699489068799102,0.18846608136717252,0.3856083506233709
34266411,m1_clinical,402,107,-0.13169139451659825,0.8766114804502722,0.2434061313391202,0.4395596051270794
34266411,m2_purity,402,107,-0.5973145128141945,0.5502874434541144,0.00056722396704438,0.007319018929604903
34266411,m3_microenvironment,402,107,-0.501760452876807,0.6054638303947675,0.25136283825023353,0.44558261604816396
34329197,m0_score,402,107,0.29901017252869155,1.3485233412955187,0.21534968218362366,0.412171086791175
34329197,m1_clinical,402,107,0.28275349857701615,1.3267780688224207,0.2510826558502182,0.44558261604816396
34329197,m2_purity,402,107,0.18162139350564027,1.199160098122565,0.5860829830391985,0.74070519183469
34329197,m3_microenvironment,402,107,1.2381491857803157,3.4492236811995243,0.0024562174436520024,0.020553764447636555
34339395,m0_score,402,107,0.1348788031640491,1.1443980785199455,0.4512487827480802,0.6344446857617999
34339395,m1_clinical,402,107,0.12557682255446787,1.133802267201357,0.5051817470591191,0.686155174273846
34339395,m2_purity,402,107,0.051611676533858064,1.0529667714055604,0.8046337788622522,0.9066296099856364
34339395,m3_microenvironment,402,107,0.36676822580161805,1.4430634154856816,0.11086947454149265,0.2858738917631054
34368227,m0_score,402,107,0.20945777628078827,1.2330093117727121,0.22123716935955612,0.4164464364415174
34368227,m1_clinical,402,107,0.08529493572331352,1.0890382156107645,0.6345166252140673,0.7797439326747371
34368227,m2_purity,402,107,-0.027004274762030295,0.9733570806455532,0.8998540452938689,0.9574327827948695
34368227,m3_microenvironment,402,107,-0.007755341890376707,0.9922746531827722,0.974538544136,0.9881252665510774
34404901,m0_score,402,107,-0.38188459780772116,0.6825738191755448,0.03258171248576047,0.1195659173789375
34404901,m1_clinical,402,107,-0.32343134806585927,0.7236616369881235,0.09223153049734678,0.24595074799292474
34404901,m2_purity,402,107,-0.8487702677114279,0.4279408612009757,0.000979366253409523,0.010044782086251517
34404901,m3_microenvironment,402,107,-0.5325624255162784,0.5870986440328921,0.10028033150319278,0.26389560921892835
34418989,m0_score,402,107,0.688143336875313,1.9900173093717144,0.00011189602249713637,0.0024569141312613388
34418989,m1_clinical,402,107,0.5462937515684522,1.7268410411175574,0.003274625480922895,0.02455027061204342
34418989,m2_purity,402,107,0.5878724859784187,1.8001544845662605,0.004329310940321278,0.03030330273199008
34418989,m3_microenvironment,402,107,0.5323414555799795,1.7029149439148539,0.009457009202419013,0.054428829941979937
34422642,m0_score,402,107,-0.4343582432297984,0.6476801868773053,0.1333787389348214,0.3156893229226542
34422642,m1_clinical,402,107,-0.37616655846481933,0.686487983135005,0.2505749205419923,0.44558261604816396
34422642,m2_purity,402,107,-0.4785006336050469,0.6197118707206688,0.15980983027773166,0.3521979730638714
34422642,m3_microenvironment,402,107,-0.21726923149061933,0.8047132859798175,0.5363962213629168,0.7116367779275844
34426176,m0_score,402,107,-0.1677698851503224,0.8455483855389133,0.1622060717391105,0.356496860965078
34426176,m1_clinical,402,107,-0.18677834987684727,0.8296276030680056,0.14617282125305422,0.33506663897548244
34426176,m2_purity,402,107,-0.6028731298685316,0.5472370920081269,0.0006947568187662798,0.008055151521927881
34426176,m3_microenvironment,402,107,-0.5870019942539819,0.5559916547681596,0.20702221137675295,0.40792553965862655
34490263,m0_score,402,107,0.7464629192227875,2.1095252437792418,0.0005012285694429954,0.006683047592573273
34490263,m1_clinical,402,107,0.6487396987546459,1.91312819116615,0.004277229489662734,0.03030330273199008
34490263,m2_purity,402,107,0.6705681806434414,1.9553479959564448,0.008314972280747852,0.05013563717794061
34490263,m3_microenvironment,402,107,0.9968203292091415,2.7096523139060396,0.0004455379990483884,0.006041193207435775
34512654,m0_score,402,107,0.5666301426542834,1.7623182726187625,0.049888658635067674,0.1656055058425483
34512654,m1_clinical,402,107,0.5197677326976313,1.6816370150417663,0.08919658101951651,0.23865305958399063
34512654,m2_purity,402,107,0.4767670175668047,1.610858098692135,0.13628540907379447,0.3206715507618693
34512654,m3_microenvironment,402,107,0.6007707747081878,1.8235237848708572,0.055608776476468856,0.17653579833799637
34512722,m0_score,402,107,0.15705338013810108,1.1700580700953065,0.4209475596409573,0.6121684589309756
34512722,m1_clinical,402,107,-0.0106397420162333,0.9894166598279294,0.9565199276857564,0.9760407425364862
34512722,m2_purity,402,107,-0.1953585724413854,0.8225396651151529,0.4179243922710094,0.6100840875145762
34512722,m3_microenvironment,402,107,0.18544892502576898,1.2037587162596,0.5512377064505725,0.7238132613925774
34521394,m0_score,402,107,-0.09942172468681285,0.9053608144962983,0.5132030201210096,0.6923480878529641
34521394,m1_clinical,402,107,-0.014292501183089987,0.9858091517441555,0.9261838503700335,0.9610208564150802
34521394,m2_purity,402,107,-0.023934419301308088,0.9763497373563426,0.876256431185154,0.9397903832620385
34521394,m3_microenvironment,402,107,-0.079132359552612,0.9239176270278859,0.5986010456460464,0.7473771976872164
34530089,m0_score,402,107,-0.07229650863420248,0.9302550262670776,0.5847450057351133,0.7401835515634346
34530089,m1_clinical,402,107,-0.07022491760390222,0.9321841317042496,0.6185223157657179,0.7659719080690005
34530089,m2_purity,402,107,-0.548176216097067,0.5780030022627335,0.018534744690180873,0.08773843640322307
34530089,m3_microenvironment,402,107,0.011750713024132109,1.0118200238703219,0.9733864077774996,0.9881252665510774
34644219,m0_score,402,107,-0.6206541338806898,0.5375926649778521,7.508313826295735e-06,0.0002730295936834813
34644219,m1_clinical,402,107,-0.6330647926454513,0.5309620163239062,3.879986248840146e-05,0.0010012867738942311
34644219,m2_purity,402,107,-0.6910663749007272,0.5010414860188287,6.312461367565811e-06,0.0002524984547026324
34644219,m3_microenvironment,402,107,-0.5746825105289558,0.5628835500413116,0.0012188845689329142,0.011977394418007305
34706720,m0_score,402,107,-0.1331193116661231,0.8753606451409938,0.18967653752881464,0.3870949745486013
34706720,m1_clinical,402,107,-0.12031082070726679,0.8866448063177647,0.27275704551389435,0.46625135985281085
34706720,m2_purity,402,107,-0.5274601280311646,0.5901018510804232,0.0016392072798236716,0.015073170389183186
34706720,m3_microenvironment,402,107,-0.23462284564731056,0.7908690731003876,0.46183993121799527,0.6459257187488843
34803395,m0_score,402,107,-0.41896627742432513,0.6577263751212923,0.0027723331858311483,0.022178665486649186
34803395,m1_clinical,402,107,-0.3444009816303087,0.7086447175575697,0.018311068526628026,0.08771769354073305
34803395,m2_purity,402,107,-0.6859407600206484,0.5036162246374484,0.00016054396814091943,0.002986864523551989
34803395,m3_microenvironment,402,107,-0.5219437722549396,0.5933660578205152,0.03141125947817849,0.117637253399464
34849009,m0_score,402,107,-0.15820193118959083,0.8536773804734823,0.14874588442141132,0.3390219587952395
34849009,m1_clinical,402,107,-0.13190869934248403,0.8764210092410495,0.2628057170240705,0.4590492873782891
34849009,m2_purity,402,107,-0.6369299041299914,0.5289137498757793,0.0008012585258025808,0.008546757608560862
34849009,m3_microenvironment,402,107,-0.4489484583646652,0.6382989968200786,0.20522312983829383,0.4053790219028026
34901008,m0_score,402,107,0.22270211835594098,1.249448330573656,0.21942747018948397,0.4154800509528186
34901008,m1_clinical,402,107,0.1998361409918752,1.2212026367119955,0.2907061793370927,0.4865375386394857
34901008,m2_purity,402,107,0.13686489544776928,1.1466732172831002,0.530088581797085,0.7056087611275673
34901008,m3_microenvironment,402,107,0.34199551855814475,1.4077539887323194,0.13297612033853096,0.3156893229226542
35023971,m0_score,402,107,-0.4536392174398982,0.6353119013577483,0.015292512800158557,0.07598764124302389
35023971,m1_clinical,402,107,-0.2950757627282396,0.7444751818583307,0.11220550251701888,0.2858738917631054
35023971,m2_purity,402,107,-0.4841281048237562,0.6162342542750746,0.01957036296204142,0.09049878826377535
35023971,m3_microenvironment,402,107,-0.3008872799252554,0.7401611990703909,0.16747510820412015,0.3670687303104003
35027921,m0_score,402,107,0.5275033413947771,1.694695945227649,0.03837510499360145,0.13475764887658684
35027921,m1_clinical,402,107,0.3003932983664663,1.3503898092541844,0.25483804130644355,0.44806688581352716
35027921,m2_purity,402,107,0.27997637986409785,1.3230985602005447,0.29534379643139047,0.4891822715219718
35027921,m3_microenvironment,402,107,0.3456028543660151,1.4128414005892076,0.19639965742224927,0.3929103497068387
35125116,m0_score,402,107,1.0258650163589589,2.7895073867606337,0.000388495728257268,0.005549938975103828
35125116,m1_clinical,402,107,0.9199603077376524,2.509190792500471,0.0016607761376530661,0.015097964887755147
35125116,m2_purity,402,107,0.9754869086010539,2.6524584014208217,0.0028668170268816386,0.022671822366008596
35125116,m3_microenvironment,402,107,1.140135612204053,3.1271924218887035,0.0010209721088339464,0.01033895806414123
35127296,m0_score,402,107,0.6700786338937028,1.9543909959676462,0.009185892217303815,0.05325154908581922
35127296,m1_clinical,402,107,0.3660565091190959,1.4420367285773814,0.1685506277838975,0.36841667275168855
35127296,m2_purity,402,107,0.30599847323725743,1.3579802332326845,0.277251560717623,0.4719175501576562
35127296,m3_microenvironment,402,107,0.7453356966399941,2.1071486789958724,0.01844302671451393,0.08773843640322307
35169299,m0_score,402,107,-0.871579111950122,0.4182904999225101,0.00015018733674182367,0.002930484619352657
35169299,m1_clinical,402,107,-0.7180236343421978,0.48771520766140264,0.0024664517337163864,0.020553764447636555
35169299,m2_purity,402,107,-0.8822883419608636,0.41383483171943014,0.0013164425716809295,0.012390047733467573
35169299,m3_microenvironment,402,107,-0.7734173431640667,0.461433494277843,0.006898267039194485,0.043013729469255274
35205125,m0_score,402,107,0.1886761716934596,1.2076498179606607,0.1819407335229536,0.3807717017003158
35205125,m1_clinical,402,107,0.17897761645841678,1.1959939732874367,0.23640904187252626,0.43278543134558584
35205125,m2_purity,402,107,0.17630231922162373,1.192798610094465,0.41433167166744556,0.6070793724065137
35205125,m3_microenvironment,402,107,0.5790686376179917,1.7843757561393332,0.014171828668165598,0.0731920495742894
35265613,m0_score,402,107,-0.7986810829636708,0.4499219827281213,0.009164568900398162,0.05325154908581922
35265613,m1_clinical,402,107,-0.627073253389715,0.5341528455317401,0.0487854097389463,0.16261803246315434
35265613,m2_purity,402,107,-0.6958357248223093,0.4986575333180082,0.03699738836017815,0.13096420658470143
35265613,m3_microenvironment,402,107,-0.1987932552198863,0.8197193485117982,0.5965862190313216,0.7473771976872164
35281080,m0_score,402,107,-0.3398579969947862,0.7118714034641759,0.26481699875994325,0.4599376051499331
35281080,m1_clinical,402,107,-0.3883752749870803,0.6781577998456269,0.21091769460477416,0.4111298392124881
35281080,m2_purity,402,107,-0.5254879689506722,0.5912667741336636,0.1329952210853153,0.3156893229226542
35281080,m3_microenvironment,402,107,-0.4283620172939965,0.651575490501065,0.28573422332940285,0.4832714136649519
35299749,m0_score,402,107,-1.2858101347268933,0.27642655014786366,5.020481056459754e-08,2.0081924225839015e-05
35299749,m1_clinical,402,107,-1.1682754471381567,0.31090264725614614,6.989717843587598e-07,6.867803009000678e-05
35299749,m2_purity,402,107,-1.2150923281784567,0.2966826208635079,4.600963494573532e-07,5.703660417224975e-05
35299749,m3_microenvironment,402,107,-1.1000729134005454,0.33284681382023434,3.905299147259044e-06,0.00021863959529183413
35300137,m0_score,402,107,0.32938288533695376,1.3901100064429495,0.11219673147907898,0.2858738917631054
35300137,m1_clinical,402,107,0.1734767023975663,1.1894329755102218,0.41549709748167807,0.6076739999732038
35300137,m2_purity,402,107,0.07082573325482877,1.0733941526632411,0.7738870984126152,0.8904979210422149
35300137,m3_microenvironment,402,107,0.15270537856315938,1.1649816997942366,0.5891459865442428,0.743401875765606
35309900,m0_score,402,107,0.11943854042829877,1.1268639853610165,0.5344427774637446,0.7102229600847104
35309900,m1_clinical,402,107,0.11299347096320181,1.1196246228543594,0.5794283286641441,0.7357616590134249
35309900,m2_purity,402,107,-0.007090333353021727,0.9929347437571471,0.9768016320116162,0.9884063010151319
35309900,m3_microenvironment,402,107,0.21532829015698127,1.2402689982428667,0.3931168387350611,0.5933839075246206
35480865,m0_score,402,107,0.15046502862146058,1.1623746545482878,0.5714897357044184,0.7313850118385653
35480865,m1_clinical,402,107,0.050534387524655715,1.0518330326674576,0.8455237183938222,0.9304249996080576
35480865,m2_purity,402,107,0.07501365452346626,1.0778988689795477,0.7755099103275617,0.8904979210422149
35480865,m3_microenvironment,402,107,0.08495253486350578,1.0886653918206115,0.7330538887613788,0.8598872595441392
35593896,m0_score,402,107,0.24753601642450182,1.2808654937483261,0.13256891525855033,0.3156893229226542
35593896,m1_clinical,402,107,0.1387975526442149,1.1488914864148878,0.4136465559410871,0.6070793724065137
35593896,m2_purity,402,107,0.031886022217415586,1.0323998279558133,0.8842065310362363,0.9469413987001192
35593896,m3_microenvironment,402,107,0.6760989497911912,1.966192536005367,0.1051610137810554,0.27314549034040364
35626146,m0_score,402,107,0.11718835630576283,1.1243311846156112,0.7503424926591925,0.875034976862032
35626146,m1_clinical,402,107,0.317687098304351,1.3739462838387986,0.4034406028421217,0.6032756678013035
35626146,m2_purity,402,107,0.24597716654901033,1.2788703721843901,0.529961688756923,0.7056087611275673
35626146,m3_microenvironment,402,107,0.15842183137527613,1.1716603335685702,0.6870723097752023,0.8228410895511405
35646934,m0_score,402,107,-0.34106675228818906,0.7110114449814068,0.014370151646440475,0.0731920495742894
35646934,m1_clinical,402,107,-0.24234585679124093,0.784784707488906,0.10414532253685678,0.27138846263676036
35646934,m2_purity,402,107,-0.4645884112657413,0.6283936917345332,0.0068512147644053875,0.043013729469255274
35646934,m3_microenvironment,402,107,-0.16518467771569303,0.8477371314736757,0.4916849703097097,0.6712422802862931
35669725,m0_score,402,107,0.12630282649959587,1.1346257109958935,0.5682518018440765,0.7305864110552117
35669725,m1_clinical,402,107,-0.07255264223339092,0.9300167872108526,0.762223721317375,0.8811834928524567
35669725,m2_purity,402,107,-0.3265686354556083,0.7213948600844956,0.2904843709539282,0.4865375386394857
35669725,m3_microenvironment,402,107,-0.058182829186770445,0.9434774364548145,0.8576956874309214,0.9318493505347579
35730624,m0_score,402,107,0.40855571618524905,1.5046430833953102,0.03496726729720854,0.12544311138012032
35730624,m1_clinical,402,107,0.3396195963882759,1.4044132450657825,0.06719381391411698,0.20439182939655356
35730624,m2_purity,402,107,0.3673897782557262,1.4439606338982784,0.06821605860664384,0.20516107851622206
35730624,m3_microenvironment,402,107,0.31850206999183345,1.3750664675572564,0.12113193795839361,0.3047344351154556
35804889,m0_score,402,107,0.16071437222249624,1.1743494940696957,0.39561218429163636,0.595527636795349
35804889,m1_clinical,402,107,-0.02415191234010831,0.9761374111756033,0.8989320213654163,0.9574327827948695
35804889,m2_purity,402,107,-0.1471216086463323,0.863188999787562,0.4861503767403872,0.6659594201923112
35804889,m3_microenvironment,402,107,0.013710342630123981,1.0138047603841098,0.9593366052538279,0.9776678779656846
35846128,m0_score,402,107,0.08713616319176788,1.0910452298053746,0.7126232202087444,0.8458435848175007
35846128,m1_clinical,402,107,-0.07229460760308865,0.9302567947125072,0.7555990552315011,0.8769078982376741
35846128,m2_purity,402,107,-0.12565762302807865,0.88191674308328,0.5997702011439912,0.7473771976872164
35846128,m3_microenvironment,402,107,0.014481057485444091,1.0145864159514189,0.952202810391088,0.9743606456475261
35918812,m0_score,402,107,-0.07266396174426881,0.9299132639591778,0.6840933360442685,0.8219467244822632
35918812,m1_clinical,402,107,-0.2110275624870342,0.8097517478016434,0.23054653966413788,0.4250848805862148
35918812,m2_purity,402,107,-0.23770450902189516,0.7884356322922229,0.17789983876085108,0.37650759526106053
35918812,m3_microenvironment,402,107,-0.20396426958698688,0.8154915085151532,0.3334849029709554,0.5282929155975531
35949618,m0_score,402,107,0.6624150689446046,1.9394706382223668,0.007799236858760941,0.04777734995355406
35949618,m1_clinical,402,107,0.35183012537739544,1.4216669980598535,0.18482340966115066,0.38305369877958684
35949618,m2_purity,402,107,0.3207060077353064,1.3781003704834158,0.2391007417941478,0.4365349039660387
35949618,m3_microenvironment,402,107,0.4208130681259816,1.5231995172538508,0.13020452115526854,0.31564732401277223
35958598,m0_score,402,107,0.719772186420862,2.053965236168565,0.0003537884899209238,0.005340203621447906
35958598,m1_clinical,402,107,0.5629684802388735,1.755877058009506,0.006619754408692806,0.04203018672185909
35958598,m2_purity,402,107,0.5862028949911635,1.7971514704633857,0.013305478967703288,0.0713448908935941
35958598,m3_microenvironment,402,107,0.999384015949785,2.71660792581032,0.0005987881796886506,0.007403954980346776
36158580,m0_score,402,107,0.4347585788503299,1.5445901172132714,0.018903309139785007,0.08895674889310591
36158580,m1_clinical,402,107,0.2855319245739081,1.3304695493789707,0.14506076105497465,0.33347586273411095
36158580,m2_purity,402,107,0.23984478929880182,1.2710518541610194,0.24865767818596846,0.44558261604816396
36158580,m3_microenvironment,402,107,0.2654457373249807,1.3040120931180321,0.20331432242211717,0.40260261865765773
36211359,m0_score,402,107,0.8392164037773666,2.3145525913334843,0.00014798874334249226,0.002930484619352657
36211359,m1_clinical,402,107,0.6968816379550941,2.0074828783390157,0.002890657351666096,0.022671822366008596
36211359,m2_purity,402,107,0.6939937922598235,2.0016939403534395,0.0043560997677235735,0.03030330273199008
36211359,m3_microenvironment,402,107,0.7102713881440118,2.034543334669426,0.002210855663412732,0.01922483185576289
36211821,m0_score,402,107,-0.3206793447455146,0.7256558990652174,0.0861725312038075,0.23385853098752715
36211821,m1_clinical,402,107,-0.3451843418712665,0.708089810835179,0.07194024276816453,0.20947797418649364
36211821,m2_purity,402,107,-0.43406473533273915,0.6478703140274678,0.022986392077148615,0.09830434350367809
36211821,m3_microenvironment,402,107,-0.13182411659170246,0.8764951424760061,0.5529273145192231,0.7239637505980007
36300085,m0_score,402,107,0.3264861553807276,1.3860890597548599,0.08789604015525239,0.23675701051919834
36300085,m1_clinical,402,107,0.18009050452965075,1.1973257216195428,0.3586878658214332,0.559357295627966
36300085,m2_purity,402,107,0.057313458370733,1.0589877069361506,0.8338282435737179,0.9251908389167466
36300085,m3_microenvironment,402,107,0.9536775857612305,2.5952363351883254,0.02336973758446525,0.09891952416704868
36358715,m0_score,402,107,-0.21358497648530614,0.8076835231273025,0.22604873501535755,0.4205557860750838
36358715,m1_clinical,402,107,-0.09700859950476898,0.9075482016346272,0.5803320085468389,0.7357616590134249
36358715,m2_purity,402,107,-0.15132944947803773,0.8595644689411934,0.40868473802139216,0.6059235694283235
36358715,m3_microenvironment,402,107,-0.004987114349887598,0.9950253006579529,0.9774172156127777,0.9884063010151319
36428492,m0_score,402,107,0.1952184080612484,1.215576449194646,0.3621928984247794,0.5607437167031651
36428492,m1_clinical,402,107,0.30753828676379374,1.3600728802942343,0.18623453243625027,0.3849809456046517
36428492,m2_purity,402,107,0.2643235648126555,1.302549587336763,0.3206100348412895,0.5109323264403021
36428492,m3_microenvironment,402,107,0.31429846458073474,1.3692983626258386,0.24063986581127886,0.4365349039660387
36455365,m0_score,402,107,0.20578886709566632,1.228493801147845,0.2234878034410748,0.4187125123017795
36455365,m1_clinical,402,107,0.11317098481106251,1.1198233893707044,0.5298135703952495,0.7056087611275673
36455365,m2_purity,402,107,0.023499964302553793,1.023778264200359,0.914541950492084,0.9574327827948695
36455365,m3_microenvironment,402,107,-0.1333813394172021,0.8751313064076329,0.5678884420715822,0.7305864110552117
36468020,m0_score,402,107,-0.6852392365700951,0.5039696471817178,1.3016702463122924e-06,9.466692700453035e-05
36468020,m1_clinical,402,107,-0.5697743236409122,0.5656530788236519,8.419564584406887e-05,0.001981074019860444
36468020,m2_purity,402,107,-0.6438646904296239,0.5252585347659334,4.372791905836683e-06,0.00021863959529183413
36468020,m3_microenvironment,402,107,-0.5764002791564304,0.561917476321245,0.002559230018618527,0.02089167362137573
36505302,m0_score,402,107,-0.6087122738488839,0.5440510068939788,0.04459620703102161,0.1518168749992225
36505302,m1_clinical,402,107,-0.5573434635367127,0.5727285189053809,0.06945513318793392,0.20655801691578862
36505302,m2_purity,402,107,-0.5652017096488929,0.5682455145934887,0.06386804052991894,0.19651704778436596
36505302,m3_microenvironment,402,107,-0.22880271454930884,0.7954854557320012,0.5003343012446642,0.6818866115770551
36527532,m0_score,402,107,0.03970394916559074,1.0405026869012264,0.8467351273449377,0.930478161917514
36527532,m1_clinical,402,107,0.05566577309381843,1.0572442651990732,0.7846517102709082,0.8967448117381808
36527532,m2_purity,402,107,-0.05113784803394743,0.9501476855142129,0.8257675323396525,0.9251908389167466
36527532,m3_microenvironment,402,107,0.19594053261379035,1.2164545638100044,0.4186702050568779,0.6100840875145762
36568387,m0_score,402,107,0.08437015288764262,1.088031557303483,0.5519076118118402,0.7238132613925774
36568387,m1_clinical,402,107,0.024015738660549752,1.024306438975101,0.8669550048997663,0.9372486539456932
36568387,m2_purity,402,107,-0.09775347247672754,0.9068724452160705,0.5777845800469656,0.73486115109312
36568387,m3_microenvironment,402,107,0.19945636582874826,1.220738942336804,0.3854454203985629,0.5851163877018033
36620542,m0_score,402,107,0.7841658124960784,2.190578824861464,0.029692568828985338,0.1135447213455779
36620542,m1_clinical,402,107,0.39258571853081475,1.4808047922521803,0.29285168478542817,0.4872268901511129
36620542,m2_purity,402,107,0.2657334913277334,1.3043873818102867,0.5621977277410841,0.7286906182135403
36620542,m3_microenvironment,402,107,0.7215619985109122,2.057644739808601,0.12629895956146675,0.309936097083354
36973645,m0_score,402,107,0.16783141060720225,1.1827371968928977,0.21255636484204335,0.41173145732114935
36973645,m1_clinical,402,107,0.10347630285732042,1.1090195124600566,0.46488698328408207,0.6459257187488843
36973645,m2_purity,402,107,-0.06166995580780599,0.9401931408751798,0.8013544161967991,0.9054852160415809
36973645,m3_microenvironment,402,107,0.3403452329102167,1.4054327084434965,0.21638723440224067,0.413129865396574
37138324,m0_score,402,107,-0.11933636770517496,0.887509221108463,0.4650665174991967,0.6459257187488843
37138324,m1_clinical,402,107,-0.14119415472437605,0.8683207067629837,0.40932881027325196,0.6059235694283235
37138324,m2_purity,402,107,-0.169967503244816,0.8436922334108623,0.39167533805725185,0.592325653016638
37138324,m3_microenvironment,402,107,0.10870159179504331,1.1148296263924944,0.6161613675487894,0.764231153548886
37152941,m0_score,402,107,0.28458524192821755,1.3292106129466126,0.08652765646538504,0.23385853098752715
37152941,m1_clinical,402,107,0.21217614940706733,1.2363656509746113,0.19519787408596484,0.39278246306361897
37152941,m2_purity,402,107,0.25650453774380877,1.2924046303874837,0.17840653770909398,0.376583720757982
37152941,m3_microenvironment,402,107,0.267153144292065,1.306240474286395,0.1481574608853214,0.33864562488073463
37244876,m0_score,402,107,-0.13903345628887745,0.8701989143449701,0.4763908731760472,0.6559598942183095
37244876,m1_clinical,402,107,-0.24078168030101316,0.7860132098250106,0.24058150086347815,0.4365349039660387
37244876,m2_purity,402,107,-0.45597681856347755,0.6338285299840812,0.04234437428630575,0.1460150837458819
37244876,m3_microenvironment,402,107,-0.06307568277108948,0.9388724145341588,0.8134911746036474,0.9137520205736573
37301098,m0_score,402,107,0.7174760638045927,2.0492544904313386,5.4364099078367845e-06,0.00023912821827833716
37301098,m1_clinical,402,107,0.6053708259047994,1.8319314105680553,0.00024264646614560178,0.0040441077690933636
37301098,m2_purity,402,107,0.6329891135886075,1.8832313669623282,0.0003434035214213926,0.005283131098790655
37301098,m3_microenvironment,402,107,0.748460286588291,2.1137429514114596,3.815368862533317e-05,0.0010012867738942311
37379131,m0_score,402,107,0.21495207486747542,1.2398024778441836,0.2737239088280088,0.4669064542908465
37379131,m1_clinical,402,107,0.14923124840527702,1.1609414240232534,0.4722003951459236,0.6524357791308099
37379131,m2_purity,402,107,0.004879525174447103,1.0048914494444472,0.986613344708925,0.9928018793158647
37379131,m3_microenvironment,402,107,0.43550275811122907,1.5457399969503507,0.17763987289093858,0.37650759526106053
37423913,m0_score,402,107,0.18982097540772694,1.209033131618025,0.3148223816645487,0.5063848913887254
37423913,m1_clinical,402,107,-0.021317761645891692,0.9789078557714292,0.9087116573909454,0.9574327827948695
37423913,m2_purity,402,107,-0.012798429170794693,0.9872831224422352,0.946833760901577,0.9733988117985963
37423913,m3_microenvironment,402,107,0.08633081693498124,1.0901669143350758,0.6724005189267042,0.8125686029325729
37455996,m0_score,402,107,-0.1639482289522029,0.8487859632814253,0.46958648877998965,0.6504531709142687
37455996,m1_clinical,402,107,-0.1317327668541738,0.876575213734405,0.5619673813522648,0.7286906182135403
37455996,m2_purity,402,107,-0.2324182051075984,0.7926145785195603,0.3297792064228782,0.5234590578140924
37455996,m3_microenvironment,402,107,-0.1881643022634578,0.8284785751444592,0.42391654027625647,0.6123626100707422
37578544,m0_score,402,107,-0.6210779285406068,0.5373648843467406,4.276759299484124e-06,0.00021863959529183413
37578544,m1_clinical,402,107,-0.6158361344844285,0.5401890357470626,1.4044424862011457e-05,0.0004321361496003525
37578544,m2_purity,402,107,-0.7643149562258994,0.4656528142986525,4.843645159069283e-08,2.0081924225839015e-05
37578544,m3_microenvironment,402,107,-0.894981932633184,0.4086149811709081,6.646203290597822e-06,0.00025318869678467895
37588995,m0_score,402,107,-0.08177662075416724,0.9214777747183471,0.43105095470709653,0.6179942002969125
37588995,m1_clinical,402,107,-0.06079026760081306,0.941020581585061,0.5601495423831058,0.7286906182135403
37588995,m2_purity,402,107,-0.4091166632705295,0.6642367357718032,0.014436578175260806,0.0731920495742894
37588995,m3_microenvironment,402,107,-0.048700160676459686,0.9524666738508649,0.8336209569695076,0.9251908389167466
37594617,m0_score,402,107,0.2398109996987648,1.2710089065528365,0.033690791086874866,0.12221366096931453
37594617,m1_clinical,402,107,0.1099102376311903,1.1161778751919662,0.34896329292405315,0.5484688297431091
37594617,m2_purity,402,107,0.046561390090037215,1.0476623931830351,0.7620975991521045,0.8811834928524567
37594617,m3_microenvironment,402,107,0.7215262956938124,2.0575712774062143,0.03349289227419521,0.12221366096931453
37701108,m0_score,402,107,0.2183360118096171,1.2440049977708703,0.11584986258653521,0.2936759830836124
37701108,m1_clinical,402,107,0.10836844677224647,1.1144582883093468,0.4392474720352787,0.6247427485342841
37701108,m2_purity,402,107,0.14800732867509642,1.1595213940874,0.3405500891482679,0.5384191132778939
37701108,m3_microenvironment,402,107,0.1393267899906862,1.1494996836226838,0.38500859504577045,0.5851163877018033
37740761,m0_score,402,107,-0.04629020207046364,0.9547648472475172,0.7556501724069021,0.8769078982376741
37740761,m1_clinical,402,107,-0.0774392991286965,0.9254832003282923,0.5989941965927894,0.7473771976872164
37740761,m2_purity,402,107,-0.08175651850091797,0.9214962986841242,0.6060980787774635,0.7529168680465385
37740761,m3_microenvironment,402,107,-0.16647269412546326,0.8466459350274873,0.29141901784890467,0.4867123471380454
37745978,m0_score,402,107,0.19865351068792306,1.2197592591258177,0.21173186719443138,0.4111298392124881
37745978,m1_clinical,402,107,0.015507302279690492,1.0156281644321508,0.9248960640912204,0.96093097567919
37745978,m2_purity,402,107,-0.2157228781341178,0.8059586196854371,0.3497145205426555,0.5485717969296557
37745978,m3_microenvironment,402,107,-0.04408159825344777,0.9568758748872316,0.8984273407756685,0.9574327827948695
37747262,m0_score,402,107,0.04697975812666361,1.0481007933414306,0.732099649777852,0.8598872595441392
37747262,m1_clinical,402,107,0.01477542142942517,1.0148851175716644,0.915502202353799,0.9574327827948695
37747262,m2_purity,402,107,-0.307905043765961,0.7349851061133598,0.17948966400163235,0.376881184255396
37747262,m3_microenvironment,402,107,0.25771577474682594,1.2939709871217984,0.4596925435170123,0.6451825172168593
37780567,m0_score,402,107,0.01999197064654769,1.0201931485024907,0.9058506377683694,0.9574327827948695
37780567,m1_clinical,402,107,-0.031943389525234914,0.9685614112485602,0.8584662141801458,0.9318493505347579
37780567,m2_purity,402,107,-0.01885761240678301,0.9813190799575084,0.9193992711749035,0.9589562150455316
37780567,m3_microenvironment,402,107,0.09972141269960251,1.1048630743757668,0.5986251297994203,0.7473771976872164
37807731,m0_score,402,107,-0.336073250228415,0.7145707614274682,0.1259555716933839,0.309936097083354
37807731,m1_clinical,402,107,-0.12749737117941062,0.880295729970719,0.568780070666457,0.7305864110552117
37807731,m2_purity,402,107,-0.10744710668284316,0.8981240259534335,0.6309091534714086,0.7765035735032721
37807731,m3_microenvironment,402,107,-0.1273860471669263,0.8803937334785229,0.5689441676092462,0.7305864110552117
37845668,m0_score,402,107,0.41438186013090506,1.5134349370192128,0.15681085983978454,0.3484685774217434
37845668,m1_clinical,402,107,0.13221408249170621,1.141352636730643,0.6595466357143074,0.80310092628835
37845668,m2_purity,402,107,-0.06685942578446122,0.9353266749092608,0.8583898665032503,0.9318493505347579
37845668,m3_microenvironment,402,107,0.13380645241032274,1.143171540135099,0.7495153899993781,0.875034976862032
37849225,m0_score,402,107,-1.3770296395863588,0.2523269429783242,1.2350091684189748e-05,0.0003952029338940719
37849225,m1_clinical,402,107,-1.5853302652611314,0.20488011715650978,1.7957817451835599e-06,0.00011971878301223733
37849225,m2_purity,402,107,-1.7141705105462848,0.18011306065088395,2.23536532758323e-07,3.677412940151339e-05
37849225,m3_microenvironment,402,107,-1.6016379778207455,0.20156608666956347,4.3323348336307456e-05,0.0010502629899710899
37876438,m0_score,402,107,0.2002725084136412,1.2217356460435276,0.22476141196774704,0.41983595537436674
37876438,m1_clinical,402,107,0.2519262767258933,1.286501188708836,0.13890073417149493,0.32427939416851137
37876438,m2_purity,402,107,0.2995231667738724,1.3492153034802297,0.08510931313334588,0.23317620036533118
37876438,m3_microenvironment,402,107,0.21939155922768386,1.2453187973011963,0.2148811849660815,0.412171086791175
37919060,m0_score,402,107,0.1934879227819854,1.213474731064119,0.21968507694130285,0.4154800509528186
37919060,m1_clinical,402,107,0.20765327293954347,1.2307863486252528,0.19645517485341935,0.3929103497068387
37919060,m2_purity,402,107,0.16315018533959627,1.1772134766184954,0.36255895745164424,0.5607437167031651
37919060,m3_microenvironment,402,107,0.16453002641444928,1.1788389653275422,0.36923446808940086,0.5669627149165464
37965307,m0_score,402,107,-0.3785352752237763,0.6848638119047477,0.17572207004872342,0.3758760856657185
37965307,m1_clinical,402,107,-0.438920050690497,0.6447323234734025,0.1300440528205401,0.31564732401277223
37965307,m2_purity,402,107,-0.6086907863181744,0.5440626973322958,0.04768448083716158,0.1596133249779467
37965307,m3_microenvironment,402,107,-0.2565838916688003,0.7736900856844312,0.48080070908296013,0.6608944454748592
37968767,m0_score,402,107,0.3903449149258646,1.4774903144692444,0.03840592992982725,0.13475764887658684
37968767,m1_clinical,402,107,0.403843493121502,1.4975695486807483,0.04063791216736914,0.14075634984323124
37968767,m2_purity,402,107,0.6002991527911529,1.8226639738564743,0.04527735621981646,0.1523665337140296
37968767,m3_microenvironment,402,107,0.9278667691208147,2.529108247140573,0.0032835986943608076,0.02455027061204342
38017469,m0_score,402,107,0.011848297452629587,1.01191876656689,0.953672244519317,0.9743777721781016
38017469,m1_clinical,402,107,-0.017461044077236795,0.9826905165352973,0.9332364565967274,0.9670844109810647
38017469,m2_purity,402,107,-0.0752100012473034,0.9275486794948012,0.7272950789665098,0.8569014185172428
38017469,m3_microenvironment,402,107,-0.06186602115192389,0.9400088196535692,0.7769594361093326,0.8904979210422149
38049825,m0_score,402,107,0.6061969552573182,1.8334454481874762,0.029995398681359565,0.11372663007150546
38049825,m1_clinical,402,107,0.5209011893711074,1.6835441583668151,0.07454876058082223,0.21299645880234924
38049825,m2_purity,402,107,0.46589044109732475,1.5934324150781458,0.12594661392550274,0.309936097083354
38049825,m3_microenvironment,402,107,0.6324916356487614,1.8822947338980986,0.05239426442958405,0.16956876416526806
38073378,m0_score,402,107,0.8240307892817167,2.279670213452032,0.0007615151783746554,0.008461279759718393
38073378,m1_clinical,402,107,0.7404924507464636,2.096967913685029,0.004018596155508348,0.029226153858242527
38073378,m2_purity,402,107,0.7392336476314689,2.0943299046585744,0.0061797356449207735,0.0401934025685904
38073378,m3_microenvironment,402,107,0.6350355442118276,1.8870892153654948,0.02015058551825667,0.09132074283059738
38172584,m0_score,402,107,-0.03230004816797783,0.9682160270460028,0.8028631505941888,0.9059104661147406
38172584,m1_clinical,402,107,-0.058725581996471966,0.9429655003652313,0.6697508901565375,0.810591092473873
38172584,m2_purity,402,107,-0.12429260046767757,0.8831214013397811,0.4638745082822646,0.6459257187488843
38172584,m3_microenvironment,402,107,0.034648074110010606,1.03525531153609,0.8508567798253209,0.9315695701623173
38183115,m0_score,402,107,-0.3883688133417649,0.6781621818749549,0.02363855355158417,0.09921709064485747
38183115,m1_clinical,402,107,-0.5923073502953722,0.5530497319580233,0.0007826961715325424,0.008546757608560862
38183115,m2_purity,402,107,-0.5845631440986654,0.5573492899632154,0.0014520222836790844,0.013507184034224042
38183115,m3_microenvironment,402,107,-0.5864902203001022,0.5562762696386712,0.010498087167640974,0.05839946478701581
38217031,m0_score,402,107,0.4750729641855113,1.6081315292124478,0.010592031568796869,0.05843879486232755
38217031,m1_clinical,402,107,0.3447446972493229,1.4116294807697183,0.0674733804822248,0.20446478934007514
38217031,m2_purity,402,107,0.35356208326612637,1.4241313989355264,0.07729260312666354,0.22005011566309904
38217031,m3_microenvironment,402,107,0.6348310822147504,1.886703416777777,0.008335049680832627,0.05013563717794061
38273010,m0_score,402,107,-0.547841672337892,0.5781964019084433,0.006404226587796249,0.040987050161895994
38273010,m1_clinical,402,107,-0.5023460382246459,0.6051093834366431,0.013842034708236564,0.07237665206921079
38273010,m2_purity,402,107,-0.5420522462236602,0.5815535358192965,0.01764992002367037,0.08557536981173514
38273010,m3_microenvironment,402,107,-0.34827773479971175,0.7059027952149413,0.13903479024974927,0.32427939416851137
38282152,m0_score,402,107,0.17050151682345566,1.1858994507325678,0.36787916868880544,0.5659679518289314
38282152,m1_clinical,402,107,0.14741721709653777,1.1588373489384944,0.43822892073235586,0.6247427485342841
38282152,m2_purity,402,107,0.1512053330800656,1.163235484286351,0.4404436377166703,0.6247427485342841
38282152,m3_microenvironment,402,107,0.13840947982497964,1.1484457193573931,0.4751484719241613,0.6553772026540157
38305808,m0_score,402,107,0.38971293413833635,1.4765568639692002,0.020603066426745777,0.09213697988612629
38305808,m1_clinical,402,107,0.23355610803327062,1.263083695044771,0.1720087877771562,0.37008368773938577
38305808,m2_purity,402,107,0.22821355633706078,1.2563535990582262,0.2717388846774089,0.46550558402982256
38305808,m3_microenvironment,402,107,0.6217509947769658,1.8621858665229973,0.02275499706435779,0.09787095511551737
38332160,m0_score,402,107,0.09001472150217885,1.0941903917128788,0.7526173296259777,0.8764102819516479
38332160,m1_clinical,402,107,0.003552930931666653,1.0035592500723765,0.9903241500605344,0.9928018793158647
38332160,m2_purity,402,107,0.006993724106497427,1.0070182373078045,0.9816552578582586,0.9903205627826064
38332160,m3_microenvironment,402,107,0.05086257181458693,1.0521782843944076,0.8684036257407749,0.9375477740791092
38333832,m0_score,402,107,0.3057522428362595,1.3576458983787,0.11600201331802691,0.2936759830836124
38333832,m1_clinical,402,107,0.31286031330205,1.3673305198017347,0.10216933282217426,0.2671093668553575
38333832,m2_purity,402,107,0.28722003682859454,1.3327174281317802,0.1440154522724625,0.3329837046762139
38333832,m3_microenvironment,402,107,0.27187657116130476,1.312425000219859,0.159490770272265,0.3521979730638714
38356551,m0_score,402,107,0.33284112724391784,1.3949256651795672,0.028328588577083567,0.11109250422385712
38356551,m1_clinical,402,107,0.3118677595890241,1.3659740441162236,0.05095164544013277,0.16843519153762898
38356551,m2_purity,402,107,0.42612049721263373,1.531305282034917,0.08487015933991172,0.23317620036533118
38356551,m3_microenvironment,402,107,0.9506133612338873,2.5872961198699227,0.00039720055742642404,0.005574744665634022
38387404,m0_score,402,107,-0.2890018041616784,0.7490108540647707,0.09665088325857703,0.2560288298240451
38387404,m1_clinical,402,107,-0.23882321938029225,0.7875540943681898,0.18846455487484046,0.3856083506233709
38387404,m2_purity,402,107,-0.4132784142434173,0.6614780922658049,0.05159391311745822,0.1691603708769122
38387404,m3_microenvironment,402,107,-0.20816173859693513,0.8120756821082414,0.39051380212224496,0.5916875789730984
38507521,m0_score,402,107,-0.3839014486694536,0.6811985568957798,0.05656791535308739,0.1781666625294091
38507521,m1_clinical,402,107,-0.31751589434547745,0.7279551103123441,0.13192707497397793,0.3156893229226542
38507521,m2_purity,402,107,-0.33256741157097164,0.7170803277232232,0.12300513925089113,0.30847683824674893
38507521,m3_microenvironment,402,107,-0.185249145696246,0.8308972435893385,0.4108219157632993,0.6059235694283235
38570787,m0_score,402,107,0.09644283415813501,1.101246625653903,0.46208129101647333,0.6459257187488843
38570787,m1_clinical,402,107,-0.0026156291581334703,0.9973877886192841,0.9845095734939758,0.9919491924372552
38570787,m2_purity,402,107,0.02632289248639921,1.0266723997628737,0.8481240897918898,0.9307260244629793
38570787,m3_microenvironment,402,107,-0.08435767177040482,0.919102460293985,0.5411937653024956,0.7145307411265877
38714517,m0_score,402,107,0.23823111565719823,1.2690024452701145,0.04524095777688659,0.1523665337140296
38714517,m1_clinical,402,107,0.15489592320384457,1.167536441329332,0.20824919810978454,0.4093350331396256
38714517,m2_purity,402,107,0.13939316470915,1.1495759838727342,0.5421501998297984,0.7145307411265877
38714517,m3_microenvironment,402,107,0.6590452700398529,1.932946011703758,0.01814413212919602,0.08744160062263143
38735911,m0_score,402,107,0.2738064233968159,1.3149602320650593,0.1776109916212739,0.37650759526106053
38735911,m1_clinical,402,107,0.14680925013417634,1.1581330282391418,0.4890453303714506,0.6687799389695052
38735911,m2_purity,402,107,0.11324019341723777,1.1199008934685895,0.6009664235281953,0.7477031707971326
38735911,m3_microenvironment,402,107,0.0019186658345516088,1.0019205076515993,0.9928018793158647,0.9928018793158647
39033098,m0_score,402,107,-0.25474353997500876,0.7751152585514978,0.07208330872254337,0.20947797418649364
39033098,m1_clinical,402,107,-0.26348464689738055,0.7683694192032124,0.08389713164217852,0.23224119485724157
39033098,m2_purity,402,107,-0.7292673773503147,0.48226217689195744,0.00031148314537222065,0.00498373032595553
39033098,m3_microenvironment,402,107,-0.702673566513964,0.4952594231566776,0.06978634951952588,0.20677436894674334
39033778,m0_score,402,107,0.5195124187360445,1.6812077244377794,0.00088738865216957,0.009340933180732315
39033778,m1_clinical,402,107,0.38257559314476847,1.466055693929223,0.016126588434993552,0.07963747375305458
39033778,m2_purity,402,107,0.49832078508696315,1.6459550365557518,0.019687751430196816,0.09051839738021525
39033778,m3_microenvironment,402,107,1.4034543761769434,4.069232375658515,9.424517820127768e-06,0.00032539208495105024
39115575,m0_score,402,107,0.23973385930597446,1.270910864208106,0.15524290359749132,0.3484685774217434
39115575,m1_clinical,402,107,0.13928966084872396,1.1494570044780699,0.4078965836864272,0.6059235694283235
39115575,m2_purity,402,107,0.12997443055740365,1.1387992644899252,0.4642005676078721,0.6459257187488843
39115575,m3_microenvironment,402,107,0.1620212986350005,1.1758852858057969,0.37714929454666035,0.5758004496895578
39160525,m0_score,402,107,0.5532135587458735,1.738831887473319,0.005729333019363381,0.038062925082215544
39160525,m1_clinical,402,107,0.43801757965728516,1.5496321491821583,0.02773009851678644,0.11032087849975669
39160525,m2_purity,402,107,0.43004284995327324,1.537323396372648,0.052390302425692634,0.16956876416526806
39160525,m3_microenvironment,402,107,1.0296482826450488,2.800080824465406,0.00019408859317045397,0.003528883512190072
39269596,m0_score,402,107,-0.07253623944845454,0.9300320422013122,0.6476807218339475,0.7910604236139818
39269596,m1_clinical,402,107,0.0054821228023034015,1.0054971771348407,0.9726647395102576,0.9881252665510774
39269596,m2_purity,402,107,0.035954223795473514,1.0366083934069905,0.8423444454140547,0.9282032456353221
39269596,m3_microenvironment,402,107,0.19810235338805074,1.2190871651378314,0.3158575760037175,0.5063848913887254
39343809,m0_score,402,107,0.620605612321279,1.8600541725377473,0.005757017418685101,0.038062925082215544
39343809,m1_clinical,402,107,0.5682017172941096,1.7650900647919638,0.015210297821212571,0.07598764124302389
39343809,m2_purity,402,107,0.6331114363336233,1.8834617430824674,0.026954272464894808,0.10793655537502585
39343809,m3_microenvironment,402,107,0.677667622985098,1.9692792699360753,0.01901608646138595,0.08896414718777051
39368544,m0_score,402,107,0.6119180106437525,1.8439647532161054,0.0027199437839099897,0.021979343708363554
39368544,m1_clinical,402,107,0.5111178463230954,1.667153775430459,0.013479614760402374,0.07141517753855563
39368544,m2_purity,402,107,0.5847029415564933,1.7944578476020956,0.014216766549117545,0.0731920495742894
39368544,m3_microenvironment,402,107,0.7850743570092781,2.19256996761747,0.0029990099996520716,0.0232932815506957
39380003,m0_score,402,107,-0.6930381948221043,0.5000544958385011,0.009071913966129198,0.05325154908581922
39380003,m1_clinical,402,107,-0.5912936459000595,0.5536106451541891,0.03376152384277314,0.12221366096931453
39380003,m2_purity,402,107,-0.850096648605418,0.4273736248877861,0.0035808311563094255,0.026524675231921667
39380003,m3_microenvironment,402,107,-0.5689082753039996,0.5661431739242274,0.0689696170806342,0.20655801691578862
39432593,m0_score,402,107,-0.7715806887205335,0.4622817669088956,0.006279107914233875,0.04051037364021855
39432593,m1_clinical,402,107,-0.6447808401260853,0.5247775396841358,0.02130452734883813,0.09381339181745917
39432593,m2_purity,402,107,-0.6510536622028453,0.5214960065447996,0.020615649249520758,0.09213697988612629
39432593,m3_microenvironment,402,107,-0.49308716176103473,0.6107380337433238,0.08918700442762816,0.23865305958399063
39503984,m0_score,402,107,0.4171060180218599,1.517563393475839,0.027856021821188563,0.11032087849975669
39503984,m1_clinical,402,107,0.19982166894569234,1.2211849635389223,0.2893446958494823,0.4865375386394857
39503984,m2_purity,402,107,0.1380870025015332,1.1480754313636408,0.5028657846337874,0.6841711355561734
39503984,m3_microenvironment,402,107,0.2487413873462866,1.2824103426401292,0.31285348693118925,0.5056217970605079
39507864,m0_score,402,107,0.05815914235368943,1.0598836546689807,0.8544193276432409,0.9318493505347579
39507864,m1_clinical,402,107,-0.33754842025525905,0.7135174251742019,0.31012106874461676,0.5022203542422943
39507864,m2_purity,402,107,-0.42339535704454623,0.6548196943494785,0.21004131343899254,0.4111298392124881
39507864,m3_microenvironment,402,107,-0.1100784835542874,0.8957638298084866,0.7671769324992539,0.8843538126792552
39695796,m0_score,402,107,0.0970914467728778,1.101961139803641,0.6751313951148479,0.8142889689001381
39695796,m1_clinical,402,107,0.10825003138374374,1.114326327111439,0.6669436840012233,0.8084165866681495
39695796,m2_purity,402,107,0.055203619622866074,1.0567557689810732,0.8317656086006155,0.9251908389167466
39695796,m3_microenvironment,402,107,0.25643673709317216,1.292317007483136,0.32734139416700425,0.5206224956930485
39708127,m0_score,402,107,0.03373661705937641,1.0343121506737873,0.756333062229994,0.8769078982376741
39708127,m1_clinical,402,107,-0.0010397231765848756,0.9989608171482781,0.9927376744894398,0.9928018793158647
39708127,m2_purity,402,107,-0.2321855625610026,0.7927989958444024,0.1838532350917716,0.38264521754246633
39708127,m3_microenvironment,402,107,0.2370033389897168,1.2674453497552078,0.3065410181388603,0.4994558340348029
39739621,m0_score,402,107,-0.12887354884759078,0.8790851198441105,0.2513856717845894,0.44558261604816396
39739621,m1_clinical,402,107,-0.1545055593921113,0.856838728626387,0.18732186851541588,0.38523777586717917
39739621,m2_purity,402,107,-0.5771499451518125,0.5614963837561456,0.0006349887142910686,0.0076752147761991055
39739621,m3_microenvironment,402,107,-0.3995618813340276,0.6706137901026638,0.26794409191654806,0.4611216787954775
39749345,m0_score,402,107,0.9892093304937103,2.689107436319775,0.010511903661662846,0.05839946478701581
39749345,m1_clinical,402,107,0.8045323661688728,2.2356507883910184,0.05586390581022437,0.17664476145525496
39749345,m2_purity,402,107,0.7718631460052424,2.163793964594444,0.07120321675809926,0.20865411504204912
39749345,m3_microenvironment,402,107,0.9712693128039094,2.6412949620005186,0.028206211283171995,0.11109250422385712
39769061,m0_score,402,107,0.3558996082703692,1.427464235466671,0.07253174856207342,0.20947797418649364
39769061,m1_clinical,402,107,0.1763982867637984,1.1929130855382608,0.4010724165725762,0.6008575529177171
39769061,m2_purity,402,107,0.14680146001759362,1.1581240062829745,0.5281400207067624,0.7056087611275673
39769061,m3_microenvironment,402,107,0.21600740552702616,1.241111570051914,0.37468674459264273,0.5731345997593005
39867879,m0_score,402,107,-0.2660368338881611,0.7664108970878356,0.06259880825359054,0.19486010351312233
39867879,m1_clinical,402,107,-0.1890539191375001,0.8277418743635376,0.20082719264527907,0.40065275340704054
39867879,m2_purity,402,107,-0.490202933403961,0.6125020844386144,0.00904455968546801,0.05325154908581922
39867879,m3_microenvironment,402,107,-0.15280173269985098,0.8582998777421361,0.5420862077411956,0.7145307411265877
39991573,m0_score,402,107,0.3274654104569211,1.387447059308139,0.045329043779923806,0.1523665337140296
39991573,m1_clinical,402,107,0.1755014447873796,1.1918437106107698,0.31945960143345964,0.5101151320294764
39991573,m2_purity,402,107,0.1406430731904518,1.151013746993856,0.5164898408432363,0.695609213256884
39991573,m3_microenvironment,402,107,0.3927625511912578,1.481066670056783,0.1275617667135676,0.3120777167304406
40018511,m0_score,402,107,-0.18239360820844844,0.8332732926509558,0.40977335322054975,0.6059235694283235
40018511,m1_clinical,402,107,-0.26732480396922503,0.7654244181966037,0.24957590077675104,0.44558261604816396
40018511,m2_purity,402,107,-0.35526463468306013,0.7009879129466124,0.13393427252828916,0.31606907971277676
40018511,m3_microenvironment,402,107,-0.09549087183024461,0.9089266584526374,0.7052625125292614,0.8395982292015017
40097551,m0_score,402,107,0.2538307952149544,1.288953688683397,0.08602532177017445,0.23385853098752715
40097551,m1_clinical,402,107,0.14228189891413145,1.1529016044428875,0.35541534367523486,0.5564232386305047
40097551,m2_purity,402,107,0.11041744231577189,1.1167441494354244,0.5603781215816372,0.7286906182135403
40097551,m3_microenvironment,402,107,0.37270584914655797,1.4516572707993833,0.07890149543494454,0.22304309663588562
40319103,m0_score,402,107,0.30566927677190847,1.3575332645141882,0.025385654348870492,0.10361491570967547
40319103,m1_clinical,402,107,0.14688585599651396,1.158221751416786,0.29335911854458396,0.4872268901511129
40319103,m2_purity,402,107,0.0851816804959815,1.0889148833242273,0.6959779107857789,0.8310184009382434
40319103,m3_microenvironment,402,107,1.679730070928429,5.364107847034416,0.0003333613761403166,0.0052291980571030055
40330458,m0_score,402,107,0.08242341153212766,1.0859155016495872,0.6394511152911557,0.7834010600810484
40330458,m1_clinical,402,107,0.018143683892581287,1.0183092805200453,0.9187189450007712,0.9589562150455316
40330458,m2_purity,402,107,-0.16869221749980778,0.8447688684520498,0.4484522411334292,0.6338547577857656
40330458,m3_microenvironment,402,107,0.5809631240882768,1.7877594360230993,0.08139926618760415,0.2283300833486184
40348840,m0_score,402,107,0.3368701497779549,1.4005571892685573,0.08261937739071798,0.23029791607168773
40348840,m1_clinical,402,107,0.18167444738097627,1.1992237199005946,0.3602313264321432,0.5601594246962642
40348840,m2_purity,402,107,0.1678930779911117,1.1828101354506244,0.45035719504178673,0.6343059085095588
40348840,m3_microenvironment,402,107,0.14105503463677546,1.1514880179657763,0.5638243658427269,0.7286906182135403
40376515,m0_score,402,107,-0.9464710226062807,0.38810823479354906,0.0006015713421531755,0.007403954980346776
40376515,m1_clinical,402,107,-0.8213349164097125,0.4398441073134876,0.0023788221000572317,0.020245294468572185
40376515,m2_purity,402,107,-0.8459170455450687,0.4291636151168095,0.004285065721353084,0.03030330273199008
40376515,m3_microenvironment,402,107,-0.9320485189922542,0.39374628689596086,0.001973431766611633,0.017348850695486882
40427675,m0_score,402,107,0.09666627115506028,1.1014927123842295,0.62912525764966,0.7755010880119075
40427675,m1_clinical,402,107,-0.03589084069433694,0.9647455986951916,0.8656304652289473,0.9370830476091446
40427675,m2_purity,402,107,-0.07849901407705329,0.9245029714197976,0.7144810191393973,0.8467923189800265
40427675,m3_microenvironment,402,107,0.06866958090960933,1.0710822446522417,0.7502534465029287,0.875034976862032
40442298,m0_score,402,107,0.5806266300398548,1.7871579668139472,0.00468032636251625,0.03200223153857265
40442298,m1_clinical,402,107,0.4529494071986434,1.572944604827125,0.034700603410678384,0.12504721949794012
40442298,m2_purity,402,107,0.4856546334823962,1.6252385962782798,0.0692835132434825,0.20655801691578862
40442298,m3_microenvironment,402,107,1.0268333574913011,2.792209889763441,0.0007199531260050089,0.008224728038695268
40500142,m0_score,402,107,-0.3946333489393261,0.6739270900377623,0.0005637531373847287,0.007319018929604903
40500142,m1_clinical,402,107,-0.4415774302210125,0.6430212994213785,0.00012301033378924223,0.002523288898240866
40500142,m2_purity,402,107,-0.5528638899355663,0.5752998534005326,0.00021481159281372145,0.0037358537880647206
40500142,m3_microenvironment,402,107,-0.4048108354612464,0.6671029911533022,0.03174432035003521,0.117637253399464
40589607,m0_score,402,107,0.2084994798015257,1.2318282892655785,0.07239725379247096,0.20947797418649364
40589607,m1_clinical,402,107,0.0696642117813819,1.0721481061004603,0.5774044075112361,0.73486115109312
40589607,m2_purity,402,107,-0.017851066221557164,0.9823073202052196,0.91334305619162,0.9574327827948695
40589607,m3_microenvironment,402,107,0.12336015422385097,1.131291787101298,0.5603788414647091,0.7286906182135403
40626022,m0_score,402,107,0.3041758236301178,1.3555073653644867,0.020108376833842326,0.09132074283059738
40626022,m1_clinical,402,107,0.1862860618526012,1.2047668489252168,0.1717450232855448,0.37008368773938577
40626022,m2_purity,402,107,0.15622599816740368,1.169090385521029,0.40423382967566757,0.6033340741427874
40626022,m3_microenvironment,402,107,0.280950292760665,1.3243877706391878,0.24431598096728005,0.4402089747158199
40703521,m0_score,402,107,0.4454913200821514,1.5612570843823255,0.021955662842455825,0.09545940366285141
40703521,m1_clinical,402,107,0.31248784640933025,1.3668213292858946,0.10181295957870068,0.2670503857801985
40703521,m2_purity,402,107,0.29963013044723397,1.3493596282238602,0.1564859567857436,0.3484685774217434
40703521,m3_microenvironment,402,107,0.37315767635956154,1.4523133172569453,0.07050973359388094,0.2079633804858159
40735323,m0_score,402,107,1.528356110034693,4.61059128436668,1.1895662331150163e-06,9.466692700453035e-05
40735323,m1_clinical,402,107,1.1915802460251803,3.2922797107708894,0.00020951295513068163,0.0037246747578787843
40735323,m2_purity,402,107,1.2535927677243555,3.5029055026266565,0.00011670342123491359,0.0024569141312613388
40735323,m3_microenvironment,402,107,1.426163098045165,4.1626966525446,2.2467849499689953e-05,0.0006198027448190332
40779729,m0_score,402,107,0.224110537255861,1.251209317029115,0.4238830988629966,0.6123626100707422
40779729,m1_clinical,402,107,0.1042287264504267,1.109854278916052,0.7186370079792623,0.8479492719519319
40779729,m2_purity,402,107,-0.2018316045772431,0.8172325345738982,0.5987760545089342,0.7473771976872164
40779729,m3_microenvironment,402,107,0.7859475787120327,2.19448540347637,0.0963454385436478,0.2560288298240451
40867253,m0_score,402,107,0.3161697393926204,1.3718630950729866,0.00911501204342404,0.05325154908581922
40867253,m1_clinical,402,107,0.23191735255524487,1.2610155048121952,0.06349080279745649,0.19611058779137142
40867253,m2_purity,402,107,0.2940114150111932,1.3417992202326698,0.11142468727824867,0.2858738917631054
40867253,m3_microenvironment,402,107,0.49438078695650445,1.6394827355885326,0.021242335419517522,0.09381339181745917
40918470,m0_score,402,107,-0.30021672175406355,0.7406576866537259,0.04252955332954828,0.1460242174405091
40918470,m1_clinical,402,107,-0.24570348205634912,0.7821541132735361,0.12472503088498546,0.3098758531303986
40918470,m2_purity,402,107,-0.3215705592063131,0.7250094721297093,0.052566316891233096,0.16956876416526806
40918470,m3_microenvironment,402,107,-0.07605128501202087,0.9267686759979008,0.6842706481314842,0.8219467244822632
40994220,m0_score,402,107,-0.4370944023356275,0.6459104530770445,0.15631502562367383,0.3484685774217434
40994220,m1_clinical,402,107,-0.31948260064306105,0.726524843331089,0.29355420131604554,0.4872268901511129
40994220,m2_purity,402,107,-0.47097973224427253,0.6243902332718946,0.17109597556867967,0.37008368773938577
40994220,m3_microenvironment,402,107,-0.40871004266052563,0.6645068830384907,0.2432998802681926,0.4395596051270794
41137061,m0_score,402,107,-0.347369484672196,0.7065442227629413,0.18414801094231192,0.38264521754246633
41137061,m1_clinical,402,107,-0.38066048873115216,0.6834098755907506,0.12578721684387054,0.309936097083354
41137061,m2_purity,402,107,-0.5813993769733544,0.5591154056403262,0.026933048784285245,0.10793655537502585
41137061,m3_microenvironment,402,107,-0.4518823332706808,0.6364290518444079,0.15530003732347514,0.3484685774217434
41153362,m0_score,402,107,0.26456209628480865,1.3028603234660827,0.29966759044920677,0.49346534165078454
41153362,m1_clinical,402,107,0.16345465079529628,1.17757195202503,0.5268797927207309,0.7056087611275673
41153362,m2_purity,402,107,-0.019690725722445377,0.9805018704264206,0.9524375311204568,0.9743606456475261
41153362,m3_microenvironment,402,107,0.3139432492977104,1.3688120532977799,0.39677028801490133,0.595527636795349
41198839,m0_score,402,107,-0.39255535659453383,0.6753289614063489,0.08634522470638012,0.23385853098752715
41198839,m1_clinical,402,107,-0.33332402032415764,0.7165379836675325,0.17410800029558815,0.3734219845481783
41198839,m2_purity,402,107,-0.3017868465568043,0.7394956741406292,0.22093654679649438,0.4164464364415174
41198839,m3_microenvironment,402,107,0.016599099540385243,1.016737630025501,0.952428703348135,0.9743606456475261
41216727,m0_score,402,107,-0.28523997197342343,0.7518338136259516,0.07970743421362315,0.22452798370034693
41216727,m1_clinical,402,107,-0.18546926411681014,0.8307143679283178,0.2680854955487897,0.4611216787954775
41216727,m2_purity,402,107,-0.35229010738482386,0.7030761248113285,0.07399206087652686,0.21216361541656448
41216727,m3_microenvironment,402,107,-0.2558573623769492,0.7742523984381046,0.19174118124909456,0.3893860468202448
41252049,m0_score,402,107,0.27604880481714283,1.3179121829208524,0.21689317933320135,0.413129865396574
41252049,m1_clinical,402,107,0.18637545297143998,1.2048745491954342,0.42991169510324134,0.6174674256419983
41252049,m2_purity,402,107,0.13068941686017027,1.1396137815151954,0.5954069037600687,0.7473771976872164
41252049,m3_microenvironment,402,107,0.1483996560907202,1.159976395368205,0.5769661555764082,0.73486115109312
41337795,m0_score,402,107,-0.24639698447971223,0.7816118755438596,0.23060854771802153,0.4250848805862148
41337795,m1_clinical,402,107,-0.24281994157530687,0.7844127411790686,0.2530951255255839,0.4459826000450817
41337795,m2_purity,402,107,-0.6684913290896821,0.5124811602722313,0.017547128561184077,0.08557536981173514
41337795,m3_microenvironment,402,107,-0.36196763367326273,0.6963049043090993,0.23399920024371507,0.4293563307224129
41357226,m0_score,402,107,0.12453842762205612,1.1326255437303177,0.43827053778473346,0.6247427485342841
41357226,m1_clinical,402,107,-0.03330862911582742,0.9672399950940751,0.8376232219548727,0.9268306743622381
41357226,m2_purity,402,107,-0.034974364695580434,0.965630170163647,0.8299417007564476,0.9251908389167466
41357226,m3_microenvironment,402,107,-0.10318232062217252,0.9019625121232369,0.5387901600478343,0.7136293510567342
41388608,m0_score,402,107,0.012699281390045608,1.012780259689624,0.9141613918323418,0.9574327827948695
41388608,m1_clinical,402,107,0.08763890498295128,1.0915938817420419,0.46995241598555915,0.6504531709142687
41388608,m2_purity,402,107,0.05209947506694371,1.0534805323477696,0.7052053864960312,0.8395982292015017
41388608,m3_microenvironment,402,107,0.13942295285234316,1.149610228116787,0.3180755561274163,0.5089208898038661
41505248,m0_score,402,107,1.1003438644685168,3.005199227530414,0.00011545020049002722,0.0024569141312613388
41505248,m1_clinical,402,107,0.7574935457205119,2.132923439965382,0.014714634271141776,0.07403589570385799
41505248,m2_purity,402,107,0.8310161433349686,2.2956502651982045,0.023101520723364348,0.09830434350367809
41505248,m3_microenvironment,402,107,0.7004343170733021,2.0146275046086544,0.054808036032277185,0.17473270974510094
41507856,m0_score,402,107,-0.2131781848955839,0.8080121488282219,0.3962634079176195,0.595527636795349
41507856,m1_clinical,402,107,-0.3277605653097607,0.7205355202522677,0.1822944521890262,0.3807717017003158
41507856,m2_purity,402,107,-0.2844468994645532,0.752430308855497,0.27883156620455274,0.4735992631924463
41507856,m3_microenvironment,402,107,-0.021398150081624857,0.9788291660630906,0.9436557670067042,0.9733988117985963
41533176,m0_score,402,107,0.32318858920607046,1.3815258672060389,0.011004799297418773,0.059890064203639584
41533176,m1_clinical,402,107,0.19267779915042327,1.2124920646025854,0.14331544671833846,0.33232567354977033
41533176,m2_purity,402,107,0.20132679548513047,1.2230243853711629,0.3156934107696256,0.5063848913887254
41533176,m3_microenvironment,402,107,0.9747644930122075,2.6505429160944036,0.00587455773339867,0.03852169005507324
41582171,m0_score,402,107,-0.02359474686608643,0.9766814327799653,0.9035587272255811,0.9574327827948695
41582171,m1_clinical,402,107,0.01875612490051799,1.0189331258969445,0.922382754456631,0.960522754994348
41582171,m2_purity,402,107,-0.11752618091074095,0.8891172335427975,0.5955387330747127,0.7473771976872164
41582171,m3_microenvironment,402,107,0.09029392628767963,1.0944959375594403,0.6893188226855987,0.8242975458123751
41584451,m0_score,402,107,-0.7389531892011323,0.4776136250251121,7.726278385125763e-07,6.867803009000678e-05
41584451,m1_clinical,402,107,-0.6410433842454101,0.5267425423539094,1.5135429263597882e-05,0.00044845716336586313
41584451,m2_purity,402,107,-0.737903355253171,0.4781153033160456,5.679295184110508e-06,0.00023912821827833716
41584451,m3_microenvironment,402,107,-0.6158163184366304,0.5401997402648752,0.00023826753923138785,0.0040441077690933636
41668898,m0_score,402,107,0.1035993904389495,1.1091560273912988,0.5723087717636773,0.7313850118385653
41668898,m1_clinical,402,107,-0.03720179397979954,0.9634816909259803,0.8352951139137248,0.9255347522589749
41668898,m2_purity,402,107,-0.11069067773797386,0.8952156162256263,0.5538429528426771,0.7239777161342185
41668898,m3_microenvironment,402,107,0.08585871543510681,1.089652366368695,0.7080096272140404,0.8416161987685472
41685329,m0_score,402,107,0.7547902229560555,2.1271652461102635,0.0018399397390992478,0.016355019903104423
41685329,m1_clinical,402,107,0.7570836837024302,2.132049414786961,0.0017929527690363285,0.01611642938459621
41685329,m2_purity,402,107,0.7575902910618734,2.1331298003537214,0.003760280709136593,0.027598390525773158
41685329,m3_microenvironment,402,107,0.7840520378997001,2.1903296068174405,0.0031637687936816113,0.024104905094717036
41715136,m0_score,402,107,-0.2862510573065012,0.7510740296520255,0.17144777181146337,0.37008368773938577
41715136,m1_clinical,402,107,-0.29793471213566014,0.7423498045990092,0.15130440990779595,0.3428995125389144
41715136,m2_purity,402,107,-0.3206355952441973,0.7256876468433993,0.12446064250882535,0.3098758531303986
41715136,m3_microenvironment,402,107,-0.31698704209179995,0.7283401928299122,0.13240185069550475,0.3156893229226542
41727459,m0_score,402,107,0.35873083113469334,1.4315114314014958,0.024163493853079945,0.10015956001276662
41727459,m1_clinical,402,107,0.3007818450425967,1.3509146006724289,0.06466624678260785,0.1982107181076103
41727459,m2_purity,402,107,0.3250775703180443,1.3841380098422138,0.12419881138470298,0.3098758531303986
41727459,m3_microenvironment,402,107,0.7097496276917558,2.03348206730674,0.0050996734799657875,0.03428351919304731
41809788,m0_score,402,107,0.3918459246839824,1.4797097070970864,0.02938183301240953,0.11300705004772896
41809788,m1_clinical,402,107,0.4059284134835039,1.5006951190767777,0.03164334548117234,0.117637253399464
41809788,m2_purity,402,107,0.4741610768377913,1.6066657628259708,0.03176205841785528,0.117637253399464
41809788,m3_microenvironment,402,107,0.5028506326490999,1.6534278745958206,0.02457521090568062,0.10082137807458716
41836241,m0_score,402,107,0.9017167483290971,2.4638292572649547,0.029805489353214202,0.1135447213455779
41836241,m1_clinical,402,107,0.5383431508847907,1.7131660517805274,0.19177262805897055,0.3893860468202448
41836241,m2_purity,402,107,0.6161203811045637,1.8517300811903288,0.14506200028933827,0.33347586273411095
41836241,m3_microenvironment,402,107,0.4446566317277616,1.559954464992029,0.3013408979407486,0.49400147203401407
41836296,m0_score,402,107,-0.241392420312549,0.7855333066711206,0.1558607190388524,0.3484685774217434
41836296,m1_clinical,402,107,-0.32791934044781873,0.7204211262072694,0.04345415144410618,0.14856120151831173
41836296,m2_purity,402,107,-0.4561814130583545,0.6336988654209307,0.02216409569345455,0.09584473813385751
41836296,m3_microenvironment,402,107,-0.5046807366085101,0.6036982834245019,0.023871476133247686,0.09946448388853203
41862905,m0_score,402,107,-1.126116991850264,0.3242900356524562,2.298383087594587e-07,3.677412940151339e-05
41862905,m1_clinical,402,107,-0.9416004622407931,0.3900031502836076,1.634476371387531e-05,0.000466993248967866
41862905,m2_purity,402,107,-1.0587369736586574,0.34689366960030416,9.761762548531508e-06,0.00032539208495105024
41862905,m3_microenvironment,402,107,-1.0791136260862115,0.339896667702626,4.843095955439303e-06,0.000227910397903026
41870815,m0_score,402,107,0.6187899304301767,1.8566799700263776,0.00015605063160866852,0.0029723929830222577
41870815,m1_clinical,402,107,0.5504869457603085,1.7340972236005079,0.0012276829278457487,0.011977394418007305
41870815,m2_purity,402,107,0.5680931769729018,1.7648984917462587,0.002296976720851187,0.019758939534203757
41870815,m3_microenvironment,402,107,0.6975489875823769,2.008823018410904,0.0004366220927539368,0.006022373693157749
41971137,m0_score,402,107,-0.44515774323977086,0.6407231983072671,0.11046567293150482,0.2858738917631054
41971137,m1_clinical,402,107,-0.3118457434185604,0.7320944499057661,0.2901465300386027,0.4865375386394857
41971137,m2_purity,402,107,-0.34615818686523514,0.7074005767756572,0.2685480919883335,0.4611216787954775
41971137,m3_microenvironment,402,107,0.09084659461154207,1.0951009979781883,0.796917472589538,0.9030226318295049
41981124,m0_score,402,107,0.1497274884465781,1.1615176726104448,0.22218687122114114,0.41725234032139186
41981124,m1_clinical,402,107,-0.023362692359120012,0.9769081024071495,0.8563837938462828,0.9318493505347579
41981124,m2_purity,402,107,-0.19549862941417132,0.8224244707667347,0.25089493403997354,0.44558261604816396
41981124,m3_microenvironment,402,107,-0.19157882922086714,0.8256545368372434,0.6656955253686321,0.8081281036341512
41992284,m0_score,402,107,-0.026024070561048673,0.9743116370987517,0.8318566263697402,0.9251908389167466
41992284,m1_clinical,402,107,-0.039187696873658105,0.9615702084852563,0.7634266662768323,0.8813006248506001
41992284,m2_purity,402,107,-0.3881301069830094,0.67832408282266,0.05482238768252542,0.17473270974510094
41992284,m3_microenvironment,402,107,0.331351149561048,1.3928488046913012,0.3058740676150911,0.49938623284096506
42030617,m0_score,402,107,0.49371753279895453,1.6383957023774198,0.0630802243983209,0.19559759503355315
42030617,m1_clinical,402,107,0.3226407705714498,1.380769248855511,0.22985183295697037,0.4250848805862148
42030617,m2_purity,402,107,0.2817823731614057,1.3254902263484036,0.37410013612923987,0.5731345997593005
42030617,m3_microenvironment,402,107,0.8410495466592691,2.3187993882445914,0.013836561663008319,0.07237665206921079
42052292,m0_score,402,107,0.2210253315232287,1.2473550275667182,0.31448844054735803,0.5063848913887254
42052292,m1_clinical,402,107,0.020681035554271192,1.020896370055046,0.9233024982383171,0.960522754994348
42052292,m2_purity,402,107,-0.22401330992096594,0.7993044956189004,0.43484887098392355,0.6223239656299443
42052292,m3_microenvironment,402,107,-0.05094288031267156,0.9503329517032096,0.8864994960997269,0.9481278033152158
42059994,m0_score,402,107,0.7244938511211273,2.0636863030687596,0.000652393255976924,0.0076752147761991055
42059994,m1_clinical,402,107,0.5545794988494066,1.7412086505701907,0.01091029918891617,0.059782461309129696
42059994,m2_purity,402,107,0.6327884789130724,1.8828535633495802,0.016905375603091348,0.08297116860412931
42059994,m3_microenvironment,402,107,0.6686561905493127,1.9516129617696338,0.01202898172350678,0.06502152282976638
42159275,m0_score,402,107,0.2035868730377757,1.2257916412594185,0.08419451289878503,0.23226072523802768
42159275,m1_clinical,402,107,0.03269557284084088,1.033235946274548,0.7900128559123717,0.9002995508972897
42159275,m2_purity,402,107,-0.07604139316787344,0.9267778434945462,0.6226637734637501,0.7699088389041733
42159275,m3_microenvironment,402,107,0.3794370131360643,1.4614615741141828,0.34663394261796343,0.545880224595218
42164400,m0_score,402,107,0.7454327099218231,2.10735311032064,0.00038483303782561683,0.005549938975103828
42164400,m1_clinical,402,107,0.7005876618071626,2.014936460814975,0.0012921495598098185,0.012390047733467573
42164400,m2_purity,402,107,0.8076278420946509,2.24258191361608,0.001301080585687568,0.012390047733467573
42164400,m3_microenvironment,402,107,1.074505434469506,2.9285441853123406,0.00028079322467129626,0.0045843791783068775
42215586,m0_score,402,107,0.00170651778813115,1.001707974718253,0.9904269234811405,0.9928018793158647
42215586,m1_clinical,402,107,-0.10892289717193297,0.8967995606149689,0.44328989928164375,0.6276671140271062
42215586,m2_purity,402,107,-0.11663860688072722,0.8899067412303574,0.4216310260887094,0.6121684589309756
42215586,m3_microenvironment,402,107,-0.17972975619224552,0.8354959685170636,0.21036460045138367,0.4111298392124881
42220482,m0_score,402,107,-1.028059635878603,0.35770035656933136,2.0664826948433218e-07,3.677412940151339e-05
42220482,m1_clinical,402,107,-0.9648827600272358,0.38102786881774786,3.835972840987066e-06,0.00021863959529183413
42220482,m2_purity,402,107,-1.081030766356942,0.3392456623467718,4.990702865071853e-07,5.703660417224975e-05
42220482,m3_microenvironment,402,107,-1.0016551588447307,0.3672710458948985,9.792798053216048e-05,0.0022383538407350968
42244509,m0_score,402,107,-0.1385077652972086,0.870656490336452,0.5715711239768548,0.7313850118385653
42244509,m1_clinical,402,107,-0.19398928467882884,0.8236667300748418,0.43976914413281076,0.6247427485342841
42244509,m2_purity,402,107,-0.27096623839845935,0.7626422439939828,0.3003406933501974,0.49346534165078454
42244509,m3_microenvironment,402,107,-0.0895525319084432,0.914340231825331,0.7400734447492997,0.8668503013168957
42251607,m0_score,402,107,0.06201501207789285,1.063978317133517,0.6869590820999859,0.8228410895511405
42251607,m1_clinical,402,107,0.004497671484268589,1.0045078011896607,0.9785222380049806,0.9884063010151319
42251607,m2_purity,402,107,-0.2862429059837393,0.7510801519238116,0.251921088439463,0.44558261604816396
42251607,m3_microenvironment,402,107,-0.03103280512425016,0.9694437698310513,0.9073090248242264,0.9574327827948695
42279297,m0_score,402,107,0.1430806189579002,1.153822817909705,0.42582915441815594,0.613177628679346
42279297,m1_clinical,402,107,0.16197918641920486,1.1758357677135558,0.3561502819257041,0.5564848155089126
42279297,m2_purity,402,107,0.08765377953152592,1.091610118829019,0.7164302284083586,0.8478464241519037
42279297,m3_microenvironment,402,107,0.567895887544348,1.7645503302767847,0.032507931581297285,0.1195659173789375
42319469,m0_score,402,107,0.4872484335424049,1.627830966962071,0.021559214449619907,0.09424793202019631
42319469,m1_clinical,402,107,0.3239236604992997,1.3825417605431471,0.12825586337983677,0.31281917897521166
42319469,m2_purity,402,107,0.317936464584883,1.3742889424352245,0.23156933385070913,0.42587463696682143
42319469,m3_microenvironment,402,107,0.6127692347502696,1.8455350487074818,0.026984138843756462,0.10793655537502585
42371282,m0_score,402,107,0.30233294877277445,1.3530116352873482,0.14223939224116394,0.3307892842817766
42371282,m1_clinical,402,107,0.31214165779744024,1.3663482332021708,0.1317528278944372,0.3156893229226542
42371282,m2_purity,402,107,0.27780211912549063,1.3202249240969426,0.2670110737808441,0.4611216787954775
42371282,m3_microenvironment,402,107,0.7518418466633919,2.120902799089799,0.010128132478066357,0.05783844271714103
42421957,m0_score,402,107,0.17973313275323877,1.1968979076483364,0.21757819615037077,0.4134502539674504
42421957,m1_clinical,402,107,0.06438443550887592,1.0665023213246778,0.6758598441871146,0.8142889689001381
42421957,m2_purity,402,107,-0.07319913469459606,0.9294157326786728,0.7179247732728016,0.8479492719519319
42421957,m3_microenvironment,402,107,-0.0330251439905073,0.9675142321145205,0.9140781224916852,0.9574327827948695
42436233,m0_score,402,107,0.47438081278767796,1.6070188438443915,0.006935963876917413,0.043013729469255274
42436233,m1_clinical,402,107,0.30510148202625487,1.3567626830463038,0.09979981663651938,0.26349786570698186
42436233,m2_purity,402,107,0.2740552425058043,1.3152874600069513,0.2153593928483889,0.412171086791175
42436233,m3_microenvironment,402,107,0.3266053199139749,1.3862542422524569,0.1774968123013521,0.37650759526106053
42436798,m0_score,402,107,0.023049433590815745,1.0233171245369175,0.913762557626115,0.9574327827948695
42436798,m1_clinical,402,107,0.05485282995153016,1.0563851349832798,0.8012114400230621,0.9054852160415809
42436798,m2_purity,402,107,0.017518771919868663,1.0176731256498237,0.9381091252600714,0.9696218348941306
42436798,m3_microenvironment,402,107,-0.044796837592335007,0.9561917243139477,0.839540793054806,0.9276693845909458
42482080,m0_score,402,107,-0.15233855317198405,0.8586975167562934,0.15178671964185889,0.34302083534883365
42482080,m1_clinical,402,107,-0.13622294632437543,0.872648057122785,0.22513703106950417,0.41983595537436674
42482080,m2_purity,402,107,-0.5691604092527811,0.5660004480039912,0.000729944613434205,0.008224728038695268
42482080,m3_microenvironment,402,107,-0.3492275573326634,0.7052326311528191,0.19491819189126036,0.39278246306361897
42493447,m0_score,402,107,-0.12485631212363044,0.8826237158009732,0.7839918268961643,0.8967448117381808
42493447,m1_clinical,402,107,0.05391683359548319,1.055396824945804,0.9088622537141107,0.9574327827948695
42493447,m2_purity,402,107,0.09716565487523247,1.1020429172829327,0.8420885736872967,0.9282032456353221
42493447,m3_microenvironment,402,107,0.42128637469022523,1.5239206282238358,0.4499969068452909,0.6343059085095588
42500328,m0_score,402,107,-0.33618059742322753,0.7144940583777363,0.05142430282698513,0.1691603708769122
42500328,m1_clinical,402,107,-0.5079624069339741,0.6017203918513474,0.004171007103239985,0.030061312455783674
42500328,m2_purity,402,107,-0.5832839997299214,0.5580626763337038,0.003098859268192727,0.023837378986097897
42500328,m3_microenvironment,402,107,-0.4576872940957683,0.6327453084679262,0.029100450364034823,0.11300705004772896
42555166,m0_score,402,107,-0.12193117426816634,0.8852092915833845,0.5130801511605185,0.6923480878529641
42555166,m1_clinical,402,107,-0.22274584468087927,0.8003182285832791,0.25231115633727286,0.44558261604816396
42555166,m2_purity,402,107,-0.9578505333571138,0.383716786617572,0.001046408532522538,0.01046408532522538
42555166,m3_microenvironment,402,107,-0.54917737079023,0.5774246214170147,0.2639880142794051,0.4599376051499331
42576531,m0_score,402,107,-0.1935380706848747,0.8240384638892487,0.26860337789836564,0.4611216787954775
42576531,m1_clinical,402,107,-0.19042585275170013,0.8266070460947396,0.28716995201872414,0.48467502450417577
42576531,m2_purity,402,107,-0.3400894077986585,0.7117066877896749,0.07780703406075055,0.22072917464042713
42576531,m3_microenvironment,402,107,0.08607432192491123,1.0898873278192114,0.7310293926812435,0.8598872595441392
