pmid,primary_mean,normal_looking_mucosa_mean,normal_looking_minus_primary,mannwhitney_pvalue,qvalue
26802582,0.0402388228430115,-0.0424424354408584,-0.08268125828387,0.1048295359606083,0.13335909321571057
28400426,-0.1505471662091442,0.4045760874474186,0.5551232536565629,8.180096928816164e-09,3.823719727190812e-08
29147616,-0.1355014463297472,0.3723719129810579,0.5078733593108051,3.491062301327938e-09,1.8964960069376096e-08
30642841,0.0280611172559797,-0.1567735982033404,-0.1848347154593201,0.0125984297576101,0.02042164823612605
30846479,-0.1353035079917744,0.2964965491460709,0.4318000571378453,3.4162749087023075e-08,1.391950709467127e-07
31894276,-0.0956703762518318,0.1789150300630254,0.2745854063148572,0.000725388239631,0.0014294415310375588
32096345,-0.1185637204449131,0.3500711695944133,0.4686348900393264,2.9876993341366085e-10,2.3097214083133014e-09
32117435,-0.1131778614382084,0.2419672970198287,0.3551451584580372,1.5266526547691935e-09,9.298702533594178e-09
32467671,0.1285691997898235,-0.3199169445723865,-0.44848614436221,5.904973886650092e-10,4.092757762816098e-09
32695477,-0.2002000988552981,0.598357144585502,0.7985572434408001,2.8978433060419594e-10,2.3097214083133014e-09
32763782,-0.1034366111405808,0.2747378289148706,0.3781744400554514,1.3775085731835886e-09,8.931587845480687e-09
32929335,-0.0413977985299215,0.0816688841915928,0.1230666827215143,0.0499709562630578,0.06879563156763437
33208770,0.0262433536226883,-0.005293753346668,-0.0315371069693563,0.5709508717452447,0.612151622178494
33292266,-0.0684539278435718,0.1721151467884061,0.2405690746319779,0.0457092712587262,0.0642486959650627
33313125,-0.0256307597086721,0.1296681704669537,0.1552989301756258,0.0120224287137961,0.019646407898154604
33391264,0.093929049258341,-0.1320231756975403,-0.2259522249558814,0.0148599642704772,0.023705181098142198
33392066,-0.0211529834965441,0.1346206178358111,0.1557736013323553,0.0017120881304179,0.0032465067378679045
33456631,-0.032963433903436,0.1421454662770616,0.1751089001804977,0.018862724774302,0.02894204335599009
33459039,-0.0084611200275567,-0.0006418664397979,0.0078192535877588,0.9481227358192552,0.9528633494983515
33535616,0.1998686093582745,-0.6252059151961367,-0.8250745245544111,5.315059336634705e-10,3.81545330951277e-09
33545950,0.0601767134354705,-0.1583605248296322,-0.2185372382651028,0.0002440269239505,0.0005323140609962968
33837006,-0.0590054795545203,0.2719058955178793,0.3309113750723996,0.001071814947387,0.0020714885040844905
33925460,0.0216652419745405,-0.0458119641526729,-0.0674772061272135,0.0276976598356317,0.04093551196295567
33937319,-0.1336010695705106,0.3672985138034567,0.5008995833739673,2.9876993341366085e-10,2.3097214083133014e-09
33962639,0.0345055241875741,-0.0300652787888991,-0.0645708029764732,0.0697513641841035,0.09409412215439467
33985530,-0.0995428802427789,0.2269937324591653,0.3265366127019442,6.079829892435216e-07,2.0367430139657975e-06
34095228,0.1096668433748384,-0.3060941543599808,-0.4157609977348192,1.0248211032643933e-07,3.886585693512133e-07
34112144,-0.1495498676542815,0.3721869220098261,0.5217367896641076,3.750595684790128e-09,1.9329993144687583e-08
34266411,-0.0869585676801856,0.2271535587057153,0.314112126385901,0.0005839781631256,0.0011723727156133217
34329197,-0.0527315161838786,0.1559302114567171,0.2086617276405957,0.0001969741572176,0.00043990895111930666
34339395,0.0223369757054398,-0.0958499036581275,-0.1181868793635674,0.0283738512467534,0.04162878905545572
34368227,-0.2171034211570027,0.5363474350957569,0.7534508562527596,4.2688069447582063e-16,4.290150979481997e-14
34404901,0.013335798448966,0.0237337806794611,0.010397982230495,0.5725597262167008,0.612151622178494
34418989,-0.0052636906763421,0.0317038371451773,0.0369675278215194,0.3705078140413381,0.4231367648994827
34422642,0.042983362420292,-0.147303502096664,-0.1902868645169561,0.0017968334782923,0.0033753600853902084
34426176,-0.1366650238242304,0.3690981581793596,0.5057631820035899,1.6684629687867665e-06,5.3231913766053975e-06
34490263,-0.1164742939904179,0.2722764618059844,0.3887507557964024,6.67997887696286e-06,1.9459068902457027e-05
34512654,-0.0113213087420123,-0.0171755026999768,-0.0058541939579644,0.4596835511389965,0.5076724932908697
34512722,-0.0997905773150709,0.2581062170671362,0.3578967943822072,6.2600509735112995e-09,3.068951818721393e-08
34521394,-0.0467569449590687,0.1641828568064252,0.2109398017654939,0.02073665956868,0.031338861453418645
34530089,-0.0727321692882062,0.2406006577121723,0.3133328270003785,3.63056748729632e-05,9.477195648656629e-05
34644219,0.0748056210706261,-0.1086729489617046,-0.1834785700323307,0.0998590194973969,0.127844986745075
34706720,-0.1187622427532927,0.3395611354855242,0.4583233782388169,5.240384108954587e-05,0.000131664650737484
34803395,0.0445843914820946,-0.0413558548258495,-0.0859402463079442,0.3084150393726905,0.36041524949948134
34849009,-0.0941169386762738,0.2723775939143331,0.3664945325906069,9.105573862988552e-06,2.6146004949438554e-05
34901008,-0.0080438736150578,0.06311736405088,0.0711612376659379,0.2822239393139852,0.33368830471830013
35023971,-0.0675578071970024,0.1895445277849965,0.257102334981999,7.219681940772849e-05,0.00017697025245065156
35027921,0.035791867406668,-0.1114121561636454,-0.1472040235703134,0.0179251487666717,0.02771503770846932
35125116,-0.0547228381023349,0.1370435966585454,0.1917664347608804,0.0005638921770294,0.0011549428675124546
35127296,-0.0883666095720526,0.2206505416113101,0.3090171511833627,1.1967844512617598e-06,3.879897979090544e-06
35169299,0.058529574438975,-0.1329175849766072,-0.1914471594155823,0.0035988730159667,0.006182679283840228
35205125,-0.1087632313020197,0.3818213153456216,0.4905845466476414,1.1707026708721064e-05,3.268211622851297e-05
35265613,-0.0062582556034858,0.05621747163053,0.0624757272340159,0.1567644823254067,0.19450407992226387
35281080,-0.0308138768787207,0.1071009508663211,0.1379148277450419,5.240384108954587e-05,0.000131664650737484
35299749,0.1301079828015965,-0.2776076032470344,-0.4077155860486309,3.025808958535995e-08,1.2670575013869478e-07
35300137,-0.0911675318151224,0.3094930576084028,0.4006605894235252,5.032708919209512e-05,0.00012968903753347586
35309900,-0.017584863918456,0.1257577594818533,0.1433426234003093,0.0488754663916091,0.06775150858423054
35480865,0.1183269885399802,-0.2798056994499767,-0.3981326879899569,4.781255132070744e-09,2.4025807038655488e-08
35593896,-0.1358494316301633,0.3451115897019096,0.4809610213320729,2.275640571166951e-08,9.94355988705559e-08
35626146,0.0054467599745955,0.0196714651858962,0.0142247052113006,0.8638043840029183,0.8768923292150838
35646934,-0.0556525629402951,0.1784340226952811,0.2340865856355763,0.007911818761882,0.013476911619815948
35669725,-0.0097378548060989,-0.0304581861394902,-0.0207203313333913,0.6521922670746494,0.6899507667473922
35730624,0.0226810030591392,-0.0360294819615913,-0.0587104850207306,0.0304884103634265,0.0437726463074909
35804889,-0.0717915271970262,0.2679046079933361,0.3396961351903624,1.9900494279706183e-06,6.249998984720223e-06
35846128,-0.0943687303807695,0.2847152707052862,0.3790840010860558,1.3375713812906083e-09,8.931587845480687e-09
35918812,-0.1080977939748994,0.2785960774025035,0.3866938713774028,4.3490803481223606e-08,1.714049313671754e-07
35949618,-0.0506519771123962,0.1523590558181445,0.2030110329305408,0.0022280012289039,0.004071165881906218
35958598,-0.0971392830579592,0.2349893462279493,0.3321286292859086,2.8279693612906685e-08,1.2094081736583498e-07
36158580,-0.056834585485,0.1064779338291672,0.1633125193141672,0.0750108143379763,0.09984883233068367
36211359,-0.1178183082435086,0.2432762761259703,0.3610945843694789,3.129092301677792e-06,9.529508373291458e-06
36211821,0.1356851999693734,-0.3277811355924334,-0.4634663355618068,2.297000384945012e-09,1.35793258051161e-08
36300085,-0.1422855395843783,0.3590197102189266,0.5013052498033049,3.3420624717040264e-11,3.5926725676277856e-10
36358715,-0.0166794917654524,0.1714626207691527,0.1881421125346051,0.030307169667294,0.0437726463074909
36428492,-0.0174621373444889,0.1024878619205121,0.119949999265001,0.0157576780207181,0.024552661102049136
36455365,-0.1154274753350421,0.267289313650474,0.3827167889855161,5.712445128735978e-06,1.6885315748175464e-05
36468020,0.0187629210453546,-0.0108767714344025,-0.0296396924797572,0.6953764695491635,0.7242003646600097
36505302,0.0105744894489069,0.0371742812591255,0.0265997918102185,0.258579750109383,0.3093722010237261
36527532,-0.1585924873888099,0.4222176237734027,0.5808101111622127,7.625182498204208e-13,1.178970524722343e-11
36568387,-0.0764747331536322,0.2437714209051072,0.3202461540587396,0.000235149844903,0.0005193969101703627
36620542,-0.0228756375478268,0.035458553242874,0.0583341907907009,0.0408166494084867,0.058185436390821466
36973645,-0.1948300021744465,0.4696415156395337,0.6644715178139803,1.3905537497775374e-13,2.79501303705285e-12
37138324,0.0198341135120579,0.0253963513835568,0.0055622378714988,0.2995116451074323,0.35205754775785897
37152941,0.08742400012305,-0.1546460271116131,-0.2420700272346632,0.0001111690787969,0.00026288217456678706
37244876,-0.0676546494994246,0.1952547183940807,0.2629093678935054,9.796310430521e-05,0.00023441171387318107
37301098,-0.0437920567148439,0.0968957794162666,0.1406878361311106,0.009094256199592,0.0152328791343166
37379131,-0.080788086734297,0.1659624883287334,0.2467505750630305,0.0002651603882985,0.0005610235583999841
37423913,-0.1253419802190834,0.3117048869711193,0.4370468671902028,2.6937245519810917e-09,1.5469675284234268e-08
37455996,-0.0526775682856755,0.1348231128710809,0.1875006811567564,0.0001951357708307,0.00043990895111930666
37578544,-0.0108912360214456,0.0623231788445551,0.0732144148660008,0.6883956672487825,0.7206642141510692
37588995,-0.1910951545069434,0.5127823126030029,0.7038774671099463,2.0683591539294e-08,9.238670887551319e-08
37594617,-0.2663400230975148,0.6544602501150913,0.9208002732126062,1.5385190591276282e-11,1.8190725346156074e-10
37701108,0.1236365645880614,-0.3751775592285621,-0.4988141238166236,8.445421199907698e-07,2.78283551013352e-06
37740761,0.1992894683779585,-0.5787391800404369,-0.7780286484183954,7.625485978044443e-09,3.649339718064126e-08
37745978,-0.2062512122448232,0.522790957016882,0.7290421692617053,2.7251877919419656e-13,4.979661328912137e-12
37747262,-0.1504762177157891,0.3752408145741744,0.5257170322899636,3.462563953898326e-08,1.391950709467127e-07
37780567,-0.0570853416031723,0.2252836503265832,0.2823689919297555,0.0010022585177626,0.001955863709420219
37807731,0.0503165061254093,-0.0538368434999283,-0.1041533496253377,0.1696124798904374,0.20915403961949644
37845668,0.0069048764849331,-0.0302112224265213,-0.0371160989114545,0.3302552762100944,0.3793217743898798
37849225,-0.0251373601405102,0.0229045674037722,0.0480419275442824,0.4844605391317067,0.5292204802471361
37876438,0.0187580135486419,-0.0391880863153335,-0.0579460998639754,0.2060093464791369,0.24944505206208745
37919060,-0.2249957195703256,0.5935004638929491,0.8184961834632747,3.4031595927084584e-15,1.1400584635573337e-13
37965307,-0.0265766594815377,0.0775667482410802,0.1041434077226179,0.0089073877405625,0.015045251561790441
37968767,-0.0294665114318124,0.1132182211293127,0.1426847325611252,0.002107935195894,0.003923101614580499
38017469,-0.0263232872482696,0.0203998375855716,0.0467231248338413,0.884310093667771,0.8931976322975979
38049825,-0.0917571917476432,0.1628600625662074,0.2546172543138506,2.6777959961711364e-07,9.611374914828542e-07
38073378,0.0618281892728725,-0.1519530422625986,-0.2137812315354711,0.0001694239516241,0.00039597923577260584
38172584,0.0059687716921164,0.0465343366756565,0.0405655649835401,0.4177405637574547,0.47061095775623013
38183115,-0.0396530706615689,0.0607216662122679,0.1003747368738369,0.0900331226533369,0.11600421572641485
38217031,-0.010419574888975,-0.0013711536239099,0.009048421265065,0.4511111316040099,0.500957665482906
38273010,0.0652495682696531,-0.1223293481273624,-0.1875789163970155,0.0108661222899545,0.017902381805580774
38282152,0.0132511346086712,-0.0891896900819283,-0.1024408246905995,0.0797726938871091,0.10479942138110411
38305808,-0.1592110706605005,0.403375254157921,0.5625863248184216,1.0220053490121256e-11,1.2838942196964829e-10
38332160,0.0391142956074475,-0.0882548555491959,-0.1273691511566435,0.0032850124778985,0.005741630504848684
38333832,-0.0035361582010289,0.0399389148710025,0.0434750730720315,0.2738389106993324,0.3256900653879634
38356551,-0.2276915887634431,0.5441072699171273,0.7717988586805704,1.5592244885008729e-15,7.835103054716886e-14
38387404,0.0181237142075685,-0.0369720802448257,-0.0550957944523942,0.3232527211522739,0.3734126261586612
38507521,-0.0126175232490434,0.1113636255570102,0.1239811488060537,0.0216655145964342,0.03249827189465131
38570787,0.1810568434301708,-0.4708486758215733,-0.6519055192517441,5.382073587654509e-08,2.0803784444587623e-07
38714517,-0.2613152479761148,0.6042209841179983,0.8655362320941131,6.317243222034554e-14,1.5872073595361817e-12
38735911,-0.0021450502232104,-0.0462169314688603,-0.0440718812456499,0.5267995800889268,0.5723606248533745
39033098,-0.0915079372359703,0.2271172027883722,0.3186251400243425,9.832281842665244e-06,2.7835051413742452e-05
39033778,-0.0899526428097101,0.2152980209153104,0.3052506637250206,0.0003919915731983,0.0008122711980707041
39115575,-0.0004136418518883,-0.0333280170723243,-0.032914375220436,0.6693363745708959,0.7043801638154454
39160525,-0.1907028170550542,0.4683642780752202,0.6590670951302745,1.078122426787014e-10,1.083513038920949e-09
39269596,0.0677946882918466,-0.1251006580106035,-0.1928953463024502,0.0444419805219574,0.06290731045713688
39343809,-0.0632701033714368,0.1378369088679949,0.2011070122394317,0.0106470957520328,0.017686497902137128
39368544,-0.0934666740866017,0.2551097273766949,0.3485764014632967,3.274656742465992e-05,8.660605332048216e-05
39380003,-0.0575119469715744,0.1775061854226222,0.2350181323941966,5.182727359042447e-07,1.7656410155381896e-06
39432593,-0.0349741371240335,0.1216191435669793,0.1565932806910128,0.0647985227117864,0.08860206166713651
39503984,-0.0324030993464873,0.1065527119756506,0.1389558113221379,0.0486047660339449,0.06775150858423054
39507864,0.0260992582017311,-0.0387683941359929,-0.064867652337724,0.0195937851071714,0.02983599095864736
39695796,0.0194842305180674,-0.0584508462826068,-0.0779350768006743,0.2001315313766617,0.24528315735798173
39708127,-0.0940027231623381,0.2558859804353908,0.349888703597729,0.002281350993436,0.004131095042167891
39739621,-0.2138319323309289,0.5128789492083554,0.7267108815392844,1.5103972971550996e-07,5.622034383855093e-07
39749345,0.0077080892737384,-0.064248242743638,-0.0719563320173764,0.0152532298505558,0.023952337499700903
39769061,0.0562292740457923,-0.1215428663362663,-0.1777721403820586,0.0267094435486657,0.03976739372801337
39867879,-0.0735470834169421,0.2357833673187131,0.3093304507356552,0.0001793006626026,0.000409539013444575
39991573,-0.1096876078546956,0.322513571285238,0.4322011791399336,2.9540526832927124e-06,9.134839836028234e-06
40018511,-0.0208807496908506,0.1419237490927404,0.1628044987835911,0.0294147884632987,0.04284327884871767
40097551,0.0075398044696664,-0.0232198961684665,-0.0307597006381329,0.7288800258003685,0.7551798205457426
40319103,-0.1477548578264159,0.3593471525669015,0.5071020103933175,2.8978433060419594e-10,2.3097214083133014e-09
40330458,-0.1436030445041093,0.3990394071684136,0.5426424516725229,7.430086130006749e-14,1.659385902368174e-12
40348840,-0.060475363434118,0.0682750190229003,0.1287503824570183,0.0150554660843254,0.02382794238542839
40376515,0.1343332817117313,-0.4115216450974667,-0.5458549268091981,6.303318509412162e-13,1.055805850326537e-11
40427675,0.0670486028068092,-0.2318067123358279,-0.2988553151426371,3.201857760199189e-06,9.605573280597568e-06
40438104,-0.0958080480947466,0.2665472476974275,0.3623552957921742,4.413953839832984e-07,1.5296633134593616e-06
40442298,-0.0184056818764281,0.0435549525199958,0.0619606343964239,0.2382230637408107,0.2867235677359458
40500142,0.0837242390726775,-0.1824843934993255,-0.2662086325720031,0.0001742965250544,0.00040268507512568276
40589607,-0.1997570591188207,0.5424761480939396,0.7422332072127604,2.057907372766895e-12,2.7575958795076392e-11
40626022,-0.1783682029015891,0.4038107294764118,0.582178932378001,3.233052586351846e-07,1.1400764383451248e-06
40703521,0.0402867351181291,-0.1888579854244068,-0.2291447205425359,0.0027203017469515,0.004838766824223464
40735323,0.0350986398780193,-0.1319317714933316,-0.1670304113713509,0.0005891027078455,0.0011723727156133217
40779729,-0.0965123612742693,0.2279341838937087,0.324446545167978,1.5266526547691935e-09,9.298702533594178e-09
40867253,-0.2306037231559416,0.5453435957958022,0.7759473189517437,3.426874256507774e-10,2.5511175020668983e-09
40918470,-0.0406537066153787,0.1457090257736541,0.1863627323890329,0.0900331226533369,0.11600421572641485
40994220,-0.0551233010072055,0.1416828496804645,0.19680615068767,2.2017716569732905e-05,5.900748040688418e-05
41137061,-0.0437494213776378,0.1539286801676772,0.1976781015453149,8.456796346308425e-05,0.00020479711633831246
41153362,-0.1108338033826571,0.282526855377365,0.3933606587600221,3.396058646016315e-11,3.5926725676277856e-10
41198839,-0.063986877938151,0.2193806201242041,0.2833674980623551,2.0267199525011918e-07,7.40674019004981e-07
41216727,-0.0743020303039386,0.0568933933354661,0.1311954236394048,0.0695689716161113,0.09409412215439467
41252049,-0.0068542096817684,-0.0324986076679534,-0.0256443979861849,0.8600854920375317,0.8768923292150838
41337795,-0.0122751993687052,0.0296198344246642,0.0418950337933694,0.3871678699167985,0.43966520821060173
41357226,0.0706454845373789,-0.2366122796068812,-0.3072577641442602,0.002647310633515,0.004750977119076027
41388608,0.01435664973063,0.0986269911437965,0.0842703414131664,0.4273203068173739,0.4771743426127341
41505248,-0.020197584501438,0.0300546689707085,0.0502522534721466,0.4625611629747627,0.5080589822837558
41507856,0.0025254338285037,0.0751445961886611,0.0726191623601574,0.322095107639802,0.3734126261586612
41533176,-0.2644933239229656,0.6559636004916904,0.920456924414656,2.609684362983775e-15,1.0490931139194776e-13
41582171,-0.0120085231540783,0.1539887061056477,0.1659972292597261,0.0141932110827357,0.022822683421039006
41584451,0.1055208208583807,-0.1769923937244222,-0.2825132145828029,0.0011458137370831,0.0021934148681305057
41668898,-0.0253169787290935,0.0260920842298677,0.0514090629589613,0.8619445554933161,0.8768923292150838
41685329,-0.0586323287935975,0.0889265711617415,0.1475588999553391,0.0843508805971437,0.11009433116899925
41715136,-0.0006696416658987,-0.0354372590517275,-0.0347676173858287,0.2060093464791369,0.24944505206208745
41727459,-0.182709007971452,0.4843175156415342,0.6670265236129863,5.771596542880109e-14,1.5872073595361817e-12
41809788,0.0122338728777084,-0.0209376349803082,-0.0331715078580167,0.8258430370073673,0.8512535919922093
41836241,0.0483468753990425,-0.1363170853129676,-0.1846639607120102,0.0003155341950455,0.0006606497208765156
41836296,-0.1174873377359271,0.299756912767537,0.4172442505034641,2.9374695086648187e-09,1.640087142337857e-08
41862905,-0.0139572384599531,0.094555871946291,0.1085131104062441,0.1237875774066353,0.15454225502319066
41870815,-0.0931238613498042,0.269068029121227,0.3621918904710312,0.000568852457133,0.0011549428675124546
41971137,0.0063546290172134,0.0449535785906658,0.0385989495734523,0.4191013006883841,0.47061095775623013
41981124,-0.2795447939725797,0.6780719387641304,0.95761673273671,6.808827983610514e-16,4.561914749019044e-14
41992284,-0.0752047590805756,0.1806330201489213,0.255837779229497,0.0002462945655356,0.0005323140609962968
42030617,-0.0589485404452868,0.1570107973158259,0.2159593377611128,1.5009004737761397e-05,4.076770205797352e-05
42052292,-0.0934813962353886,0.1974011492063667,0.2908825454417554,0.0002532166567826,0.0005414526384393893
42059994,0.0096593542384705,-0.1133651643892198,-0.1230245186276903,0.1220643811341172,0.15334337879973473
42159275,-0.0968410578450423,0.2079362916389865,0.3047773494840289,7.077671557750113e-05,0.00017563110902565096
42164400,-0.0874387150238602,0.2194466841004114,0.3068853991242717,1.3332110747742754e-05,3.670896246981224e-05
42215586,0.1669888954693621,-0.4321526320870225,-0.5991415275563846,3.5927067728417236e-09,1.900352793003122e-08
42220482,0.0679537312309268,-0.0919662495598819,-0.1599199807908088,0.0797726938871091,0.10479942138110411
42244509,0.0147618729858305,-0.0552340717355924,-0.069995944721423,0.1131886984483446,0.14308759992526582
42251607,0.0401462289780863,-0.1150616763984107,-0.1552079053764971,0.073857334768256,0.09896882858946303
42279297,-0.1412550782031573,0.3126488755737931,0.4539039537769505,2.9876993341366085e-10,2.3097214083133014e-09
42319469,0.0134013389132037,-0.0035764412253856,-0.0169777801385893,0.5329986244627063,0.5759823845000213
42371282,-0.2153493818312156,0.5190107226638582,0.7343601044950738,2.7747559177660763e-16,4.290150979481997e-14
42421957,-0.2081565227044793,0.5029409077563372,0.7110974304608164,1.7185639440939346e-10,1.6449112036327661e-09
42436233,-0.1143600034374603,0.2975100087245791,0.4118700121620395,0.0030194284862802,0.005323729173178248
42436798,-0.0276522795464685,-0.021962405624485,0.0056898739219835,0.6504877323124023,0.6899507667473922
42482080,0.0300355359754954,-0.0513198442945428,-0.0813553802700383,0.9669733380530168,0.9669733380530168
42493447,-0.0127150952523952,0.0536664118282332,0.0663815070806284,0.0021757969746754,0.004012249467061977
42500328,0.055286257107035,-0.1193542748403773,-0.1746405319474123,0.0033355271511228,0.005779663425652438
42555166,-0.1424872153228441,0.3428578826810504,0.4853450980038946,1.3444951618290978e-12,1.930310910911776e-11
42576531,-0.1123263908047584,0.3057563420136222,0.4180827328183806,1.4078481327968556e-08,6.431306243003818e-08
