pmid,max_micro_abs_rho,normal_mucosa_elevation_significant,m0_global_q,m3_global_q,raw_gene_count,tcga_mapped_count,normal_looking_minus_primary,mannwhitney_pvalue,class_0.3,class_0.4,class_0.5
41584451,0.3829255601018397,False,6.867803009000678e-05,0.0040441077690933,4,4,-0.2825132145828029,0.0011458137370831,microenvironment_correlated,composition_adjustment_persistent,composition_adjustment_persistent
42220482,0.3796007236925459,False,3.677412940151339e-05,0.002238353840735,3,3,-0.1599199807908088,0.0797726938871091,microenvironment_correlated,composition_adjustment_persistent,composition_adjustment_persistent
41862905,0.3617474727328271,False,3.677412940151339e-05,0.000227910397903,6,6,0.1085131104062441,0.1237875774066353,microenvironment_correlated,composition_adjustment_persistent,composition_adjustment_persistent
41685329,0.3247095565579782,False,0.0163550199031044,0.024104905094717,4,4,0.1475588999553391,0.0843508805971437,microenvironment_correlated,composition_adjustment_persistent,composition_adjustment_persistent
34644219,0.312868015508402,False,0.0002730295936834,0.0119773944180073,3,3,-0.1834785700323307,0.0998590194973969,microenvironment_correlated,composition_adjustment_persistent,composition_adjustment_persistent
40735323,0.2420777152573784,False,9.466692700453037e-05,0.000619802744819,9,8,-0.1670304113713509,0.0005891027078455,composition_adjustment_persistent,composition_adjustment_persistent,composition_adjustment_persistent
33925460,0.2306486382674783,False,0.001050262989971,0.047777349953554,11,11,-0.0674772061272135,0.0276976598356317,composition_adjustment_persistent,composition_adjustment_persistent,composition_adjustment_persistent
35169299,0.1213697074433732,False,0.0029304846193526,0.0430137294692552,7,7,-0.1914471594155823,0.0035988730159667,composition_adjustment_persistent,composition_adjustment_persistent,composition_adjustment_persistent
35299749,0.0890856091042963,False,2.008192422583901e-05,0.0002186395952918,5,5,-0.4077155860486309,3.025808958535995e-08,composition_adjustment_persistent,composition_adjustment_persistent,composition_adjustment_persistent
42436233,0.5882833387640074,True,0.0430137294692552,0.3765075952610605,4,4,0.4118700121620395,0.0030194284862802,microenvironment_associated_attenuation,microenvironment_associated_attenuation,microenvironment_associated_attenuation
33292266,0.5700475258475936,True,0.0208094748281234,0.1747327097451009,5,5,0.2405690746319779,0.0457092712587262,microenvironment_associated_attenuation,microenvironment_associated_attenuation,microenvironment_associated_attenuation
39343809,0.5534013025602674,True,0.0380629250822155,0.0889641471877705,6,6,0.2011070122394317,0.0106470957520328,microenvironment_associated_attenuation,microenvironment_associated_attenuation,microenvironment_associated_attenuation
34803395,0.5504795280030111,False,0.0221786654866491,0.117637253399464,5,5,-0.0859402463079442,0.3084150393726905,microenvironment_associated_attenuation,microenvironment_associated_attenuation,microenvironment_associated_attenuation
42059994,0.4912072403780735,False,0.0076752147761991,0.0650215228297663,4,4,-0.1230245186276903,0.1220643811341172,microenvironment_associated_attenuation,microenvironment_associated_attenuation,microenvironment_associated_attenuation
35949618,0.4390145068357132,True,0.047777349953554,0.3156473240127722,6,6,0.2030110329305408,0.0022280012289039,microenvironment_associated_attenuation,microenvironment_associated_attenuation,microenvironment_associated_attenuation
41505248,0.3956701754883521,False,0.0024569141312613,0.1747327097451009,7,7,0.0502522534721466,0.4625611629747627,microenvironment_associated_attenuation,microenvironment_associated_attenuation,microenvironment_associated_attenuation
38073378,0.3277302854972643,False,0.0084612797597183,0.0913207428305973,5,5,-0.2137812315354711,0.0001694239516241,microenvironment_associated_attenuation,microenvironment_associated_attenuation,microenvironment_associated_attenuation
40500142,0.3035758599397827,False,0.0073190189296049,0.117637253399464,12,12,-0.2662086325720031,0.0001742965250544,microenvironment_associated_attenuation,microenvironment_associated_attenuation,microenvironment_associated_attenuation
34418989,0.2889198219807584,False,0.0024569141312613,0.0544288299419799,12,12,0.0369675278215194,0.3705078140413381,microenvironment_associated_attenuation,microenvironment_associated_attenuation,microenvironment_associated_attenuation
30642841,0.2567018473642529,False,0.0320022315385726,0.1407563498432312,3,3,-0.1848347154593201,0.0125984297576101,microenvironment_associated_attenuation,microenvironment_associated_attenuation,microenvironment_associated_attenuation
38273010,0.1573266780089145,False,0.0409870501618959,0.3242793941685113,6,6,-0.1875789163970155,0.0108661222899545,microenvironment_associated_attenuation,microenvironment_associated_attenuation,microenvironment_associated_attenuation
33391264,0.1407091237481577,False,0.0332830616764321,0.3927824630636189,3,3,-0.2259522249558814,0.0148599642704772,microenvironment_associated_attenuation,microenvironment_associated_attenuation,microenvironment_associated_attenuation
39432593,0.0892727284497547,False,0.0405103736402185,0.2386530595839906,6,6,0.1565932806910128,0.0647985227117864,microenvironment_associated_attenuation,microenvironment_associated_attenuation,microenvironment_associated_attenuation
34426176,0.967938626087766,True,0.356496860965078,0.4079255396586265,17,16,0.5057631820035899,1.6684629687867665e-06,microenvironment_correlated,microenvironment_correlated,microenvironment_correlated
34266411,0.9570776890545049,True,0.3856083506233709,0.4455826160481639,5,5,0.314112126385901,0.0005839781631256,microenvironment_correlated,microenvironment_correlated,microenvironment_correlated
41981124,0.9551938565667022,True,0.4172523403213918,0.8081281036341512,15,14,0.95761673273671,6.808827983610515e-16,microenvironment_correlated,microenvironment_correlated,microenvironment_correlated
39739621,0.9404336236508988,True,0.4455826160481639,0.4611216787954775,7,7,0.7267108815392844,1.5103972971550996e-07,microenvironment_correlated,microenvironment_correlated,microenvironment_correlated
37594617,0.9392047088722006,True,0.1222136609693145,0.1222136609693145,4,4,0.9208002732126062,1.5385190591276282e-11,microenvironment_correlated,microenvironment_correlated,microenvironment_correlated
40319103,0.9323600558460304,True,0.1036149157096754,0.005229198057103,12,11,0.5071020103933175,2.8978433060419594e-10,microenvironment_correlated,microenvironment_correlated,microenvironment_correlated
42159275,0.9186006185727816,True,0.2322607252380276,0.545880224595218,10,10,0.3047773494840289,7.077671557750113e-05,microenvironment_correlated,microenvironment_correlated,microenvironment_correlated
34849009,0.918080260327092,True,0.3390219587952395,0.4053790219028026,7,7,0.3664945325906069,9.105573862988552e-06,microenvironment_correlated,microenvironment_correlated,microenvironment_correlated
32096345,0.9174521620299396,True,0.376881184255396,0.4544408935971472,9,9,0.4686348900393264,2.9876993341366085e-10,microenvironment_correlated,microenvironment_correlated,microenvironment_correlated
34706720,0.915144459525654,True,0.3870949745486013,0.6459257187488843,3,3,0.4583233782388169,5.240384108954587e-05,microenvironment_correlated,microenvironment_correlated,microenvironment_correlated
29147616,0.9094303834343582,True,0.4934653416507845,0.2858738917631054,3,3,0.5078733593108051,3.491062301327938e-09,microenvironment_correlated,microenvironment_correlated,microenvironment_correlated
39033098,0.9068218102856452,True,0.2094779741864936,0.2067743689467433,10,10,0.3186251400243425,9.832281842665244e-06,microenvironment_correlated,microenvironment_correlated,microenvironment_correlated
41533176,0.9057810937942656,True,0.0598900642036395,0.0385216900550732,6,6,0.920456924414656,2.609684362983775e-15,microenvironment_correlated,microenvironment_correlated,microenvironment_correlated
35593896,0.8935401901218866,True,0.3156893229226542,0.2731454903404036,7,7,0.4809610213320729,2.275640571166951e-08,microenvironment_correlated,microenvironment_correlated,microenvironment_correlated
37588995,0.8836216317361808,True,0.6179942002969125,0.9251908389167466,3,2,0.7038774671099463,2.0683591539294e-08,microenvironment_correlated,microenvironment_correlated,microenvironment_correlated
41992284,0.8733741502176842,True,0.9251908389167466,0.499386232840965,6,6,0.255837779229497,0.0002462945655356,microenvironment_correlated,microenvironment_correlated,microenvironment_correlated
42555166,0.8713600740339077,True,0.6923480878529641,0.4599376051499331,10,10,0.4853450980038946,1.3444951618290978e-12,microenvironment_correlated,microenvironment_correlated,microenvironment_correlated
37745978,0.8707156374743019,True,0.4111298392124881,0.9574327827948697,7,7,0.7290421692617053,2.7251877919419656e-13,microenvironment_correlated,microenvironment_correlated,microenvironment_correlated
42482080,0.8690366498053743,False,0.3430208353488336,0.3927824630636189,3,3,-0.0813553802700383,0.9669733380530168,microenvironment_correlated,microenvironment_correlated,microenvironment_correlated
32695477,0.8590735465343,True,0.0938133918174591,0.1130070500477289,6,5,0.7985572434408001,2.8978433060419594e-10,microenvironment_correlated,microenvironment_correlated,microenvironment_correlated
34530089,0.8521196121111533,True,0.7401835515634346,0.9881252665510774,6,5,0.3133328270003785,3.63056748729632e-05,microenvironment_correlated,microenvironment_correlated,microenvironment_correlated
40589607,0.8478317430244097,True,0.2094779741864936,0.7286906182135403,8,8,0.7422332072127604,2.057907372766895e-12,microenvironment_correlated,microenvironment_correlated,microenvironment_correlated
39033778,0.8452654027427936,True,0.0093409331807323,0.000325392084951,9,9,0.3052506637250206,0.0003919915731983,microenvironment_correlated,microenvironment_correlated,microenvironment_correlated
38714517,0.8440557547830263,True,0.1523665337140296,0.0874416006226314,3,3,0.8655362320941131,6.317243222034555e-14,microenvironment_correlated,microenvironment_correlated,microenvironment_correlated
32763782,0.8431334136271589,True,0.1064367138451233,0.0713448908935941,10,10,0.3781744400554514,1.3775085731835884e-09,microenvironment_correlated,microenvironment_correlated,microenvironment_correlated
31894276,0.8353590209866523,True,0.4551552898553719,0.9733988117985964,6,6,0.2745854063148572,0.000725388239631,microenvironment_correlated,microenvironment_correlated,microenvironment_correlated
33937319,0.8348496062941152,True,0.9928018793158648,0.9137520205736572,15,15,0.5008995833739673,2.9876993341366085e-10,microenvironment_correlated,microenvironment_correlated,microenvironment_correlated
39708127,0.8306067444963947,True,0.8769078982376741,0.4994558340348029,5,5,0.349888703597729,0.002281350993436,microenvironment_correlated,microenvironment_correlated,microenvironment_correlated
34112144,0.8265873777982742,True,0.9137520205736572,0.9003617382507035,7,7,0.5217367896641076,3.750595684790128e-09,microenvironment_correlated,microenvironment_correlated,microenvironment_correlated
40867253,0.8128330269652232,True,0.0532515490858192,0.0938133918174591,3,3,0.7759473189517437,3.4268742565077736e-10,microenvironment_correlated,microenvironment_correlated,microenvironment_correlated
36300085,0.8112921438543934,True,0.2367570105191983,0.0989195241670486,10,10,0.5013052498033049,3.3420624717040264e-11,microenvironment_correlated,microenvironment_correlated,microenvironment_correlated
37747262,0.7964261746362964,True,0.8598872595441392,0.6451825172168593,5,5,0.5257170322899636,3.462563953898326e-08,microenvironment_correlated,microenvironment_correlated,microenvironment_correlated
40626022,0.7948358143344516,True,0.0913207428305973,0.4402089747158199,4,4,0.582178932378001,3.233052586351846e-07,microenvironment_correlated,microenvironment_correlated,microenvironment_correlated
39867879,0.7930678910293382,True,0.1948601035131223,0.7145307411265877,14,14,0.3093304507356552,0.0001793006626026,microenvironment_correlated,microenvironment_correlated,microenvironment_correlated
42421957,0.7916846875646402,True,0.4134502539674504,0.9574327827948697,5,5,0.7110974304608164,1.7185639440939346e-10,microenvironment_correlated,microenvironment_correlated,microenvironment_correlated
40330458,0.7761802930344438,True,0.7834010600810484,0.2283300833486184,8,8,0.5426424516725229,7.430086130006749e-14,microenvironment_correlated,microenvironment_correlated,microenvironment_correlated
36973645,0.7569295040967423,True,0.4117314573211493,0.413129865396574,5,5,0.6644715178139803,1.3905537497775374e-13,microenvironment_correlated,microenvironment_correlated,microenvironment_correlated
34404901,0.7540118911723751,False,0.1195659173789375,0.2638956092189283,5,5,0.010397982230495,0.5725597262167008,microenvironment_correlated,microenvironment_correlated,microenvironment_correlated
35646934,0.7517698499870064,True,0.0731920495742894,0.6712422802862931,4,3,0.2340865856355763,0.007911818761882,microenvironment_correlated,microenvironment_correlated,microenvironment_correlated
35958598,0.7446949199409726,True,0.0053402036214479,0.0074039549803467,11,11,0.3321286292859086,2.8279693612906685e-08,microenvironment_correlated,microenvironment_correlated,microenvironment_correlated
33456631,0.7443371736470608,True,0.3700836877393857,0.501492007557985,4,4,0.1751089001804977,0.018862724774302,microenvironment_correlated,microenvironment_correlated,microenvironment_correlated
38305808,0.7433793815443605,True,0.0921369798861262,0.0978709551155173,4,4,0.5625863248184216,1.0220053490121256e-11,microenvironment_correlated,microenvironment_correlated,microenvironment_correlated
40779729,0.7433166487819209,True,0.6123626100707422,0.2560288298240451,12,12,0.324446545167978,1.5266526547691935e-09,microenvironment_correlated,microenvironment_correlated,microenvironment_correlated
35804889,0.7321619312935989,True,0.595527636795349,0.9776678779656846,4,4,0.3396961351903624,1.9900494279706183e-06,microenvironment_correlated,microenvironment_correlated,microenvironment_correlated
34512722,0.7321183112155389,True,0.6121684589309756,0.7238132613925774,8,8,0.3578967943822072,6.2600509735112995e-09,microenvironment_correlated,microenvironment_correlated,microenvironment_correlated
39991573,0.7275545412817027,True,0.1523665337140296,0.3120777167304406,5,5,0.4322011791399336,2.9540526832927124e-06,microenvironment_correlated,microenvironment_correlated,microenvironment_correlated
38356551,0.7265016481607587,True,0.1110925042238571,0.005574744665634,4,4,0.7717988586805704,1.5592244885008729e-15,microenvironment_correlated,microenvironment_correlated,microenvironment_correlated
36568387,0.7261286425462534,True,0.7238132613925774,0.5851163877018033,3,3,0.3202461540587396,0.000235149844903,microenvironment_correlated,microenvironment_correlated,microenvironment_correlated
41727459,0.7163321587252949,True,0.1001595600127666,0.0342835191930473,6,6,0.6670265236129863,5.771596542880109e-14,microenvironment_correlated,microenvironment_correlated,microenvironment_correlated
34329197,0.7163004070076966,True,0.412171086791175,0.0205537644476365,11,11,0.2086617276405957,0.0001969741572176,microenvironment_correlated,microenvironment_correlated,microenvironment_correlated
30846479,0.6995427444396731,True,0.057838442717141,0.0100447820862515,6,6,0.4318000571378453,3.4162749087023075e-08,microenvironment_correlated,microenvironment_correlated,microenvironment_correlated
32117435,0.697370680340662,True,0.7286906182135403,0.9574327827948697,8,8,0.3551451584580372,1.5266526547691935e-09,microenvironment_correlated,microenvironment_correlated,microenvironment_correlated
37578544,0.6940093140426749,False,0.0002186395952918,0.0002531886967846,4,4,0.0732144148660008,0.6883956672487825,microenvironment_correlated,microenvironment_correlated,microenvironment_correlated
40442298,0.6900209283893957,False,0.0320022315385726,0.0082247280386952,8,8,0.0619606343964239,0.2382230637408107,microenvironment_correlated,microenvironment_correlated,microenvironment_correlated
34368227,0.6854926094023925,True,0.4164464364415174,0.9881252665510774,6,6,0.7534508562527596,4.2688069447582063e-16,microenvironment_correlated,microenvironment_correlated,microenvironment_correlated
39503984,0.6790090936302663,True,0.1103208784997566,0.5056217970605079,5,5,0.1389558113221379,0.0486047660339449,microenvironment_correlated,microenvironment_correlated,microenvironment_correlated
41337795,0.671553142973052,False,0.4250848805862148,0.4293563307224129,8,8,0.0418950337933694,0.3871678699167985,microenvironment_correlated,microenvironment_correlated,microenvironment_correlated
42052292,0.6694647739354775,True,0.5063848913887254,0.9481278033152158,6,5,0.2908825454417554,0.0002532166567826,microenvironment_correlated,microenvironment_correlated,microenvironment_correlated
28400426,0.6575700564656516,True,0.1007401848184006,0.0731920495742894,6,6,0.5551232536565629,8.180096928816164e-09,microenvironment_correlated,microenvironment_correlated,microenvironment_correlated
42279297,0.6545279028237141,True,0.613177628679346,0.1195659173789375,5,5,0.4539039537769505,2.9876993341366085e-10,microenvironment_correlated,microenvironment_correlated,microenvironment_correlated
39160525,0.653217913270954,True,0.0380629250822155,0.00352888351219,5,5,0.6590670951302745,1.0781224267870138e-10,microenvironment_correlated,microenvironment_correlated,microenvironment_correlated
33392066,0.6504695400840773,True,0.205161078516222,0.7885922392823858,5,5,0.1557736013323553,0.0017120881304179,microenvironment_correlated,microenvironment_correlated,microenvironment_correlated
42371282,0.6495245411491471,True,0.3307892842817766,0.057838442717141,3,3,0.7343601044950738,2.7747559177660763e-16,microenvironment_correlated,microenvironment_correlated,microenvironment_correlated
35300137,0.6448013960891132,True,0.2858738917631054,0.743401875765606,4,4,0.4006605894235252,5.032708919209512e-05,microenvironment_correlated,microenvironment_correlated,microenvironment_correlated
41153362,0.6426432040997324,True,0.4934653416507845,0.595527636795349,13,13,0.3933606587600221,3.396058646016315e-11,microenvironment_correlated,microenvironment_correlated,microenvironment_correlated
34490263,0.6328662953668077,True,0.0066830475925732,0.0060411932074357,6,6,0.3887507557964024,6.67997887696286e-06,microenvironment_correlated,microenvironment_correlated,microenvironment_correlated
42251607,0.6294421963063812,False,0.8228410895511405,0.9574327827948697,6,6,-0.1552079053764971,0.073857334768256,microenvironment_correlated,microenvironment_correlated,microenvironment_correlated
42576531,0.6269012882257541,True,0.4611216787954775,0.8598872595441392,6,6,0.4180827328183806,1.4078481327968556e-08,microenvironment_correlated,microenvironment_correlated,microenvironment_correlated
41668898,0.622977947353186,False,0.7313850118385653,0.8416161987685472,3,3,0.0514090629589613,0.8619445554933161,microenvironment_correlated,microenvironment_correlated,microenvironment_correlated
36620542,0.6083555107263776,True,0.1135447213455779,0.309936097083354,14,14,0.0583341907907009,0.0408166494084867,microenvironment_correlated,microenvironment_correlated,microenvironment_correlated
37244876,0.6067665376354958,True,0.6559598942183095,0.9137520205736572,7,7,0.2629093678935054,9.796310430521e-05,microenvironment_correlated,microenvironment_correlated,microenvironment_correlated
37379131,0.5973694164373402,True,0.4669064542908465,0.3765075952610605,9,8,0.2467505750630305,0.0002651603882985,microenvironment_correlated,microenvironment_correlated,microenvironment_correlated
37845668,0.5941330532605777,False,0.3484685774217434,0.875034976862032,12,12,-0.0371160989114545,0.3302552762100944,microenvironment_correlated,microenvironment_correlated,microenvironment_correlated
33459039,0.593349433201014,False,0.2079633804858159,0.1891027081003102,5,5,0.0078192535877588,0.9481227358192552,microenvironment_correlated,microenvironment_correlated,microenvironment_correlated
37968767,0.5929886042160731,True,0.1347576488765868,0.0245502706120434,7,7,0.1426847325611252,0.002107935195894,microenvironment_correlated,microenvironment_correlated,microenvironment_correlated
36468020,0.5682954784012794,False,9.466692700453037e-05,0.0208916736213757,4,4,-0.0296396924797572,0.6953764695491635,microenvironment_correlated,microenvironment_correlated,microenvironment_correlated
41870815,0.5663860595779365,True,0.0029723929830222,0.0060223736931577,3,3,0.3621918904710312,0.000568852457133,microenvironment_correlated,microenvironment_correlated,microenvironment_correlated
33313125,0.5662945036543761,True,0.6059235694283235,0.6059235694283235,6,6,0.1552989301756258,0.0120224287137961,microenvironment_correlated,microenvironment_correlated,microenvironment_correlated
35125116,0.56296303945937,True,0.0055499389751038,0.0103389580641412,11,11,0.1917664347608804,0.0005638921770294,microenvironment_correlated,microenvironment_correlated,microenvironment_correlated
41137061,0.5477871056583101,True,0.3826452175424663,0.3484685774217434,16,8,0.1976781015453149,8.456796346308425e-05,microenvironment_correlated,microenvironment_correlated,microenvironment_correlated
37965307,0.5461401779760838,True,0.3758760856657185,0.6608944454748592,9,9,0.1041434077226179,0.0089073877405625,microenvironment_correlated,microenvironment_correlated,microenvironment_correlated
35127296,0.5432355123540384,True,0.0532515490858192,0.087738436403223,5,5,0.3090171511833627,1.1967844512617598e-06,microenvironment_correlated,microenvironment_correlated,microenvironment_correlated
35309900,0.5427922213840728,True,0.7102229600847104,0.5933839075246206,7,7,0.1433426234003093,0.0488754663916091,microenvironment_correlated,microenvironment_correlated,microenvironment_correlated
42319469,0.5416670391584993,False,0.0942479320201963,0.1079365553750258,6,4,-0.0169777801385893,0.5329986244627063,microenvironment_correlated,microenvironment_correlated,microenvironment_correlated
42164400,0.5399997657154818,True,0.0055499389751038,0.0045843791783068,7,7,0.3068853991242717,1.3332110747742754e-05,microenvironment_correlated,microenvironment_correlated,microenvironment_correlated
37301098,0.5355583786154956,True,0.0002391282182783,0.0010012867738942,3,3,0.1406878361311106,0.009094256199592,microenvironment_correlated,microenvironment_correlated,microenvironment_correlated
35205125,0.5352185119295518,True,0.3807717017003158,0.0731920495742894,4,4,0.4905845466476414,1.1707026708721064e-05,microenvironment_correlated,microenvironment_correlated,microenvironment_correlated
33837006,0.5320172914305197,True,0.3507857736488931,0.3852377758671791,4,3,0.3309113750723996,0.001071814947387,microenvironment_correlated,microenvironment_correlated,microenvironment_correlated
35023971,0.5106345133771836,True,0.0759876412430238,0.3670687303104003,4,4,0.257102334981999,7.219681940772849e-05,microenvironment_correlated,microenvironment_correlated,microenvironment_correlated
42030617,0.5101126137859793,True,0.1955975950335531,0.0723766520692107,9,9,0.2159593377611128,1.5009004737761397e-05,microenvironment_correlated,microenvironment_correlated,microenvironment_correlated
40097551,0.4914698856537416,False,0.2338585309875271,0.2230430966358856,3,3,-0.0307597006381329,0.7288800258003685,microenvironment_correlated,microenvironment_correlated,unclassified
36455365,0.4792001588202418,True,0.4187125123017795,0.7305864110552117,4,4,0.3827167889855161,5.712445128735978e-06,microenvironment_correlated,microenvironment_correlated,microenvironment_correlated
38049825,0.4761848245902564,True,0.1137266300715054,0.169568764165268,8,8,0.2546172543138506,2.6777959961711364e-07,microenvironment_correlated,microenvironment_correlated,microenvironment_correlated
35918812,0.4713866160036671,True,0.8219467244822632,0.5282929155975531,3,2,0.3866938713774028,4.3490803481223606e-08,microenvironment_correlated,microenvironment_correlated,microenvironment_correlated
35669725,0.4708471450735976,False,0.7305864110552117,0.931849350534758,10,10,-0.0207203313333913,0.6521922670746494,microenvironment_correlated,microenvironment_correlated,unclassified
39368544,0.4667832334901087,True,0.0219793437083635,0.0232932815506957,5,5,0.3485764014632967,3.274656742465992e-05,microenvironment_correlated,microenvironment_correlated,microenvironment_correlated
39380003,0.4626538147222541,True,0.0532515490858192,0.2065580169157886,11,10,0.2350181323941966,5.182727359042447e-07,microenvironment_correlated,microenvironment_correlated,microenvironment_correlated
40348840,0.4583836711089272,True,0.2302979160716877,0.7286906182135403,4,4,0.1287503824570183,0.0150554660843254,microenvironment_correlated,microenvironment_correlated,microenvironment_correlated
37919060,0.4488439754506816,True,0.4154800509528186,0.5669627149165464,3,3,0.8184961834632747,3.4031595927084584e-15,microenvironment_correlated,microenvironment_correlated,microenvironment_correlated
38217031,0.4481041296037293,False,0.0584387948623275,0.0501356371779406,3,3,0.009048421265065,0.4511111316040099,microenvironment_correlated,microenvironment_correlated,unclassified
34339395,0.4413835548914753,False,0.6344446857617999,0.2858738917631054,5,5,-0.1181868793635674,0.0283738512467534,microenvironment_correlated,microenvironment_correlated,unclassified
34901008,0.432263259347721,False,0.4154800509528186,0.3156893229226542,4,4,0.0711612376659379,0.2822239393139852,microenvironment_correlated,microenvironment_correlated,unclassified
36527532,0.4304364566439544,True,0.930478161917514,0.6100840875145762,12,9,0.5808101111622127,7.625182498204208e-13,microenvironment_correlated,microenvironment_correlated,microenvironment_correlated
33985530,0.4256240676786319,True,0.6123626100707422,0.301771865448804,3,3,0.3265366127019442,6.079829892435216e-07,microenvironment_correlated,microenvironment_correlated,microenvironment_correlated
41582171,0.4164837346431893,True,0.9574327827948697,0.8242975458123751,3,3,0.1659972292597261,0.0141932110827357,microenvironment_correlated,microenvironment_correlated,microenvironment_correlated
37849225,0.4048513541799287,False,0.000395202933894,0.001050262989971,11,11,0.0480419275442824,0.4844605391317067,microenvironment_correlated,microenvironment_correlated,composition_adjustment_persistent
38387404,0.4018158283237035,False,0.2560288298240451,0.5916875789730984,5,5,-0.0550957944523942,0.3232527211522739,microenvironment_correlated,microenvironment_correlated,unclassified
40376515,0.4000432809820466,False,0.0074039549803467,0.0173488506954868,9,9,-0.5458549268091981,6.303318509412162e-13,microenvironment_correlated,microenvironment_correlated,composition_adjustment_persistent
36211359,0.3609566083493453,True,0.0029304846193526,0.0192248318557628,4,4,0.3610945843694789,3.129092301677792e-06,microenvironment_correlated,microenvironment_correlated,microenvironment_correlated
36428492,0.3458270690482715,True,0.5607437167031651,0.4365349039660387,11,10,0.119949999265001,0.0157576780207181,microenvironment_correlated,microenvironment_correlated,microenvironment_correlated
32929335,0.3352676191976433,True,0.6616316493270334,0.9251908389167466,4,4,0.1230666827215143,0.0499709562630578,microenvironment_correlated,microenvironment_correlated,microenvironment_correlated
40018511,0.3271328599758502,True,0.6059235694283235,0.8395982292015017,4,4,0.1628044987835911,0.0294147884632987,microenvironment_correlated,microenvironment_correlated,microenvironment_correlated
36358715,0.3204528226506272,True,0.4205557860750838,0.988406301015132,9,8,0.1881421125346051,0.030307169667294,microenvironment_correlated,microenvironment_correlated,microenvironment_correlated
37423913,0.3156800462650269,True,0.5063848913887254,0.8125686029325729,3,3,0.4370468671902028,2.6937245519810917e-09,microenvironment_correlated,microenvironment_correlated,microenvironment_correlated
35281080,0.3133298026245414,True,0.4599376051499331,0.4832714136649519,16,16,0.1379148277450419,5.240384108954587e-05,microenvironment_correlated,microenvironment_correlated,microenvironment_correlated
35846128,0.2790354814654743,True,0.8458435848175007,0.974360645647526,5,5,0.3790840010860558,1.3375713812906083e-09,microenvironment_correlated,microenvironment_correlated,microenvironment_correlated
37455996,0.2499052843181349,True,0.6504531709142687,0.6123626100707422,8,7,0.1875006811567564,0.0001951357708307,microenvironment_correlated,microenvironment_correlated,microenvironment_correlated
41836296,0.2487267715377603,True,0.3484685774217434,0.099464483888532,4,3,0.4172442505034641,2.9374695086648187e-09,microenvironment_correlated,microenvironment_correlated,microenvironment_correlated
42493447,0.2326906128050669,True,0.8967448117381808,0.6343059085095588,36,32,0.0663815070806284,0.0021757969746754,microenvironment_correlated,microenvironment_correlated,microenvironment_correlated
40994220,0.2152891302156434,True,0.3484685774217434,0.4395596051270794,11,10,0.19680615068767,2.2017716569732905e-05,microenvironment_correlated,microenvironment_correlated,microenvironment_correlated
41198839,0.1399242706121823,True,0.2338585309875271,0.974360645647526,9,9,0.2833674980623551,2.026719952501192e-07,microenvironment_correlated,microenvironment_correlated,microenvironment_correlated
37780567,0.0946712911142356,True,0.9574327827948697,0.7473771976872164,4,3,0.2823689919297555,0.0010022585177626,microenvironment_correlated,microenvironment_correlated,microenvironment_correlated
38507521,0.0895190354629693,True,0.1781666625294091,0.6059235694283235,3,3,0.1239811488060537,0.0216655145964342,microenvironment_correlated,microenvironment_correlated,microenvironment_correlated
34521394,0.0389912633453548,True,0.6923480878529641,0.7473771976872164,3,3,0.2109398017654939,0.02073665956868,microenvironment_correlated,microenvironment_correlated,microenvironment_correlated
39769061,0.3882239353078792,False,0.2094779741864936,0.5731345997593005,4,4,-0.1777721403820586,0.0267094435486657,microenvironment_correlated,unclassified,unclassified
41252049,0.3870338624361459,False,0.413129865396574,0.73486115109312,6,6,-0.0256443979861849,0.8600854920375317,microenvironment_correlated,unclassified,unclassified
41388608,0.3846765286062938,False,0.9574327827948697,0.5089208898038661,3,2,0.0842703414131664,0.4273203068173739,microenvironment_correlated,unclassified,unclassified
36211821,0.3779650478325753,False,0.2338585309875271,0.7239637505980007,4,3,-0.4634663355618068,2.297000384945012e-09,microenvironment_correlated,unclassified,unclassified
26802582,0.3666512634871586,False,0.613177628679346,0.9733988117985964,4,4,-0.08268125828387,0.1048295359606083,microenvironment_correlated,unclassified,unclassified
40918470,0.357448043554725,False,0.1460242174405091,0.8219467244822632,4,4,0.1863627323890329,0.0900331226533369,microenvironment_correlated,unclassified,unclassified
36158580,0.3469413077206921,False,0.0889567488931059,0.4026026186576577,5,5,0.1633125193141672,0.0750108143379763,microenvironment_correlated,unclassified,unclassified
40703521,0.3439689770305609,False,0.0954594036628514,0.2079633804858159,3,3,-0.2291447205425359,0.0027203017469515,microenvironment_correlated,unclassified,unclassified
39749345,0.3288867570367817,False,0.0583994647870158,0.1110925042238571,17,17,-0.0719563320173764,0.0152532298505558,microenvironment_correlated,unclassified,unclassified
36505302,0.315398904843185,False,0.1518168749992225,0.6818866115770551,8,8,0.0265997918102185,0.258579750109383,microenvironment_correlated,unclassified,unclassified
39507864,0.3147651035676291,False,0.931849350534758,0.8843538126792552,13,13,-0.064867652337724,0.0195937851071714,microenvironment_correlated,unclassified,unclassified
38172584,0.2998149768844413,False,0.9059104661147406,0.9315695701623172,3,3,0.0405655649835401,0.4177405637574547,unclassified,unclassified,unclassified
34512654,0.2876793471107016,False,0.1656055058425483,0.1765357983379963,10,10,-0.0058541939579644,0.4596835511389965,unclassified,unclassified,unclassified
41971137,0.2871677745344442,False,0.2858738917631054,0.9030226318295048,5,5,0.0385989495734523,0.4191013006883841,unclassified,unclassified,unclassified
38183115,0.2824099492003345,False,0.0992170906448574,0.0583994647870158,5,5,0.1003747368738369,0.0900331226533369,unclassified,unclassified,unclassified
33545950,0.2707720198932217,False,0.169568764165268,0.3686856274792796,4,4,-0.2185372382651028,0.0002440269239505,unclassified,unclassified,unclassified
42244509,0.26610975798101,False,0.7313850118385653,0.8668503013168957,5,5,-0.069995944721423,0.1131886984483446,unclassified,unclassified,unclassified
42436798,0.2604360651421937,False,0.9574327827948697,0.9276693845909458,5,5,0.0056898739219835,0.6504877323124023,unclassified,unclassified,unclassified
41809788,0.2582878918986571,False,0.1130070500477289,0.1008213780745871,3,3,-0.0331715078580167,0.8258430370073673,unclassified,unclassified,unclassified
40427675,0.2352358366531346,False,0.7755010880119075,0.875034976862032,6,6,-0.2988553151426371,3.201857760199189e-06,unclassified,unclassified,unclassified
33208770,0.2262462472090086,False,0.9023945886232216,0.691308885153653,3,3,-0.0315371069693563,0.5709508717452447,unclassified,unclassified,unclassified
41216727,0.2261603942638518,False,0.2245279837003469,0.3893860468202448,3,3,0.1311954236394048,0.0695689716161113,unclassified,unclassified,unclassified
39695796,0.2144150331743795,False,0.8142889689001381,0.5206224956930485,6,6,-0.0779350768006743,0.2001315313766617,unclassified,unclassified,unclassified
34095228,0.2051754374878041,False,0.9315695701623172,0.9397903832620385,4,4,-0.4157609977348192,1.0248211032643933e-07,unclassified,unclassified,unclassified
38017469,0.1948929674261287,False,0.9743777721781016,0.8904979210422149,3,3,0.0467231248338413,0.884310093667771,unclassified,unclassified,unclassified
38735911,0.1928748837440145,False,0.3765075952610605,0.9928018793158648,3,3,-0.0440718812456499,0.5267995800889268,unclassified,unclassified,unclassified
34422642,0.1900922926867162,False,0.3156893229226542,0.7116367779275844,9,9,-0.1902868645169561,0.0017968334782923,unclassified,unclassified,unclassified
38570787,0.1899498723611779,False,0.6459257187488843,0.7145307411265877,3,2,-0.6519055192517441,5.382073587654509e-08,unclassified,unclassified,unclassified
41507856,0.18922328208565,False,0.595527636795349,0.9733988117985964,9,9,0.0726191623601574,0.322095107639802,unclassified,unclassified,unclassified
32467671,0.188869235020973,False,0.937018112334,0.4026026186576577,3,2,-0.44848614436221,5.904973886650091e-10,unclassified,unclassified,unclassified
35027921,0.1871657399583651,False,0.1347576488765868,0.3929103497068387,4,4,-0.1472040235703134,0.0179251487666717,unclassified,unclassified,unclassified
38333832,0.1800817159737959,False,0.2936759830836124,0.3521979730638714,4,4,0.0434750730720315,0.2738389106993324,unclassified,unclassified,unclassified
35265613,0.1671835825740408,False,0.0532515490858192,0.7473771976872164,13,12,0.0624757272340159,0.1567644823254067,unclassified,unclassified,unclassified
37701108,0.1555561344164265,False,0.2936759830836124,0.5851163877018033,4,4,-0.4988141238166236,8.445421199907698e-07,unclassified,unclassified,unclassified
37740761,0.1550088026242332,False,0.8769078982376741,0.4867123471380454,3,3,-0.7780286484183954,7.625485978044443e-09,unclassified,unclassified,unclassified
33962639,0.1504686152767686,False,0.5633524174052918,0.8031970110522847,7,7,-0.0645708029764732,0.0697513641841035,unclassified,unclassified,unclassified
41357226,0.1431099235215182,False,0.6247427485342841,0.7136293510567342,5,5,-0.3072577641442602,0.002647310633515,unclassified,unclassified,unclassified
33535616,0.137685466252394,False,0.9002995508972897,0.4952732985812358,3,3,-0.8250745245544111,5.315059336634705e-10,unclassified,unclassified,unclassified
42215586,0.1255620131082187,False,0.9928018793158648,0.4111298392124881,3,2,-0.5991415275563846,3.5927067728417236e-09,unclassified,unclassified,unclassified
37807731,0.1229804135060092,False,0.309936097083354,0.7305864110552117,5,5,-0.1041533496253377,0.1696124798904374,unclassified,unclassified,unclassified
41715136,0.1166476413251995,False,0.3700836877393857,0.3156893229226542,4,4,-0.0347676173858287,0.2060093464791369,unclassified,unclassified,unclassified
39269596,0.1151718152434006,False,0.7910604236139818,0.5063848913887254,3,3,-0.1928953463024502,0.0444419805219574,unclassified,unclassified,unclassified
38332160,0.1102584558985597,False,0.8764102819516479,0.9375477740791092,7,7,-0.1273691511566435,0.0032850124778985,unclassified,unclassified,unclassified
37138324,0.1039649880283693,False,0.6459257187488843,0.764231153548886,4,4,0.0055622378714988,0.2995116451074323,unclassified,unclassified,unclassified
41836241,0.1013356067152108,False,0.1135447213455779,0.494001472034014,16,16,-0.1846639607120102,0.0003155341950455,unclassified,unclassified,unclassified
39115575,0.0843058966638809,False,0.3484685774217434,0.5758004496895578,3,3,-0.032914375220436,0.6693363745708959,unclassified,unclassified,unclassified
37152941,0.0821040845964402,False,0.2338585309875271,0.3386456248807346,4,4,-0.2420700272346632,0.0001111690787969,unclassified,unclassified,unclassified
37876438,0.0783407710807637,False,0.4198359553743667,0.412171086791175,3,3,-0.0579460998639754,0.2060093464791369,unclassified,unclassified,unclassified
35730624,0.0681689339345402,False,0.1254431113801203,0.3047344351154556,3,3,-0.0587104850207306,0.0304884103634265,unclassified,unclassified,unclassified
38282152,0.0536278803508965,False,0.5659679518289314,0.6553772026540157,3,3,-0.1024408246905995,0.0797726938871091,unclassified,unclassified,unclassified
35480865,0.0512474263383271,False,0.7313850118385653,0.8598872595441392,6,5,-0.3981326879899569,4.781255132070744e-09,unclassified,unclassified,unclassified
35626146,0.0467721296370223,False,0.875034976862032,0.8228410895511405,8,8,0.0142247052113006,0.8638043840029183,unclassified,unclassified,unclassified
42500328,0.0326933255731724,False,0.1691603708769122,0.1130070500477289,4,4,-0.1746405319474123,0.0033355271511228,unclassified,unclassified,unclassified
