pmid,max_micro_abs_rho,normal_mucosa_elevation_significant,m0_global_q,m3_global_q,raw_gene_count,tcga_mapped_count,normal_looking_minus_primary,mannwhitney_pvalue,class_0.3,class_0.4,class_0.5,title,year
39769061,0.3882239353078792,False,0.2094779741864936,0.5731345997593005,4,4,-0.1777721403820586,0.0267094435486657,microenvironment_correlated,unclassified,unclassified,Loss of Glutathione-S-Transferase Theta 2 (GSTT2) Modulates the Tumor Microenvironment and Response to BCG Immunotherapy in a Murine Orthotopic Model of Bladder Cancer.,2024
41252049,0.3870338624361459,False,0.413129865396574,0.73486115109312,6,6,-0.0256443979861849,0.8600854920375317,microenvironment_correlated,unclassified,unclassified,Utilizing a novel mitochondrial-related gene signature for predicting the prognosis and immunological impact in bladder cancer.,2025
41388608,0.3846765286062938,False,0.9574327827948697,0.5089208898038661,3,2,0.0842703414131664,0.4273203068173739,microenvironment_correlated,unclassified,unclassified,Tumor-stromal crosstalk and macrophage enrichment are associated with chemotherapy response in bladder cancer.,2026
36211821,0.3779650478325753,False,0.2338585309875271,0.7239637505980007,4,3,-0.4634663355618068,2.297000384945012e-09,microenvironment_correlated,unclassified,unclassified,Prognostic Signature Development on the Basis of Macrophage Phagocytosis-Mediated Oxidative Phosphorylation in Bladder Cancer.,2022
26802582,0.3666512634871586,False,0.613177628679346,0.9733988117985964,4,4,-0.08268125828387,0.1048295359606083,microenvironment_correlated,unclassified,unclassified,Integrative Pathway Analysis of Metabolic Signature in Bladder Cancer: A Linkage to The Cancer Genome Atlas Project and Prediction of Survival.,2016
40918470,0.357448043554725,False,0.1460242174405091,0.8219467244822632,4,4,0.1863627323890329,0.0900331226533369,microenvironment_correlated,unclassified,unclassified,Integrating Spatial Multi-Omics and Machine Learning to Unravel the Role of PANoptosis in Bladder Cancer Prognosis and Immunotherapy Response.,2025
36158580,0.3469413077206921,False,0.0889567488931059,0.4026026186576577,5,5,0.1633125193141672,0.0750108143379763,microenvironment_correlated,unclassified,unclassified,Identification of hexosamine biosynthesis pathway as a novel prognostic signature and its correlation with immune infiltration in bladder cancer.,2022
40703521,0.3439689770305609,False,0.0954594036628514,0.2079633804858159,3,3,-0.2291447205425359,0.0027203017469515,microenvironment_correlated,unclassified,unclassified,Identification of lactylation-associated immune and metabolic regulators in bladder cancer via integrated bulk and single-cell transcriptomics.,2025
39749345,0.3288867570367817,False,0.0583994647870158,0.1110925042238571,17,17,-0.0719563320173764,0.0152532298505558,microenvironment_correlated,unclassified,unclassified,Exploration and validation of a novel reactive oxygen species-related signature for predicting the prognosis and chemotherapy response of patients with bladder cancer.,2024
36505302,0.315398904843185,False,0.1518168749992225,0.6818866115770551,8,8,0.0265997918102185,0.258579750109383,microenvironment_correlated,unclassified,unclassified,The predictive value of pyroptosis for the prognosis and immune escape of bladder cancer.,2022
39507864,0.3147651035676291,False,0.931849350534758,0.8843538126792552,13,13,-0.064867652337724,0.0195937851071714,microenvironment_correlated,unclassified,unclassified,Cuproptosis-related signature predicts prognosis and indicates tumor immune infiltration in bladder cancer.,2024
38172584,0.2998149768844413,False,0.9059104661147406,0.9315695701623172,3,3,0.0405655649835401,0.4177405637574547,unclassified,unclassified,unclassified,Identification and validation of prognostic signature genes of bladder cancer by integrating methylation and transcriptomic analysis.,2024
34512654,0.2876793471107016,False,0.1656055058425483,0.1765357983379963,10,10,-0.0058541939579644,0.4596835511389965,unclassified,unclassified,unclassified,Scoring System Based on RNA Modification Writer-Related Genes to Predict Overall Survival and Therapeutic Response in Bladder Cancer.,2021
41971137,0.2871677745344442,False,0.2858738917631054,0.9030226318295048,5,5,0.0385989495734523,0.4191013006883841,unclassified,unclassified,unclassified,Identification of RNA processing-related gene-based bladder cancer subtypes for prognosis and immune landscape assessment.,2026
38183115,0.2824099492003345,False,0.0992170906448574,0.0583994647870158,5,5,0.1003747368738369,0.0900331226533369,unclassified,unclassified,unclassified,Transcriptomic insights into UTUC: role of inflammatory fibrosis and potential for personalized treatment.,2024
33545950,0.2707720198932217,False,0.169568764165268,0.3686856274792796,4,4,-0.2185372382651028,0.0002440269239505,unclassified,unclassified,unclassified,Identification and prognostic value of a glycolysis-related gene signature in patients with bladder cancer.,2021
42244509,0.26610975798101,False,0.7313850118385653,0.8668503013168957,5,5,-0.069995944721423,0.1131886984483446,unclassified,unclassified,unclassified,A five-gene mitochondria-associated prognostic signature for bladder cancer.,2026
42436798,0.2604360651421937,False,0.9574327827948697,0.9276693845909458,5,5,0.0056898739219835,0.6504877323124023,unclassified,unclassified,unclassified,Prognostic and immunological implications of a mitophagy-associated gene signature in bladder cancer.,2026
41809788,0.2582878918986571,False,0.1130070500477289,0.1008213780745871,3,3,-0.0331715078580167,0.8258430370073673,unclassified,unclassified,unclassified,Machine learning identifies a DNA repair-related risk model for bladder cancer and functionally characterizes ZWINT as a potential oncogenic factor.,2026
40427675,0.2352358366531346,False,0.7755010880119075,0.875034976862032,6,6,-0.2988553151426371,3.201857760199189e-06,unclassified,unclassified,unclassified,Integration of Single-Cell and Bulk Transcriptome to Reveal an Endothelial Transition Signature Predicting Bladder Cancer Prognosis.,2025
33208770,0.2262462472090086,False,0.9023945886232216,0.691308885153653,3,3,-0.0315371069693563,0.5709508717452447,unclassified,unclassified,unclassified,Transcriptomic analysis of micropapillary high grade T1 urothelial bladder cancer.,2020
41216727,0.2261603942638518,False,0.2245279837003469,0.3893860468202448,3,3,0.1311954236394048,0.0695689716161113,unclassified,unclassified,unclassified,Construction and mechanistic exploration of a ferroptosis related gene based prognostic model for cisplatin resistance in bladder cancer.,2025
39695796,0.2144150331743795,False,0.8142889689001381,0.5206224956930485,6,6,-0.0779350768006743,0.2001315313766617,unclassified,unclassified,unclassified,Prognostic feature based on androgen-responsive genes in bladder cancer and screening for potential targeted drugs.,2024
34095228,0.2051754374878041,False,0.9315695701623172,0.9397903832620385,4,4,-0.4157609977348192,1.0248211032643933e-07,unclassified,unclassified,unclassified,Construction and External Validation of a Ferroptosis-Related Gene Signature of Predictive Value for the Overall Survival in Bladder Cancer.,2021
38017469,0.1948929674261287,False,0.9743777721781016,0.8904979210422149,3,3,0.0467231248338413,0.884310093667771,unclassified,unclassified,unclassified,Identifying prognostic characteristics of m6A-related glycolysis gene and predicting the immune infiltration landscape in bladder cancer.,2023
38735911,0.1928748837440145,False,0.3765075952610605,0.9928018793158648,3,3,-0.0440718812456499,0.5267995800889268,unclassified,unclassified,unclassified,Prognostic significance and immune landscape of a cell cycle progression-related risk model in bladder cancer.,2024
34422642,0.1900922926867162,False,0.3156893229226542,0.7116367779275844,9,9,-0.1902868645169561,0.0017968334782923,unclassified,unclassified,unclassified,A Novel Prognostic Model Based on Ferroptosis-Related Gene Signature for Bladder Cancer.,2021
38570787,0.1899498723611779,False,0.6459257187488843,0.7145307411265877,3,2,-0.6519055192517441,5.382073587654509e-08,unclassified,unclassified,unclassified,Deciphering the prognostic features of bladder cancer through gemcitabine resistance and immune-related gene analysis and identifying potential small molecular drug PIK-75.,2024
41507856,0.18922328208565,False,0.595527636795349,0.9733988117985964,9,9,0.0726191623601574,0.322095107639802,unclassified,unclassified,unclassified,"MXRA8, a key palmitoylation-related gene, promotes bladder cancer progression via remodeling tumor microenvironment and predicts poor prognosis.",2026
32467671,0.188869235020973,False,0.937018112334,0.4026026186576577,3,2,-0.44848614436221,5.904973886650091e-10,unclassified,unclassified,unclassified,A glycolysis-based 4-mRNA signature correlates with the prognosis and cell cycle process in patients with bladder cancer.,2020
35027921,0.1871657399583651,False,0.1347576488765868,0.3929103497068387,4,4,-0.1472040235703134,0.0179251487666717,unclassified,unclassified,unclassified,"Identification of a Novel PPAR Signature for Predicting Prognosis, Immune Microenvironment, and Chemotherapy Response in Bladder Cancer.",2021
38333832,0.1800817159737959,False,0.2936759830836124,0.3521979730638714,4,4,0.0434750730720315,0.2738389106993324,unclassified,unclassified,unclassified,The prognostic significance and clinical relevance of stem cell characteristic in bladder cancer.,2024
35265613,0.1671835825740408,False,0.0532515490858192,0.7473771976872164,13,12,0.0624757272340159,0.1567644823254067,unclassified,unclassified,unclassified,Identification and Quantification of Iron Metabolism Landscape on Therapy and Prognosis in Bladder Cancer.,2022
37701108,0.1555561344164265,False,0.2936759830836124,0.5851163877018033,4,4,-0.4988141238166236,8.445421199907698e-07,unclassified,unclassified,unclassified,Novel potential urinary biomarkers for effective diagnosis and prognostic evaluation of high-grade bladder cancer.,2023
37740761,0.1550088026242332,False,0.8769078982376741,0.4867123471380454,3,3,-0.7780286484183954,7.625485978044443e-09,unclassified,unclassified,unclassified,Identifying possible hub genes and biological mechanisms shared between bladder cancer and inflammatory bowel disease using machine learning and integrated bioinformatics.,2023
33962639,0.1504686152767686,False,0.5633524174052918,0.8031970110522847,7,7,-0.0645708029764732,0.0697513641841035,unclassified,unclassified,unclassified,Identification and validation of a hypoxia-related prognostic and immune microenvironment signature in bladder cancer.,2021
41357226,0.1431099235215182,False,0.6247427485342841,0.7136293510567342,5,5,-0.3072577641442602,0.002647310633515,unclassified,unclassified,unclassified,Gene signature for response prediction to immunotherapy and prognostic markers in metastatic urothelial carcinoma.,2025
33535616,0.137685466252394,False,0.9002995508972897,0.4952732985812358,3,3,-0.8250745245544111,5.315059336634705e-10,unclassified,unclassified,unclassified,A Molecular Signature Determines the Prognostic and Therapeutic Subtype of Non-Muscle-Invasive Bladder Cancer Responsive to Intravesical Bacillus Calmette-Guérin Therapy.,2021
42215586,0.1255620131082187,False,0.9928018793158648,0.4111298392124881,3,2,-0.5991415275563846,3.5927067728417236e-09,unclassified,unclassified,unclassified,Ethnicity-specific molecular subtypes and a machine-learning risk model in Asian patients with non-muscle-invasive bladder cancer.,2026
37807731,0.1229804135060092,False,0.309936097083354,0.7305864110552117,5,5,-0.1041533496253377,0.1696124798904374,unclassified,unclassified,unclassified,[Risk modeling based on HER-2 related genes for bladder cancer survival prognosis assessment].,2023
41715136,0.1166476413251995,False,0.3700836877393857,0.3156893229226542,4,4,-0.0347676173858287,0.2060093464791369,unclassified,unclassified,unclassified,"Single-cell transcriptomic analysis and machine learning identify ATAD3A as a key gene that stabilizes mitochondrial-endoplasmic reticulum membranes, promoting bladder cancer progression.",2026
39269596,0.1151718152434006,False,0.7910604236139818,0.5063848913887254,3,3,-0.1928953463024502,0.0444419805219574,unclassified,unclassified,unclassified,"Liquid-liquid phase separation-related genes associated with prognosis, tumor microenvironment characteristics, and tumor cell features in bladder cancer.",2025
38332160,0.1102584558985597,False,0.8764102819516479,0.9375477740791092,7,7,-0.1273691511566435,0.0032850124778985,unclassified,unclassified,unclassified,A novel anoikis-related gene signature identifies LYPD1 as a novel therapy target for bladder cancer.,2024
37138324,0.1039649880283693,False,0.6459257187488843,0.764231153548886,4,4,0.0055622378714988,0.2995116451074323,unclassified,unclassified,unclassified,The potential crosstalk between tumor and plasma cells and its association with clinical outcome and immunotherapy response in bladder cancer.,2023
41836241,0.1013356067152108,False,0.1135447213455779,0.494001472034014,16,16,-0.1846639607120102,0.0003155341950455,unclassified,unclassified,unclassified,A systematic characterization of amino acid metabolism-related genes reveals molecular subtypes and a prognostic signature in bladder cancer.,2026
39115575,0.0843058966638809,False,0.3484685774217434,0.5758004496895578,3,3,-0.032914375220436,0.6693363745708959,unclassified,unclassified,unclassified,A metabolic reprogramming-related gene signature correlates with prognosis and proliferation of BLCA.,2024
37152941,0.0821040845964402,False,0.2338585309875271,0.3386456248807346,4,4,-0.2420700272346632,0.0001111690787969,unclassified,unclassified,unclassified,"Crosstalk of disulfidptosis-related subtypes, establishment of a prognostic signature and immune infiltration characteristics in bladder cancer based on a machine learning survival framework.",2023
37876438,0.0783407710807637,False,0.4198359553743667,0.412171086791175,3,3,-0.0579460998639754,0.2060093464791369,unclassified,unclassified,unclassified,A transcriptome study of p53-pathway related prognostic gene signature set in bladder cancer.,2023
35730624,0.0681689339345402,False,0.1254431113801203,0.3047344351154556,3,3,-0.0587104850207306,0.0304884103634265,unclassified,unclassified,unclassified,Comparison of multiple gene expression platforms for measuring a bladder cancer hypoxia signature.,2022
38282152,0.0536278803508965,False,0.5659679518289314,0.6553772026540157,3,3,-0.1024408246905995,0.0797726938871091,unclassified,unclassified,unclassified,Unveiling Anoikis-related genes: A breakthrough in the prognosis of bladder cancer.,2024
35480865,0.0512474263383271,False,0.7313850118385653,0.8598872595441392,6,5,-0.3981326879899569,4.781255132070744e-09,unclassified,unclassified,unclassified,In Silico Establishment and Validation of Novel Lipid Metabolism-Related Gene Signature in Bladder Cancer.,2022
35626146,0.0467721296370223,False,0.875034976862032,0.8228410895511405,8,8,0.0142247052113006,0.8638043840029183,unclassified,unclassified,unclassified,Gene Expression Monotonicity across Bladder Cancer Stages Informs on the Molecular Pathogenesis and Identifies a Prognostic Eight-Gene Signature.,2022
42500328,0.0326933255731724,False,0.1691603708769122,0.1130070500477289,4,4,-0.1746405319474123,0.0033355271511228,unclassified,unclassified,unclassified,Epigenomics-Guided Multi-Omics Integration Uncovers a Lipid-Metabolic Signature with Translational Utility in Bladder Cancer.,2026
