pmid,n_bootstrap,converged,median_hr,significant_rate
26802582,1000,1000,0.9812987795821808,0.032
28400426,1000,1000,1.790843820665116,0.632
29147616,1000,1000,0.6644041815259458,0.33
30642841,1000,1000,0.6417183782033744,0.538
30846479,1000,1000,2.5604915636657877,0.873
31894276,1000,1000,0.9772293089189816,0.022
32096345,1000,1000,0.6230431199963655,0.224
32117435,1000,1000,1.0347797984565723,0.056
32467671,1000,1000,0.8353695735598031,0.229
32695477,1000,1000,1.6390006817366185,0.5
32763782,1000,1000,2.251291149416393,0.551
32929335,1000,1000,0.8828816014850787,0.091
33208770,1000,1000,1.1038790206645337,0.089
33292266,1000,1000,1.6248731806740286,0.498
33313125,1000,1000,1.1558472273776723,0.085
33391264,1000,1000,0.7229085885494317,0.263
33392066,1000,1000,0.8669735773871663,0.08
33456631,1000,1000,1.2884965422894332,0.148
33459039,1000,1000,1.6859816676136692,0.413
33535616,1000,1000,0.8872852953174544,0.155
33545950,1000,1000,1.3446582879195312,0.275
33837006,1000,1000,0.7348746797092854,0.265
33925460,1000,1000,0.4271308478748041,0.796
33937319,1000,1000,0.9214711908730633,0.023
33962639,1000,1000,0.8628684568235909,0.083
33985530,1000,1000,0.7661009040438422,0.291
34095228,1000,1000,0.9724350735896572,0.047
34112144,1000,1000,1.0268369276747582,0.014
34266411,1000,1000,0.7053724823532583,0.129
34329197,1000,1000,2.682649284364487,0.737
34339395,1000,1000,1.3799092413440144,0.308
34368227,1000,1000,1.0176761481315695,0.042
34404901,1000,1000,0.5885719834300616,0.421
34418989,1000,1000,1.722267963302392,0.724
34422642,1000,1000,0.7756288147902549,0.093
34426176,1000,1000,0.6698769235530555,0.126
34490263,1000,1000,2.5254844654630784,0.924
34512654,1000,1000,1.8139081685717473,0.474
34512722,1000,1000,1.111092416900728,0.05
34521394,1000,1000,0.9110938000561741,0.106
34530089,1000,1000,0.9396155830942823,0.023
34644219,1000,1000,0.5526687085593012,0.92
34706720,1000,1000,0.7916433835259996,0.084
34803395,1000,1000,0.6078273753447123,0.596
34849009,1000,1000,0.6995081773478244,0.178
34901008,1000,1000,1.3607379959882258,0.274
35023971,1000,1000,0.7153144124891767,0.347
35027921,1000,1000,1.3993931717012218,0.262
35125116,1000,1000,2.9952284188537557,0.937
35127296,1000,1000,1.9096538399637328,0.556
35169299,1000,1000,0.459127281547407,0.823
35205125,1000,1000,1.6411102968979445,0.604
35265613,1000,1000,0.7302555015198731,0.151
35281080,1000,1000,0.6274880638678141,0.204
35299749,1000,1000,0.33681879805086024,1.0
35300137,1000,1000,1.170185430820026,0.1
35309900,1000,1000,1.2640050747436788,0.165
35480865,1000,1000,1.1268556913684729,0.109
35593896,1000,1000,1.5860936538993915,0.226
35626146,1000,1000,1.1842850115876993,0.082
35646934,1000,1000,0.8049370426550271,0.166
35669725,1000,1000,0.9823923204520726,0.045
35730624,1000,1000,1.397944796502649,0.388
35804889,1000,1000,1.012605289879901,0.035
35846128,1000,1000,0.9784085408253695,0.076
35918812,1000,1000,0.8036457532089762,0.207
35949618,1000,1000,1.5170941652980514,0.324
35958598,1000,1000,2.501487824728306,0.915
36158580,1000,1000,1.2843841252158819,0.262
36211359,1000,1000,2.0300641335623366,0.856
36211821,1000,1000,0.8228177866001558,0.137
36300085,1000,1000,1.9880279427189569,0.454
36358715,1000,1000,0.973630929541362,0.039
36428492,1000,1000,1.3398802569802195,0.198
36455365,1000,1000,0.9347154688196437,0.057
36468020,1000,1000,0.5491126698046751,0.896
36505302,1000,1000,0.7351773048393031,0.165
36527532,1000,1000,1.2074490960089235,0.129
36568387,1000,1000,1.1515085991232237,0.094
36620542,1000,1000,2.0390393890734404,0.281
36973645,1000,1000,1.3544517277716634,0.182
37138324,1000,1000,1.0624240636356754,0.056
37152941,1000,1000,1.296230385482044,0.285
37244876,1000,1000,0.9087465133118422,0.082
37301098,1000,1000,2.0690513606845444,0.988
37379131,1000,1000,1.4512873493150242,0.209
37423913,1000,1000,1.0909811903606097,0.063
37455996,1000,1000,0.822267912669584,0.157
37578544,1000,1000,0.4376262890305247,0.994
37588995,1000,1000,0.9151415432364252,0.036
37594617,1000,1000,1.5779292627926509,0.341
37701108,1000,1000,1.177923683453559,0.153
37740761,1000,1000,0.8753115368344433,0.137
37745978,1000,1000,0.9896359764254827,0.037
37747262,1000,1000,1.1600168703493758,0.065
37780567,1000,1000,1.0639530073148875,0.056
37807731,1000,1000,0.8817703932417762,0.1
37845668,1000,1000,1.1316120993483945,0.058
37849225,1000,1000,0.20099642525333167,0.991
37876438,1000,1000,1.231372245961229,0.215
37919060,1000,1000,1.1778857184125953,0.159
37965307,1000,1000,0.7327522431377336,0.147
37968767,1000,1000,2.349477493006824,0.825
38017469,1000,1000,0.9420487037448738,0.065
38049825,1000,1000,1.8679152817507303,0.467
38073378,1000,1000,1.923847052669668,0.672
38172584,1000,1000,1.0220505852568014,0.041
38183115,1000,1000,0.5644636409287012,0.76
38217031,1000,1000,1.8077521315055476,0.717
38273010,1000,1000,0.7008204484778621,0.342
38282152,1000,1000,1.163323479390218,0.12
38305808,1000,1000,1.7367996800685375,0.571
38332160,1000,1000,1.047107128245756,0.044
38333832,1000,1000,1.291269764429296,0.313
38356551,1000,1000,2.2911006017083753,0.908
38387404,1000,1000,0.7949311476648052,0.175
38507521,1000,1000,0.8278571444699893,0.158
38570787,1000,1000,0.943954178218241,0.07
38714517,1000,1000,1.7172575728660684,0.558
38735911,1000,1000,1.042755735251115,0.064
39033098,1000,1000,0.5745433224398531,0.412
39033778,1000,1000,2.96401142430164,0.977
39115575,1000,1000,1.1829128381085567,0.16
39160525,1000,1000,2.4176127936165366,0.955
39269596,1000,1000,1.1599652515555392,0.129
39343809,1000,1000,1.9716147529402654,0.663
39368544,1000,1000,2.054956949623614,0.815
39380003,1000,1000,0.5491666931672683,0.485
39432593,1000,1000,0.6014340816437604,0.416
39503984,1000,1000,1.2767358124496018,0.165
39507864,1000,1000,0.8903524854872467,0.084
39695796,1000,1000,1.2289158733257595,0.13
39708127,1000,1000,1.177838261075363,0.101
39739621,1000,1000,0.7246587710007525,0.129
39749345,1000,1000,2.4894713506194783,0.551
39769061,1000,1000,1.2562004044036976,0.165
39867879,1000,1000,0.8228645865032962,0.116
39991573,1000,1000,1.3993585467284577,0.282
40018511,1000,1000,0.8771724850856224,0.052
40097551,1000,1000,1.4000917914840714,0.388
40319103,1000,1000,2.652732808570528,0.817
40330458,1000,1000,1.4684208269498904,0.223
40348840,1000,1000,1.1707941796626748,0.092
40376515,1000,1000,0.4040742562940184,0.88
40427675,1000,1000,1.0965239265565674,0.101
40442298,1000,1000,2.498718226023933,0.889
40500142,1000,1000,0.6586460508357779,0.663
40589607,1000,1000,1.121319828004346,0.057
40626022,1000,1000,1.3171095696047401,0.219
40703521,1000,1000,1.4702116860343044,0.454
40735323,1000,1000,3.969849154526832,0.985
40779729,1000,1000,1.876534302142745,0.313
40867253,1000,1000,1.5573090588005059,0.586
40918470,1000,1000,0.9015165059351091,0.07
40994220,1000,1000,0.6654138347583914,0.238
41137061,1000,1000,0.6096815643653668,0.348
41153362,1000,1000,1.3483225144713455,0.109
41198839,1000,1000,0.9401141052026398,0.059
41216727,1000,1000,0.7733623845667117,0.268
41252049,1000,1000,1.1751790023184532,0.089
41337795,1000,1000,0.6891500781607578,0.193
41357226,1000,1000,0.9392324020676541,0.072
41388608,1000,1000,1.1291476826166376,0.143
41505248,1000,1000,2.125633275766076,0.563
41507856,1000,1000,0.8994523359687197,0.064
41533176,1000,1000,2.025219959009622,0.658
41582171,1000,1000,1.0553764171268667,0.044
41584451,1000,1000,0.5276579392990854,0.969
41668898,1000,1000,1.0469095335431935,0.085
41685329,1000,1000,2.1188047225285143,0.829
41715136,1000,1000,0.7514653443154983,0.297
41727459,1000,1000,1.910699637841211,0.755
41809788,1000,1000,1.6172457001841005,0.598
41836241,1000,1000,1.6574898881963591,0.232
41836296,1000,1000,0.6039134032414195,0.619
41862905,1000,1000,0.32213188525382175,0.99
41870815,1000,1000,1.9826410194546669,0.947
41971137,1000,1000,1.0091169148046943,0.055
41981124,1000,1000,0.882703321368367,0.018
41992284,1000,1000,1.1822283610498956,0.059
42030617,1000,1000,2.0766125314489083,0.581
42052292,1000,1000,0.9326297240302812,0.093
42059994,1000,1000,1.9872043576304925,0.715
42159275,1000,1000,1.1881371278427566,0.058
42164400,1000,1000,2.621792821378054,0.944
42215586,1000,1000,0.8571024677915066,0.207
42220482,1000,1000,0.37051196872274605,0.992
42244509,1000,1000,0.918525157829337,0.092
42251607,1000,1000,1.0006062134750808,0.047
42279297,1000,1000,1.6100724712663272,0.443
42319469,1000,1000,1.7871883713492425,0.583
42371282,1000,1000,1.9563409275607677,0.657
42421957,1000,1000,1.0262142614572474,0.04
42436233,1000,1000,1.3660248998478628,0.269
42436798,1000,1000,0.9754437821449632,0.047
42482080,1000,1000,0.7383436055671108,0.239
42493447,1000,1000,1.3578721860064142,0.106
42500328,1000,1000,0.6336195043413699,0.609
42555166,1000,1000,0.6043383711699652,0.22
42576531,1000,1000,1.016970962467346,0.046
